reference,clauseAtom,Verse,Rare Terms,Clause,SatCount,SATELLITE: ,prepCount,ObjCount,Function,Category,(Preposition) + Objects,preposition,SATELLITE: ,prepCount,ObjCount,Function,Category,(Preposition) + Objects,preposition
"('Deuteronomy', 31, 16)",536065,וַיֹּ֤אמֶר יְהוָה֙ אֶל־מֹשֶׁ֔ה הִנְּךָ֥ שֹׁכֵ֖ב עִם־אֲבֹתֶ֑יךָ וְקָם֩ הָעָ֨ם הַזֶּ֜ה וְזָנָ֣ה׀ אַחֲרֵ֣י׀ אֱלֹהֵ֣י נֵֽכַר־הָאָ֗רֶץ אֲשֶׁ֨ר ה֤וּא בָא־שָׁ֨מָּה֙ בְּקִרְבֹּ֔ו וַעֲזָבַ֕נִי וְהֵפֵר֙ אֶת־בְּרִיתִ֔י אֲשֶׁ֥ר כָּרַ֖תִּי אִתֹּֽו׃ ,,הִנְּךָ֥ שֹׁכֵ֖ב עִם־אֲבֹתֶ֑יךָ ,1,668165,1,1,Cmpl,death,עִם אֲבֹתֶ֑יךָ,עמ,,,,,,,
"('1_Kings', 15, 8)",551428,וַיִּשְׁכַּ֤ב אֲבִיָּם֙ עִם־אֲבֹתָ֔יו וַיִּקְבְּר֥וּ אֹתֹ֖ו בְּעִ֣יר דָּוִ֑ד וַיִּמְלֹ֛ךְ אָסָ֥א בְנֹ֖ו תַּחְתָּֽיו׃ פ ,"('>BJM/', 'Abijah')",וַיִּשְׁכַּ֤ב אֲבִיָּם֙ עִם־אֲבֹתָ֔יו ,1,713724,1,1,Cmpl,death,עִם אֲבֹתָ֔יו,עמ,,,,,,,
"('2_Chronicles', 32, 33)",604682,וַיִּשְׁכַּ֨ב יְחִזְקִיָּ֜הוּ עִם־אֲבֹתָ֗יו וַֽיִּקְבְּרֻהוּ֮ בְּֽמַעֲלֵה֮ קִבְרֵ֣י בְנֵי־דָוִיד֒ וְכָבֹוד֙ עָֽשׂוּ־לֹ֣ו בְמֹותֹ֔ו כָּל־יְהוּדָ֖ה וְיֹשְׁבֵ֣י יְרוּשָׁלִָ֑ם וַיִּמְלֹ֛ךְ מְנַשֶּׁ֥ה בְנֹ֖ו תַּחְתָּֽיו׃ פ ,,וַיִּשְׁכַּ֨ב יְחִזְקִיָּ֜הוּ עִם־אֲבֹתָ֗יו ,1,856968,1,1,Cmpl,death,עִם אֲבֹתָ֗יו,עמ,,,,,,,
"('2_Kings', 15, 22)",555029,וַיִּשְׁכַּ֥ב מְנַחֵ֖ם עִם־אֲבֹתָ֑יו וַיִּמְלֹ֛ךְ פְּקַחְיָ֥ה בְנֹ֖ו תַּחְתָּֽיו׃ פ ,"('MNXM/', 'Menahem')",וַיִּשְׁכַּ֥ב מְנַחֵ֖ם עִם־אֲבֹתָ֑יו ,1,723818,1,1,Cmpl,death,עִם אֲבֹתָ֑יו,עמ,,,,,,,
"('1_Kings', 2, 10)",549411,וַיִּשְׁכַּ֥ב דָּוִ֖ד עִם־אֲבֹתָ֑יו וַיִּקָּבֵ֖ר בְּעִ֥יר דָּוִֽד׃ פ ,,וַיִּשְׁכַּ֥ב דָּוִ֖ד עִם־אֲבֹתָ֑יו ,1,707791,1,1,Cmpl,death,עִם אֲבֹתָ֑יו,עמ,,,,,,,
"('2_Kings', 10, 35)",554545,וַיִּשְׁכַּ֤ב יֵהוּא֙ עִם־אֲבֹתָ֔יו וַיִּקְבְּר֥וּ אֹתֹ֖ו בְּשֹׁמְרֹ֑ון וַיִּמְלֹ֛ךְ יְהֹואָחָ֥ז בְּנֹ֖ו תַּחְתָּֽיו׃ ,,וַיִּשְׁכַּ֤ב יֵהוּא֙ עִם־אֲבֹתָ֔יו ,1,722361,1,1,Cmpl,death,עִם אֲבֹתָ֔יו,עמ,,,,,,,
"('2_Chronicles', 28, 27)",604212,וַיִּשְׁכַּ֨ב אָחָ֜ז עִם־אֲבֹתָ֗יו וַֽיִּקְבְּרֻ֤הוּ בָעִיר֙ בִּיר֣וּשָׁלִַ֔ם כִּ֚י לֹ֣א הֱבִיאֻ֔הוּ לְקִבְרֵ֖י מַלְכֵ֣י יִשְׂרָאֵ֑ל וַיִּמְלֹ֛ךְ יְחִזְקִיָּ֥הֽוּ בְנֹ֖ו תַּחְתָּֽיו׃ פ ,,וַיִּשְׁכַּ֨ב אָחָ֜ז עִם־אֲבֹתָ֗יו ,1,855577,1,1,Cmpl,death,עִם אֲבֹתָ֗יו,עמ,,,,,,,
"('1_Kings', 15, 24)",551486,וַיִּשְׁכַּ֤ב אָסָא֙ עִם־אֲבֹתָ֔יו וַיִּקָּבֵר֙ עִם־אֲבֹתָ֔יו בְּעִ֖יר דָּוִ֣ד אָבִ֑יו וַיִּמְלֹ֛ךְ יְהֹושָׁפָ֥ט בְּנֹ֖ו תַּחְתָּֽיו׃ פ ,,וַיִּשְׁכַּ֤ב אָסָא֙ עִם־אֲבֹתָ֔יו ,1,713895,1,1,Cmpl,death,עִם אֲבֹתָ֔יו,עמ,,,,,,,
"('2_Kings', 15, 38)",555078,וַיִּשְׁכַּ֤ב יֹותָם֙ עִם־אֲבֹתָ֔יו וַיִּקָּבֵר֙ עִם־אֲבֹתָ֔יו בְּעִ֖יר דָּוִ֣ד אָבִ֑יו וַיִּמְלֹ֛ךְ אָחָ֥ז בְּנֹ֖ו תַּחְתָּֽיו׃ פ ,"('JWTM/', 'Jotham')",וַיִּשְׁכַּ֤ב יֹותָם֙ עִם־אֲבֹתָ֔יו ,1,723962,1,1,Cmpl,death,עִם אֲבֹתָ֔יו,עמ,,,,,,,
"('2_Chronicles', 33, 20)",604772,וַיִּשְׁכַּ֤ב מְנַשֶּׁה֙ עִם־אֲבֹתָ֔יו וַֽיִּקְבְּרֻ֖הוּ בֵּיתֹ֑ו וַיִּמְלֹ֛ךְ אָמֹ֥ון בְּנֹ֖ו תַּחְתָּֽיו׃ פ ,,וַיִּשְׁכַּ֤ב מְנַשֶּׁה֙ עִם־אֲבֹתָ֔יו ,1,857231,1,1,Cmpl,death,עִם אֲבֹתָ֔יו,עמ,,,,,,,
"('1_Kings', 16, 6)",551540,וַיִּשְׁכַּ֤ב בַּעְשָׁא֙ עִם־אֲבֹתָ֔יו וַיִּקָּבֵ֖ר בְּתִרְצָ֑ה וַיִּמְלֹ֛ךְ אֵלָ֥ה בְנֹ֖ו תַּחְתָּֽיו׃ ,"('B<C>/', 'Baasha')",וַיִּשְׁכַּ֤ב בַּעְשָׁא֙ עִם־אֲבֹתָ֔יו ,1,714056,1,1,Cmpl,death,עִם אֲבֹתָ֔יו,עמ,,,,,,,
"('2_Chronicles', 12, 16)",602750,וַיִּשְׁכַּ֤ב רְחַבְעָם֙ עִם־אֲבֹתָ֔יו וַיִּקָּבֵ֖ר בְּעִ֣יר דָּוִ֑יד וַיִּמְלֹ֛ךְ אֲבִיָּ֥ה בְנֹ֖ו תַּחְתָּֽיו׃ פ ,,וַיִּשְׁכַּ֤ב רְחַבְעָם֙ עִם־אֲבֹתָ֔יו ,1,851291,1,1,Cmpl,death,עִם אֲבֹתָ֔יו,עמ,,,,,,,
"('2_Kings', 8, 24)",554126,וַיִּשְׁכַּ֤ב יֹורָם֙ עִם־אֲבֹתָ֔יו וַיִּקָּבֵ֥ר עִם־אֲבֹתָ֖יו בְּעִ֣יר דָּוִ֑ד וַיִּמְלֹ֛ךְ אֲחַזְיָ֥הוּ בְנֹ֖ו תַּחְתָּֽיו׃ פ ,"('JWRM/', 'Joram')",וַיִּשְׁכַּ֤ב יֹורָם֙ עִם־אֲבֹתָ֔יו ,1,721228,1,1,Cmpl,death,עִם אֲבֹתָ֔יו,עמ,,,,,,,
"('2_Kings', 16, 20)",555158,וַיִּשְׁכַּ֤ב אָחָז֙ עִם־אֲבֹתָ֔יו וַיִּקָּבֵ֥ר עִם־אֲבֹתָ֖יו בְּעִ֣יר דָּוִ֑ד וַיִּמְלֹ֛ךְ חִזְקִיָּ֥הוּ בְנֹ֖ו תַּחְתָּֽיו׃ פ ,,וַיִּשְׁכַּ֤ב אָחָז֙ עִם־אֲבֹתָ֔יו ,1,724208,1,1,Cmpl,death,עִם אֲבֹתָ֔יו,עמ,,,,,,,
"('2_Kings', 24, 6)",556182,וַיִּשְׁכַּ֥ב יְהֹויָקִ֖ים עִם־אֲבֹתָ֑יו וַיִּמְלֹ֛ךְ יְהֹויָכִ֥ין בְּנֹ֖ו תַּחְתָּֽיו׃ ,,וַיִּשְׁכַּ֥ב יְהֹויָקִ֖ים עִם־אֲבֹתָ֑יו ,1,727200,1,1,Cmpl,death,עִם אֲבֹתָ֑יו,עמ,,,,,,,
"('Genesis', 47, 30)",520366,וְשָֽׁכַבְתִּי֙ עִם־אֲבֹתַ֔י וּנְשָׂאתַ֨נִי֙ מִמִּצְרַ֔יִם וּקְבַרְתַּ֖נִי בִּקְבֻרָתָ֑ם וַיֹּאמַ֕ר אָנֹכִ֖י אֶֽעֱשֶׂ֥ה כִדְבָרֶֽךָ׃ ,,וְשָֽׁכַבְתִּי֙ עִם־אֲבֹתַ֔י ,1,622154,1,1,Cmpl,death,עִם אֲבֹתַ֔י,עמ,,,,,,,
"('1_Kings', 16, 28)",551632,וַיִּשְׁכַּ֤ב עָמְרִי֙ עִם־אֲבֹתָ֔יו וַיִּקָּבֵ֖ר בְּשֹׁמְרֹ֑ון וַיִּמְלֹ֛ךְ אַחְאָ֥ב בְּנֹ֖ו תַּחְתָּֽיו׃ פ ,"('<MRJ/', 'Omri')",וַיִּשְׁכַּ֤ב עָמְרִי֙ עִם־אֲבֹתָ֔יו ,1,714315,1,1,Cmpl,death,עִם אֲבֹתָ֔יו,עמ,,,,,,,
"('2_Chronicles', 13, 23)",602836,וַיִּשְׁכַּ֨ב אֲבִיָּ֜ה עִם־אֲבֹתָ֗יו וַיִּקְבְּר֤וּ אֹתֹו֙ בְּעִ֣יר דָּוִ֔יד וַיִּמְלֹ֛ךְ אָסָ֥א בְנֹ֖ו תַּחְתָּ֑יו בְּיָמָ֛יו שָׁקְטָ֥ה הָאָ֖רֶץ עֶ֥שֶׂר שָׁנִֽים׃ פ ,"('>BJH/', 'Abijah')",וַיִּשְׁכַּ֨ב אֲבִיָּ֜ה עִם־אֲבֹתָ֗יו ,1,851558,1,1,Cmpl,death,עִם אֲבֹתָ֗יו,עמ,,,,,,,
"('2_Kings', 20, 21)",555781,וַיִּשְׁכַּ֥ב חִזְקִיָּ֖הוּ עִם־אֲבֹתָ֑יו וַיִּמְלֹ֛ךְ מְנַשֶּׁ֥ה בְנֹ֖ו תַּחְתָּֽיו׃ פ ,,וַיִּשְׁכַּ֥ב חִזְקִיָּ֖הוּ עִם־אֲבֹתָ֑יו ,1,726031,1,1,Cmpl,death,עִם אֲבֹתָ֑יו,עמ,,,,,,,
"('2_Kings', 13, 9)",554762,וַיִּשְׁכַּ֤ב יְהֹֽואָחָז֙ עִם־אֲבֹתָ֔יו וַֽיִּקְבְּרֻ֖הוּ בְּשֹׁמְרֹ֑ון וַיִּמְלֹ֛ךְ יֹואָ֥שׁ בְּנֹ֖ו תַּחְתָּֽיו׃ פ ,"('JHW>XZ/', 'Jehoahaz')",וַיִּשְׁכַּ֤ב יְהֹֽואָחָז֙ עִם־אֲבֹתָ֔יו ,1,723024,1,1,Cmpl,death,עִם אֲבֹתָ֔יו,עמ,,,,,,,
"('2_Kings', 13, 13)",554776,וַיִּשְׁכַּ֤ב יֹואָשׁ֙ עִם־אֲבֹתָ֔יו וְיָרָבְעָ֖ם יָשַׁ֣ב עַל־כִּסְאֹ֑ו וַיִּקָּבֵ֤ר יֹואָשׁ֙ בְּשֹׁ֣מְרֹ֔ון עִ֖ם מַלְכֵ֥י יִשְׂרָאֵֽל׃ פ ,,וַיִּשְׁכַּ֤ב יֹואָשׁ֙ עִם־אֲבֹתָ֔יו ,1,723066,1,1,Cmpl,death,עִם אֲבֹתָ֔יו,עמ,,,,,,,
"('2_Chronicles', 26, 2)",603983,ה֚וּא בָּנָ֣ה אֶת־אֵילֹ֔ות וַיְשִׁיבֶ֖הָ לִֽיהוּדָ֑ה אַחֲרֵ֥י שְׁכַֽב־הַמֶּ֖לֶךְ עִם־אֲבֹתָֽיו׃ פ ,,אַחֲרֵ֥י שְׁכַֽב־הַמֶּ֖לֶךְ עִם־אֲבֹתָֽיו׃ פ ,1,854899,1,1,Adju,death,עִם אֲבֹתָֽיו,עמ,,,,,,,
"('1_Kings', 22, 40)",552787,וַיִּשְׁכַּ֥ב אַחְאָ֖ב עִם־אֲבֹתָ֑יו וַיִּמְלֹ֛ךְ אֲחַזְיָ֥הוּ בְנֹ֖ו תַּחְתָּֽיו׃ פ ,,וַיִּשְׁכַּ֥ב אַחְאָ֖ב עִם־אֲבֹתָ֑יו ,1,717502,1,1,Cmpl,death,עִם אֲבֹתָ֑יו,עמ,,,,,,,
"('2_Kings', 21, 18)",555865,וַיִּשְׁכַּ֤ב מְנַשֶּׁה֙ עִם־אֲבֹתָ֔יו וַיִּקָּבֵ֥ר בְּגַן־בֵּיתֹ֖ו בְּגַן־עֻזָּ֑א וַיִּמְלֹ֛ךְ אָמֹ֥ון בְּנֹ֖ו תַּחְתָּֽיו׃ פ ,,וַיִּשְׁכַּ֤ב מְנַשֶּׁה֙ עִם־אֲבֹתָ֔יו ,1,726261,1,1,Cmpl,death,עִם אֲבֹתָ֔יו,עמ,,,,,,,
"('2_Chronicles', 21, 1)",603481,וַיִּשְׁכַּ֤ב יְהֹֽושָׁפָט֙ עִם־אֲבֹתָ֔יו וַיִּקָּבֵ֥ר עִם־אֲבֹתָ֖יו בְּעִ֣יר דָּוִ֑יד וַיִּמְלֹ֛ךְ יְהֹורָ֥ם בְּנֹ֖ו תַּחְתָּֽיו׃ ,,וַיִּשְׁכַּ֤ב יְהֹֽושָׁפָט֙ עִם־אֲבֹתָ֔יו ,1,853407,1,1,Cmpl,death,עִם אֲבֹתָ֔יו,עמ,,,,,,,
"('1_Kings', 1, 21)",549213,וְהָיָ֕ה כִּשְׁכַ֥ב אֲדֹנִֽי־הַמֶּ֖לֶךְ עִם־אֲבֹתָ֑יו וְהָיִ֗יתִי אֲנִ֛י וּבְנִ֥י שְׁלֹמֹ֖ה חַטָּאִֽים׃ ,,כִּשְׁכַ֥ב אֲדֹנִֽי־הַמֶּ֖לֶךְ עִם־אֲבֹתָ֑יו ,1,707209,1,1,Cmpl,death,עִם אֲבֹתָ֑יו,עמ,,,,,,,
"('1_Kings', 22, 51)",552818,וַיִּשְׁכַּ֤ב יְהֹֽושָׁפָט֙ עִם־אֲבֹתָ֔יו וַיִּקָּבֵר֙ עִם־אֲבֹתָ֔יו בְּעִ֖יר דָּוִ֣ד אָבִ֑יו וַיִּמְלֹ֛ךְ יְהֹורָ֥ם בְּנֹ֖ו תַּחְתָּֽיו׃ ס ,,וַיִּשְׁכַּ֤ב יְהֹֽושָׁפָט֙ עִם־אֲבֹתָ֔יו ,1,717598,1,1,Cmpl,death,עִם אֲבֹתָ֔יו,עמ,,,,,,,
"('1_Kings', 11, 21)",550792,וַהֲדַ֞ד שָׁמַ֣ע בְּמִצְרַ֗יִם כִּֽי־שָׁכַ֤ב דָּוִד֙ עִם־אֲבֹתָ֔יו וְכִי־מֵ֖ת יֹואָ֣ב שַֽׂר־הַצָּבָ֑א וַיֹּ֤אמֶר הֲדַד֙ אֶל־פַּרְעֹ֔ה שַׁלְּחֵ֖נִי וְאֵלֵ֥ךְ אֶל־אַרְצִֽי׃ ,,כִּֽי־שָׁכַ֤ב דָּוִד֙ עִם־אֲבֹתָ֔יו ,1,711829,1,1,Cmpl,death,עִם אֲבֹתָ֔יו,עמ,,,,,,,
"('2_Chronicles', 16, 13)",603017,וַיִּשְׁכַּ֥ב אָסָ֖א עִם־אֲבֹתָ֑יו וַיָּ֕מָת בִּשְׁנַ֛ת אַרְבָּעִ֥ים וְאַחַ֖ת לְמָלְכֹֽו׃ ,,וַיִּשְׁכַּ֥ב אָסָ֖א עִם־אֲבֹתָ֑יו ,1,852090,1,1,Cmpl,death,עִם אֲבֹתָ֑יו,עמ,,,,,,,
"('2_Chronicles', 9, 31)",602513,וַיִּשְׁכַּ֤ב שְׁלֹמֹה֙ עִם־אֲבֹתָ֔יו וַֽיִּקְבְּרֻ֔הוּ בְּעִ֖יר דָּוִ֣יד אָבִ֑יו וַיִּמְלֹ֛ךְ רְחַבְעָ֥ם בְּנֹ֖ו תַּחְתָּֽיו׃ פ ,,וַיִּשְׁכַּ֤ב שְׁלֹמֹה֙ עִם־אֲבֹתָ֔יו ,1,850607,1,1,Cmpl,death,עִם אֲבֹתָ֔יו,עמ,,,,,,,
"('2_Kings', 14, 16)",554911,וַיִּשְׁכַּ֤ב יְהֹואָשׁ֙ עִם־אֲבֹתָ֔יו וַיִּקָּבֵר֙ בְּשֹׁ֣מְרֹ֔ון עִ֖ם מַלְכֵ֣י יִשְׂרָאֵ֑ל וַיִּמְלֹ֛ךְ יָרָבְעָ֥ם בְּנֹ֖ו תַּחְתָּֽיו׃ פ ,"('JHW>C/', 'Jehoash')",וַיִּשְׁכַּ֤ב יְהֹואָשׁ֙ עִם־אֲבֹתָ֔יו ,1,723454,1,1,Cmpl,death,עִם אֲבֹתָ֔יו,עמ,,,,,,,
"('2_Chronicles', 26, 23)",604071,וַיִּשְׁכַּ֨ב עֻזִּיָּ֜הוּ עִם־אֲבֹתָ֗יו וַיִּקְבְּר֨וּ אֹתֹ֤ו עִם־אֲבֹתָיו֙ בִּשְׂדֵ֤ה הַקְּבוּרָה֙ אֲשֶׁ֣ר לַמְּלָכִ֔ים כִּ֥י אָמְר֖וּ מְצֹורָ֣ע ה֑וּא וַיִּמְלֹ֛ךְ יֹותָ֥ם בְּנֹ֖ו תַּחְתָּֽיו׃ פ ,"('<ZJHW/', 'Uzziah')",וַיִּשְׁכַּ֨ב עֻזִּיָּ֜הוּ עִם־אֲבֹתָ֗יו ,1,855144,1,1,Adju,death,עִם אֲבֹתָ֗יו,עמ,,,,,,,
"('2_Kings', 14, 22)",554928,ה֚וּא בָּנָ֣ה אֶת־אֵילַ֔ת וַיְשִׁבֶ֖הָ לִֽיהוּדָ֑ה אַחֲרֵ֥י שְׁכַֽב־הַמֶּ֖לֶךְ עִם־אֲבֹתָֽיו׃ פ ,,אַחֲרֵ֥י שְׁכַֽב־הַמֶּ֖לֶךְ עִם־אֲבֹתָֽיו׃ פ ,1,723517,1,1,Cmpl,death,עִם אֲבֹתָֽיו,עמ,,,,,,,
"('1_Kings', 14, 20)",551368,וְהַיָּמִים֙ אֲשֶׁ֣ר מָלַ֣ךְ יָרָבְעָ֔ם עֶשְׂרִ֥ים וּשְׁתַּ֖יִם שָׁנָ֑ה וַיִּשְׁכַּב֙ עִם־אֲבֹתָ֔יו וַיִּמְלֹ֛ךְ נָדָ֥ב בְּנֹ֖ו תַּחְתָּֽיו׃ פ ,,וַיִּשְׁכַּב֙ עִם־אֲבֹתָ֔יו ,1,713529,1,1,Cmpl,death,עִם אֲבֹתָ֔יו,עמ,,,,,,,
"('2_Kings', 14, 29)",554953,וַיִּשְׁכַּ֤ב יָֽרָבְעָם֙ עִם־אֲבֹתָ֔יו עִ֖ם מַלְכֵ֣י יִשְׂרָאֵ֑ל וַיִּמְלֹ֛ךְ זְכַרְיָ֥ה בְנֹ֖ו תַּחְתָּֽיו׃ פ ,,וַיִּשְׁכַּ֤ב יָֽרָבְעָם֙ עִם־אֲבֹתָ֔יו עִ֖ם מַלְכֵ֣י יִשְׂרָאֵ֑ל ,1,723589,1,1,Cmpl,death,עִם אֲבֹתָ֔יו,עמ,,,,,,,
"('2_Chronicles', 27, 9)",604103,וַיִּשְׁכַּ֤ב יֹותָם֙ עִם־אֲבֹתָ֔יו וַיִּקְבְּר֥וּ אֹתֹ֖ו בְּעִ֣יר דָּוִ֑יד וַיִּמְלֹ֛ךְ אָחָ֥ז בְּנֹ֖ו תַּחְתָּֽיו׃ פ ,"('JWTM/', 'Jotham')",וַיִּשְׁכַּ֤ב יֹותָם֙ עִם־אֲבֹתָ֔יו ,1,855243,1,1,Cmpl,death,עִם אֲבֹתָ֔יו,עמ,,,,,,,
"('2_Kings', 15, 7)",554975,וַיִּשְׁכַּ֤ב עֲזַרְיָה֙ עִם־אֲבֹתָ֔יו וַיִּקְבְּר֥וּ אֹתֹ֛ו עִם־אֲבֹתָ֖יו בְּעִ֣יר דָּוִ֑ד וַיִּמְלֹ֛ךְ יֹותָ֥ם בְּנֹ֖ו תַּחְתָּֽיו׃ פ ,,וַיִּשְׁכַּ֤ב עֲזַרְיָה֙ עִם־אֲבֹתָ֔יו ,1,723654,1,1,Cmpl,death,עִם אֲבֹתָ֔יו,עמ,,,,,,,
"('1_Kings', 11, 43)",550890,וַיִּשְׁכַּ֤ב שְׁלֹמֹה֙ עִם־אֲבֹתָ֔יו וַיִּ֨קָּבֵ֔ר בְּעִ֖יר דָּוִ֣ד אָבִ֑יו וַיִּמְלֹ֛ךְ רְחַבְעָ֥ם בְּנֹ֖ו תַּחְתָּֽיו׃ ס ,,וַיִּשְׁכַּ֤ב שְׁלֹמֹה֙ עִם־אֲבֹתָ֔יו ,1,712139,1,1,Cmpl,death,עִם אֲבֹתָ֔יו,עמ,,,,,,,
"('1_Kings', 14, 31)",551405,וַיִּשְׁכַּ֨ב רְחַבְעָ֜ם עִם־אֲבֹתָ֗יו וַיִּקָּבֵ֤ר עִם־אֲבֹתָיו֙ בְּעִ֣יר דָּוִ֔ד וְשֵׁ֣ם אִמֹּ֔ו נַעֲמָ֖ה הָעַמֹּנִ֑ית וַיִּמְלֹ֛ךְ אֲבִיָּ֥ם בְּנֹ֖ו תַּחְתָּֽיו׃ פ ,,וַיִּשְׁכַּ֨ב רְחַבְעָ֜ם עִם־אֲבֹתָ֗יו ,1,713643,1,1,Cmpl,death,עִם אֲבֹתָ֗יו,עמ,,,,,,,
"('2_Samuel', 7, 12)",546620,כִּ֣י׀ יִמְלְא֣וּ יָמֶ֗יךָ וְשָֽׁכַבְתָּ֙ אֶת־אֲבֹתֶ֔יךָ וַהֲקִימֹתִ֤י אֶֽת־זַרְעֲךָ֙ אַחֲרֶ֔יךָ אֲשֶׁ֥ר יֵצֵ֖א מִמֵּעֶ֑יךָ וַהֲכִינֹתִ֖י אֶת־מַמְלַכְתֹּֽו׃ ,,וְשָֽׁכַבְתָּ֙ אֶת־אֲבֹתֶ֔יךָ ,1,699597,1,1,Cmpl,death,אֶת אֲבֹתֶ֔יךָ,את,,,,,,,
"('Deuteronomy', 22, 28)",535047,כִּֽי־יִמְצָ֣א אִ֗ישׁ נַעֲרָ֤ה בְתוּלָה֙ אֲשֶׁ֣ר לֹא־אֹרָ֔שָׂה וּתְפָשָׂ֖הּ וְשָׁכַ֣ב עִמָּ֑הּ וְנִמְצָֽאוּ׃ ,,וְשָׁכַ֣ב עִמָּ֑הּ ,1,665209,1,1,Cmpl,sex,עִמָּ֑הּ ָהּ,עמ,,,,,,,
"('Deuteronomy', 22, 29)",535050,וְ֠נָתַן הָאִ֨ישׁ הַשֹּׁכֵ֥ב עִמָּ֛הּ לַאֲבִ֥י הַֽנַּעֲרָ֖ה חֲמִשִּׁ֣ים כָּ֑סֶף וְלֹֽו־תִהְיֶ֣ה לְאִשָּׁ֗ה תַּ֚חַת אֲשֶׁ֣ר עִנָּ֔הּ לֹא־יוּכַ֥ל שַׁלְּחָ֖הּ כָּל־יָמָֽיו׃ ס ,,הַשֹּׁכֵ֥ב עִמָּ֛הּ ,1,665217,1,1,Cmpl,sex,עִמָּ֛הּ ָהּ,עמ,,,,,,,
"('Genesis', 39, 14)",519179,וַתִּקְרָ֞א לְאַנְשֵׁ֣י בֵיתָ֗הּ וַתֹּ֤אמֶר לָהֶם֙ לֵאמֹ֔ר רְא֗וּ הֵ֥בִיא לָ֛נוּ אִ֥ישׁ עִבְרִ֖י לְצַ֣חֶק בָּ֑נוּ בָּ֤א אֵלַי֙ לִשְׁכַּ֣ב עִמִּ֔י וָאֶקְרָ֖א בְּקֹ֥ול גָּדֹֽול׃ ,,לִשְׁכַּ֣ב עִמִּ֔י ,1,618632,1,1,Cmpl,sex,עִמִּ֔י ִי,עמ,,,,,,,
"('Leviticus', 15, 33)",526932,וְהַדָּוָה֙ בְּנִדָּתָ֔הּ וְהַזָּב֙ אֶת־זֹובֹ֔ו לַזָּכָ֖ר וְלַנְּקֵבָ֑ה וּלְאִ֕ישׁ אֲשֶׁ֥ר יִשְׁכַּ֖ב עִם־טְמֵאָֽה׃ פ ,,אֲשֶׁ֥ר יִשְׁכַּ֖ב עִם־טְמֵאָֽה׃ פ ,1,641537,1,1,Cmpl,sex,עִם טְמֵאָֽה,עמ,,,,,,,
"('2_Samuel', 11, 4)",546933,וַיִּשְׁלַח֩ דָּוִ֨ד מַלְאָכִ֜ים וַיִּקָּחֶ֗הָ וַתָּבֹ֤וא אֵלָיו֙ וַיִּשְׁכַּ֣ב עִמָּ֗הּ וְהִ֥יא מִתְקַדֶּ֖שֶׁת מִטֻּמְאָתָ֑הּ וַתָּ֖שָׁב אֶל־בֵּיתָֽהּ׃ ,,וַיִּשְׁכַּ֣ב עִמָּ֗הּ ,1,700560,1,1,Cmpl,sex,עִמָּ֗הּ ָהּ,עמ,,,,,,,
"('2_Samuel', 11, 11)",546965,וַיֹּ֨אמֶר אוּרִיָּ֜ה אֶל־דָּוִ֗ד הָ֠אָרֹון וְיִשְׂרָאֵ֨ל וִֽיהוּדָ֜ה יֹשְׁבִ֣ים בַּסֻּכֹּ֗ות וַאדֹנִ֨י יֹואָ֜ב וְעַבְדֵ֤י אֲדֹנִ֨י עַל־פְּנֵ֤י הַשָּׂדֶה֙ חֹנִ֔ים וַאֲנִ֞י אָבֹ֧וא אֶל־בֵּיתִ֛י לֶאֱכֹ֥ל וְלִשְׁתֹּ֖ות וְלִשְׁכַּ֣ב עִם־אִשְׁתִּ֑י חַיֶּ֨ךָ֙ וְחֵ֣י נַפְשֶׁ֔ךָ אִֽם־אֶעֱשֶׂ֖ה אֶת־הַדָּבָ֥ר הַזֶּֽה׃ ,,וְלִשְׁכַּ֣ב עִם־אִשְׁתִּ֑י ,1,700667,1,1,Cmpl,sex,עִם אִשְׁתִּ֑י,עמ,,,,,,,
"('Genesis', 30, 16)",517879,וַיָּבֹ֨א יַעֲקֹ֣ב מִן־הַשָּׂדֶה֮ בָּעֶרֶב֒ וַתֵּצֵ֨א לֵאָ֜ה לִקְרָאתֹ֗ו וַתֹּ֨אמֶר֙ אֵלַ֣י תָּבֹ֔וא כִּ֚י שָׂכֹ֣ר שְׂכַרְתִּ֔יךָ בְּדוּדָאֵ֖י בְּנִ֑י וַיִּשְׁכַּ֥ב עִמָּ֖הּ בַּלַּ֥יְלָה הֽוּא׃ ,,וַיִּשְׁכַּ֥ב עִמָּ֖הּ בַּלַּ֥יְלָה הֽוּא׃ ,1,614853,1,1,Cmpl,sex,עִמָּ֖הּ ָהּ,עמ,,,,,,,
"('Genesis', 19, 32)",516361,לְכָ֨ה נַשְׁקֶ֧ה אֶת־אָבִ֛ינוּ יַ֖יִן וְנִשְׁכְּבָ֣ה עִמֹּ֑ו וּנְחַיֶּ֥ה מֵאָבִ֖ינוּ זָֽרַע׃ ,,וְנִשְׁכְּבָ֣ה עִמֹּ֑ו ,1,610372,1,1,Cmpl,sex,עִמֹּ֑ו ֹו,עמ,,,,,,,
"('Genesis', 19, 34)",516374,וַֽיְהִי֙ מִֽמָּחֳרָ֔ת וַתֹּ֤אמֶר הַבְּכִירָה֙ אֶל־הַצְּעִירָ֔ה הֵן־שָׁכַ֥בְתִּי אֶ֖מֶשׁ אֶת־אָבִ֑י נַשְׁקֶ֨נּוּ יַ֜יִן גַּם־הַלַּ֗יְלָה וּבֹ֨אִי֙ שִׁכְבִ֣י עִמֹּ֔ו וּנְחַיֶּ֥ה מֵאָבִ֖ינוּ זָֽרַע׃ ,,שִׁכְבִ֣י עִמֹּ֔ו ,1,610411,1,1,Cmpl,sex,עִמֹּ֔ו ֹו,עמ,,,,,,,
"('Genesis', 19, 35)",516378,וַתַּשְׁקֶ֜יןָ גַּ֣ם בַּלַּ֧יְלָה הַה֛וּא אֶת־אֲבִיהֶ֖ן יָ֑יִן וַתָּ֤קָם הַצְּעִירָה֙ וַתִּשְׁכַּ֣ב עִמֹּ֔ו וְלֹֽא־יָדַ֥ע בְּשִׁכְבָ֖הּ וּבְקֻמָֽהּ׃ ,,וַתִּשְׁכַּ֣ב עִמֹּ֔ו ,1,610426,1,1,Cmpl,sex,עִמֹּ֔ו ֹו,עמ,,,,,,,
"('2_Samuel', 12, 24)",547182,וַיְנַחֵ֣ם דָּוִ֗ד אֵ֚ת בַּת־שֶׁ֣בַע אִשְׁתֹּ֔ו וַיָּבֹ֥א אֵלֶ֖יהָ וַיִּשְׁכַּ֣ב עִמָּ֑הּ וַתֵּ֣לֶד בֵּ֗ן וַתִּקְרָ֤א אֶת־שְׁמֹו֙ שְׁלֹמֹ֔ה וַיהוָ֖ה אֲהֵבֹֽו׃ ,,וַיִּשְׁכַּ֣ב עִמָּ֑הּ ,1,701320,1,1,Cmpl,sex,עִמָּ֑הּ ָהּ,עמ,,,,,,,
"('Deuteronomy', 27, 20)",535479,אָר֗וּר שֹׁכֵב֙ עִם־אֵ֣שֶׁת אָבִ֔יו כִּ֥י גִלָּ֖ה כְּנַ֣ף אָבִ֑יו וְאָמַ֥ר כָּל־הָעָ֖ם אָמֵֽן׃ ס ,,שֹׁכֵב֙ עִם־אֵ֣שֶׁת אָבִ֔יו ,1,666493,1,1,Cmpl,sex,עִם אֵ֣שֶׁת,עמ,,,,,,,
"('Deuteronomy', 27, 22)",535488,אָר֗וּר שֹׁכֵב֙ עִם־אֲחֹתֹ֔ו בַּת־אָבִ֖יו אֹ֣ו בַת־אִמֹּ֑ו וְאָמַ֥ר כָּל־הָעָ֖ם אָמֵֽן׃ ס ,,שֹׁכֵב֙ עִם־אֲחֹתֹ֔ו בַּת־אָבִ֖יו אֹ֣ו בַת־אִמֹּ֑ו ,1,666510,1,1,Cmpl,sex,עִם אֲחֹתֹ֔ו,עמ,,,,,,,
"('Exodus', 22, 15)",523201,וְכִֽי־יְפַתֶּ֣ה אִ֗ישׁ בְּתוּלָ֛ה אֲשֶׁ֥ר לֹא־אֹרָ֖שָׂה וְשָׁכַ֣ב עִמָּ֑הּ מָהֹ֛ר יִמְהָרֶ֥נָּה לֹּ֖ו לְאִשָּֽׁה׃ ,,וְשָׁכַ֣ב עִמָּ֑הּ ,1,630511,1,1,Cmpl,sex,עִמָּ֑הּ ָהּ,עמ,,,,,,,
"('Deuteronomy', 27, 23)",535492,אָר֕וּר שֹׁכֵ֖ב עִם־חֹֽתַנְתֹּ֑ו וְאָמַ֥ר כָּל־הָעָ֖ם אָמֵֽן׃ ס ,,שֹׁכֵ֖ב עִם־חֹֽתַנְתֹּ֑ו ,1,666517,1,1,Cmpl,sex,עִם חֹֽתַנְתֹּ֑ו,עמ,,,,,,,
"('Exodus', 22, 18)",523208,כָּל־שֹׁכֵ֥ב עִם־בְּהֵמָ֖ה מֹ֥ות יוּמָֽת׃ ס ,,שֹׁכֵ֥ב עִם־בְּהֵמָ֖ה ,1,630530,1,1,Cmpl,sex,עִם בְּהֵמָ֖ה,עמ,,,,,,,
"('2_Samuel', 13, 11)",547283,וַתַּגֵּ֥שׁ אֵלָ֖יו לֶֽאֱכֹ֑ל וַיַּֽחֲזֶק־בָּהּ֙ וַיֹּ֣אמֶר לָ֔הּ בֹּ֛ואִי שִׁכְבִ֥י עִמִּ֖י אֲחֹותִֽי׃ ,,שִׁכְבִ֥י עִמִּ֖י ,1,701614,1,1,Cmpl,sex,עִמִּ֖י ִי,עמ,,,,,,,
"('Genesis', 39, 7)",519139,וַיְהִ֗י אַחַר֙ הַדְּבָרִ֣ים הָאֵ֔לֶּה וַתִּשָּׂ֧א אֵֽשֶׁת־אֲדֹנָ֛יו אֶת־עֵינֶ֖יהָ אֶל־יֹוסֵ֑ף וַתֹּ֖אמֶר שִׁכְבָ֥ה עִמִּֽי׃ ,,שִׁכְבָ֥ה עִמִּֽי׃ ,1,618525,1,1,Cmpl,sex,עִמִּֽי ִי,עמ,,,,,,,
"('Deuteronomy', 22, 22)",535011,כִּֽי־יִמָּצֵ֨א אִ֜ישׁ שֹׁכֵ֣ב׀ עִם־אִשָּׁ֣ה בְעֻֽלַת־בַּ֗עַל וּמֵ֨תוּ֙ גַּם־שְׁנֵיהֶ֔ם הָאִ֛ישׁ הַשֹּׁכֵ֥ב עִם־הָאִשָּׁ֖ה וְהָאִשָּׁ֑ה וּבִֽעַרְתָּ֥ הָרָ֖ע מִיִּשְׂרָאֵֽל׃ ס ,"('B<L[', 'own')",שֹׁכֵ֣ב׀ עִם־אִשָּׁ֣ה בְעֻֽלַת־בַּ֗עַל ,1,665101,1,1,Cmpl,sex,עִם אִשָּׁ֣ה,עמ,,,,,,,
"('Deuteronomy', 22, 22)",535014,כִּֽי־יִמָּצֵ֨א אִ֜ישׁ שֹׁכֵ֣ב׀ עִם־אִשָּׁ֣ה בְעֻֽלַת־בַּ֗עַל וּמֵ֨תוּ֙ גַּם־שְׁנֵיהֶ֔ם הָאִ֛ישׁ הַשֹּׁכֵ֥ב עִם־הָאִשָּׁ֖ה וְהָאִשָּׁ֑ה וּבִֽעַרְתָּ֥ הָרָ֖ע מִיִּשְׂרָאֵֽל׃ ס ,,הַשֹּׁכֵ֥ב עִם־הָאִשָּׁ֖ה ,1,665108,1,1,Cmpl,sex,עִם אִשָּׁ֖ה,עמ,,,,,,,
"('Deuteronomy', 22, 23)",535020,כִּ֤י יִהְיֶה֙ נַעֲרָ֣ה בְתוּלָ֔ה מְאֹרָשָׂ֖ה לְאִ֑ישׁ וּמְצָאָ֥הּ אִ֛ישׁ בָּעִ֖יר וְשָׁכַ֥ב עִמָּֽהּ׃ ,,וְשָׁכַ֥ב עִמָּֽהּ׃ ,1,665124,1,1,Cmpl,sex,עִמָּֽהּ ָהּ,עמ,,,,,,,
"('Deuteronomy', 22, 25)",535031,וְֽאִם־בַּשָּׂדֶ֞ה יִמְצָ֣א הָאִ֗ישׁ אֶת־הַֽנַּעֲרָה֙ הַמְאֹ֣רָשָׂ֔ה וְהֶחֱזִֽיק־בָּ֥הּ הָאִ֖ישׁ וְשָׁכַ֣ב עִמָּ֑הּ וּמֵ֗ת הָאִ֛ישׁ אֲשֶׁר־שָׁכַ֥ב עִמָּ֖הּ לְבַדֹּֽו׃ ,,וְשָׁכַ֣ב עִמָּ֑הּ ,1,665163,1,1,Cmpl,sex,עִמָּ֑הּ ָהּ,עמ,,,,,,,
"('Deuteronomy', 22, 25)",535033,וְֽאִם־בַּשָּׂדֶ֞ה יִמְצָ֣א הָאִ֗ישׁ אֶת־הַֽנַּעֲרָה֙ הַמְאֹ֣רָשָׂ֔ה וְהֶחֱזִֽיק־בָּ֥הּ הָאִ֖ישׁ וְשָׁכַ֣ב עִמָּ֑הּ וּמֵ֗ת הָאִ֛ישׁ אֲשֶׁר־שָׁכַ֥ב עִמָּ֖הּ לְבַדֹּֽו׃ ,,אֲשֶׁר־שָׁכַ֥ב עִמָּ֖הּ ,1,665169,1,1,Cmpl,sex,עִמָּ֖הּ ָהּ,עמ,,,,,,,
"('Genesis', 39, 12)",519164,וַתִּתְפְּשֵׂ֧הוּ בְּבִגְדֹ֛ו לֵאמֹ֖ר שִׁכְבָ֣ה עִמִּ֑י וַיַּעֲזֹ֤ב בִּגְדֹו֙ בְּיָדָ֔הּ וַיָּ֖נָס וַיֵּצֵ֥א הַחֽוּצָה׃ ,,שִׁכְבָ֣ה עִמִּ֑י ,1,618596,1,1,Cmpl,sex,עִמִּ֑י ִי,עמ,,,,,,,
"('Genesis', 35, 22)",518668,וַיְהִ֗י בִּשְׁכֹּ֤ן יִשְׂרָאֵל֙ בָּאָ֣רֶץ הַהִ֔וא וַיֵּ֣לֶךְ רְאוּבֵ֔ן וַיִּשְׁכַּ֕ב֙ אֶת־בִּלְהָ֖ה֙ פִּילֶ֣גֶשׁ אָבִ֑֔יו וַיִּשְׁמַ֖ע יִשְׂרָאֵֽ֑ל פ וַיִּֽהְי֥וּ בְנֵֽי־יַעֲקֹ֖ב שְׁנֵ֥ים עָשָֽׂר׃ ,"('BLHH=/', '<mother of Dan Naphtali>')",וַיִּשְׁכַּ֕ב֙ אֶת־בִּלְהָ֖ה֙ פִּילֶ֣גֶשׁ אָבִ֑֔יו ,1,617170,1,1,Cmpl,sex,אֶת בִּלְהָ֖ה֙,את,,,,,,,
"('Numbers', 5, 19)",528914,וְהִשְׁבִּ֨יעַ אֹתָ֜הּ הַכֹּהֵ֗ן וְאָמַ֤ר אֶל־הָֽאִשָּׁה֙ אִם־לֹ֨א שָׁכַ֥ב אִישׁ֙ אֹתָ֔ךְ וְאִם־לֹ֥א שָׂטִ֛ית טֻמְאָ֖ה תַּ֣חַת אִישֵׁ֑ךְ הִנָּקִ֕י מִמֵּ֛י הַמָּרִ֥ים הַֽמְאָרֲרִ֖ים הָאֵֽלֶּה׃ ,,אִם־לֹ֨א שָׁכַ֥ב אִישׁ֙ אֹתָ֔ךְ ,1,647333,1,1,Objc,sex,אֹתָ֔ךְ ָכְ,את,,,,,,,
"('Leviticus', 15, 24)",526891,וְאִ֡ם שָׁכֹב֩ יִשְׁכַּ֨ב אִ֜ישׁ אֹתָ֗הּ וּתְהִ֤י נִדָּתָהּ֙ עָלָ֔יו וְטָמֵ֖א שִׁבְעַ֣ת יָמִ֑ים וְכָל־הַמִּשְׁכָּ֛ב אֲשֶׁר־יִשְׁכַּ֥ב עָלָ֖יו יִטְמָֽא׃ פ ,,וְאִ֡ם שָׁכֹב֩ יִשְׁכַּ֨ב אִ֜ישׁ אֹתָ֗הּ ,1,641409,1,1,Objc,sex,אֹתָ֗הּ ָהּ,את,,,,,,,
"('Leviticus', 20, 11)",527410,וְאִ֗ישׁ אֲשֶׁ֤ר יִשְׁכַּב֙ אֶת־אֵ֣שֶׁת אָבִ֔יו עֶרְוַ֥ת אָבִ֖יו גִּלָּ֑ה מֹֽות־יוּמְת֥וּ שְׁנֵיהֶ֖ם דְּמֵיהֶ֥ם בָּֽם׃ ,,אֲשֶׁ֤ר יִשְׁכַּב֙ אֶת־אֵ֣שֶׁת אָבִ֔יו ,1,642953,1,1,Objc,sex,אֶת אֵ֣שֶׁת,את,,,,,,,
"('Leviticus', 20, 12)",527415,וְאִ֗ישׁ אֲשֶׁ֤ר יִשְׁכַּב֙ אֶת־כַּלָּתֹ֔ו מֹ֥ות יוּמְת֖וּ שְׁנֵיהֶ֑ם תֶּ֥בֶל עָשׂ֖וּ דְּמֵיהֶ֥ם בָּֽם׃ ,,אֲשֶׁ֤ר יִשְׁכַּב֙ אֶת־כַּלָּתֹ֔ו ,1,642965,1,1,Objc,sex,אֶת כַּלָּתֹ֔ו,את,,,,,,,
"('Leviticus', 20, 18)",527448,וְ֠אִישׁ אֲשֶׁר־יִשְׁכַּ֨ב אֶת־אִשָּׁ֜ה דָּוָ֗ה וְגִלָּ֤ה אֶת־עֶרְוָתָהּ֙ אֶת־מְקֹרָ֣הּ הֶֽעֱרָ֔ה וְהִ֕יא גִּלְּתָ֖ה אֶת־מְקֹ֣ור דָּמֶ֑יהָ וְנִכְרְת֥וּ שְׁנֵיהֶ֖ם מִקֶּ֥רֶב עַמָּֽם׃ ,"('DWH/', 'unwell')",אֲשֶׁר־יִשְׁכַּ֨ב אֶת־אִשָּׁ֜ה דָּוָ֗ה ,1,643051,1,1,Objc,sex,אֶת אִשָּׁ֜ה,את,,,,,,,
"('Leviticus', 20, 20)",527457,וְאִ֗ישׁ אֲשֶׁ֤ר יִשְׁכַּב֙ אֶת־דֹּ֣דָתֹ֔ו עֶרְוַ֥ת דֹּדֹ֖ו גִּלָּ֑ה חֶטְאָ֥ם יִשָּׂ֖אוּ עֲרִירִ֥ים יָמֻֽתוּ׃ ,"('DWDH/', ""father's sister"")",אֲשֶׁ֤ר יִשְׁכַּב֙ אֶת־דֹּ֣דָתֹ֔ו ,1,643078,1,1,Objc,sex,אֶת דֹּ֣דָתֹ֔ו,את,,,,,,,
"('Ezekiel', 23, 8)",571087,וְאֶת־תַּזְנוּתֶ֤יהָ מִמִּצְרַ֨יִם֙ לֹ֣א עָזָ֔בָה כִּ֤י אֹותָהּ֙ שָׁכְב֣וּ בִנְעוּרֶ֔יהָ וְהֵ֥מָּה עִשּׂ֖וּ דַּדֵּ֣י בְתוּלֶ֑יהָ וַיִּשְׁפְּכ֥וּ תַזְנוּתָ֖ם עָלֶֽיהָ׃ ,,כִּ֤י אֹותָהּ֙ שָׁכְב֣וּ בִנְעוּרֶ֔יהָ ,1,767559,1,1,Objc,sex,אֹותָהּ֙ ָהּ,את,,,,,,,
"('Genesis', 19, 33)",516365,וַתַּשְׁקֶ֧יןָ אֶת־אֲבִיהֶ֛ן יַ֖יִן בַּלַּ֣יְלָה ה֑וּא וַתָּבֹ֤א הַבְּכִירָה֙ וַתִּשְׁכַּ֣ב אֶת־אָבִ֔יהָ וְלֹֽא־יָדַ֥ע בְּשִׁכְבָ֖הּ וּבְקוּׄמָֽהּ׃ ,,וַתִּשְׁכַּ֣ב אֶת־אָבִ֔יהָ ,1,610387,1,1,Cmpl,sex,אֶת אָבִ֔יהָ,את,,,,,,,
"('Genesis', 19, 34)",516371,וַֽיְהִי֙ מִֽמָּחֳרָ֔ת וַתֹּ֤אמֶר הַבְּכִירָה֙ אֶל־הַצְּעִירָ֔ה הֵן־שָׁכַ֥בְתִּי אֶ֖מֶשׁ אֶת־אָבִ֑י נַשְׁקֶ֨נּוּ יַ֜יִן גַּם־הַלַּ֗יְלָה וּבֹ֨אִי֙ שִׁכְבִ֣י עִמֹּ֔ו וּנְחַיֶּ֥ה מֵאָבִ֖ינוּ זָֽרַע׃ ,"('>MC/', 'yesterday evening')",הֵן־שָׁכַ֥בְתִּי אֶ֖מֶשׁ אֶת־אָבִ֑י ,1,610404,1,1,Cmpl,sex,אֶת אָבִ֑י,את,,,,,,,
"('Genesis', 34, 2)",518452,וַיַּ֨רְא אֹתָ֜הּ שְׁכֶ֧ם בֶּן־חֲמֹ֛ור הַֽחִוִּ֖י נְשִׂ֣יא הָאָ֑רֶץ וַיִּקַּ֥ח אֹתָ֛הּ וַיִּשְׁכַּ֥ב אֹתָ֖הּ וַיְעַנֶּֽהָ׃ ,,וַיִּשְׁכַּ֥ב אֹתָ֖הּ ,1,616538,1,1,Objc,sex,אֹתָ֖הּ ָהּ,את,,,,,,,
"('Genesis', 34, 7)",518472,וּבְנֵ֨י יַעֲקֹ֜ב בָּ֤אוּ מִן־הַשָּׂדֶה֙ כְּשָׁמְעָ֔ם וַיִּֽתְעַצְּבוּ֙ הָֽאֲנָשִׁ֔ים וַיִּ֥חַר לָהֶ֖ם מְאֹ֑ד כִּֽי־נְבָלָ֞ה עָשָׂ֣ה בְיִשְׂרָאֵ֗ל לִשְׁכַּב֙ אֶת־בַּֽת־יַעֲקֹ֔ב וְכֵ֖ן לֹ֥א יֵעָשֶֽׂה׃ ,,לִשְׁכַּב֙ אֶת־בַּֽת־יַעֲקֹ֔ב ,1,616598,1,1,Cmpl,sex,אֶת בַּֽת,את,,,,,,,
"('1_Samuel', 2, 22)",542026,וְעֵלִ֖י זָקֵ֣ן מְאֹ֑ד וְשָׁמַ֗ע אֵת֩ כָּל־אֲשֶׁ֨ר יַעֲשׂ֤וּן בָּנָיו֙ לְכָל־יִשְׂרָאֵ֔ל וְאֵ֤ת אֲשֶֽׁר־יִשְׁכְּבוּן֙ אֶת־הַנָּשִׁ֔ים הַצֹּ֣בְאֹ֔ות פֶּ֖תַח אֹ֥הֶל מֹועֵֽד׃ ,,וְאֵ֤ת אֲשֶֽׁר־יִשְׁכְּבוּן֙ אֶת־הַנָּשִׁ֔ים ,1,685845,1,1,Objc,sex,אֶת נָּשִׁ֔ים,את,,,,,,,
"('2_Samuel', 13, 14)",547301,וְלֹ֥א אָבָ֖ה לִשְׁמֹ֣עַ בְּקֹולָ֑הּ וַיֶּחֱזַ֤ק מִמֶּ֨נָּה֙ וַיְעַנֶּ֔הָ וַיִּשְׁכַּ֖ב אֹתָֽהּ׃ ,,וַיִּשְׁכַּ֖ב אֹתָֽהּ׃ ,1,701661,1,1,Objc,sex,אֹתָֽהּ ָהּ,את,,,,,,,
"('Deuteronomy', 28, 30)",535615,אִשָּׁ֣ה תְאָרֵ֗שׂ וְאִ֤ישׁ אַחֵר֙ יִשְׁכָּבֶ֔נָּה בַּ֥יִת תִּבְנֶ֖ה וְלֹא־תֵשֵׁ֣ב בֹּ֑ו כֶּ֥רֶם תִּטַּ֖ע וְלֹ֥א תְחַלְּלֶֽנּוּ׃ ,,וְאִ֤ישׁ אַחֵר֙ יִשְׁכָּבֶ֔נָּה ,1,666855,0,0,PreO,sex,none,,,,,,,,
"('1_Samuel', 26, 5)",545297,וַיָּ֣קָם דָּוִ֗ד וַיָּבֹא֮ אֶֽל־הַמָּקֹום֮ אֲשֶׁ֣ר חָנָה־שָׁ֣ם שָׁאוּל֒ וַיַּ֣רְא דָּוִ֗ד אֶת־הַמָּקֹום֙ אֲשֶׁ֣ר שָֽׁכַב־שָׁ֣ם שָׁא֔וּל וְאַבְנֵ֥ר בֶּן־נֵ֖ר שַׂר־צְבָאֹ֑ו וְשָׁאוּל֙ שֹׁכֵ֣ב בַּמַּעְגָּ֔ל וְהָעָ֖ם חֹנִ֥ים סְבִיבֹתָֽיו׃,"('M<GL=/', 'camp circle')",וְשָׁאוּל֙ שֹׁכֵ֣ב בַּמַּעְגָּ֔ל ,1,695605,1,1,Cmpl,literal.prepSpatial,בַּ מַּעְגָּ֔ל,ב,,,,,,,
"('Ezekiel', 31, 18)",572026,אֶל־מִ֨י דָמִ֥יתָ כָּ֛כָה בְּכָבֹ֥וד וּבְגֹ֖דֶל בַּעֲצֵי־עֵ֑דֶן וְהוּרַדְתָּ֙ אֶת־עֲצֵי־עֵ֜דֶן אֶל־אֶ֣רֶץ תַּחְתִּ֗ית בְּתֹ֨וךְ עֲרֵלִ֤ים תִּשְׁכַּב֙ אֶת־חַלְלֵי־חֶ֔רֶב ה֤וּא פַרְעֹה֙ וְכָל־הֲמֹונֹ֔ו נְאֻ֖ם אֲדֹנָ֥י יְהוִֽה׃ ס ,,בְּתֹ֨וךְ עֲרֵלִ֤ים תִּשְׁכַּב֙ ,1,770224,1,1,Cmpl,literal.prepSpatial,בְּ תֹ֨וךְ,ב,,,,,,,
"('1_Kings', 21, 27)",552580,וַיְהִי֩ כִשְׁמֹ֨עַ אַחְאָ֜ב אֶת־הַדְּבָרִ֤ים הָאֵ֨לֶּה֙ וַיִּקְרַ֣ע בְּגָדָ֔יו וַיָּֽשֶׂם־שַׂ֥ק עַל־בְּשָׂרֹ֖ו וַיָּצֹ֑ום וַיִּשְׁכַּ֣ב בַּשָּׂ֔ק וַיְהַלֵּ֖ךְ אַֽט׃ ס ,,וַיִּשְׁכַּ֣ב בַּשָּׂ֔ק ,1,716920,1,1,Cmpl,literal.prepSpatial,בַּ שָּׂ֔ק,ב,,,,,,,
"('Deuteronomy', 24, 13)",535201,הָשֵׁב֩ תָּשִׁ֨יב לֹ֤ו אֶֽת־הַעֲבֹוט֙ כְּבֹ֣א הַשֶּׁ֔מֶשׁ וְשָׁכַ֥ב בְּשַׂלְמָתֹ֖ו וּבֵֽרֲכֶ֑ךָּ וּלְךָ֙ תִּהְיֶ֣ה צְדָקָ֔ה לִפְנֵ֖י יְהוָ֥ה אֱלֹהֶֽיךָ׃ ס ,"('FLMH/', 'wrapper')",וְשָׁכַ֥ב בְּשַׂלְמָתֹ֖ו ,1,665693,1,1,Adju,literal.prepSpatial,בְּ שַׂלְמָתֹ֖ו,ב,,,,,,,
"('2_Samuel', 12, 3)",547059,וְלָרָ֣שׁ אֵֽין־כֹּ֗ל כִּי֩ אִם־כִּבְשָׂ֨ה אַחַ֤ת קְטַנָּה֙ אֲשֶׁ֣ר קָנָ֔ה וַיְחַיֶּ֕הָ וַתִּגְדַּ֥ל עִמֹּ֛ו וְעִם־בָּנָ֖יו יַחְדָּ֑ו מִפִּתֹּ֨ו תֹאכַ֜ל וּמִכֹּסֹ֤ו תִשְׁתֶּה֙ וּבְחֵיקֹ֣ו תִשְׁכָּ֔ב וַתְּהִי־לֹ֖ו כְּבַֽת׃ ,,וּבְחֵיקֹ֣ו תִשְׁכָּ֔ב ,1,700949,1,1,Cmpl,literal.prepSpatial,בְ חֵיקֹ֣ו,ב,,,,,,,
"('1_Kings', 1, 2)",549138,וַיֹּ֧אמְרוּ לֹ֣ו עֲבָדָ֗יו יְבַקְשׁ֞וּ לַאדֹנִ֤י הַמֶּ֨לֶךְ֙ נַעֲרָ֣ה בְתוּלָ֔ה וְעָֽמְדָה֙ לִפְנֵ֣י הַמֶּ֔לֶךְ וּתְהִי־לֹ֖ו סֹכֶ֑נֶת וְשָׁכְבָ֣ה בְחֵיקֶ֔ךָ וְחַ֖ם לַאדֹנִ֥י הַמֶּֽלֶךְ׃ ,,וְשָׁכְבָ֣ה בְחֵיקֶ֔ךָ ,1,706985,1,1,Cmpl,literal.prepSpatial,בְ חֵיקֶ֔ךָ,ב,,,,,,,
"('Jeremiah', 3, 25)",562514,נִשְׁכְּבָ֣ה בְּבָשְׁתֵּ֗נוּ וּֽתְכַסֵּנוּ֮ כְּלִמָּתֵנוּ֒ כִּי֩ לַיהוָ֨ה אֱלֹהֵ֜ינוּ חָטָ֗אנוּ אֲנַ֨חְנוּ֙ וַאֲבֹותֵ֔ינוּ מִנְּעוּרֵ֖ינוּ וְעַד־הַיֹּ֣ום הַזֶּ֑ה וְלֹ֣א שָׁמַ֔עְנוּ בְּקֹ֖ול יְהֹוָ֥ה אֱלֹהֵֽינוּ׃ ס ,,נִשְׁכְּבָ֣ה בְּבָשְׁתֵּ֗נוּ ,1,743903,1,1,Cmpl,literal.prepSpatial,בְּ בָשְׁתֵּ֗נוּ,ב,,,,,,,
"('Isaiah', 14, 18)",557433,כָּל־מַלְכֵ֥י גֹויִ֖ם כֻּלָּ֑ם שָׁכְב֥וּ בְכָבֹ֖וד אִ֥ישׁ בְּבֵיתֹֽו׃ ,,כֻּלָּ֑ם שָׁכְב֥וּ בְכָבֹ֖וד ,1,730738,1,1,Cmpl,literal.prepSpatial,בְ כָבֹ֖וד,ב,,,,,,,
"('1_Samuel', 3, 2)",542098,וַֽיְהִי֙ בַּיֹּ֣ום הַה֔וּא וְעֵלִ֖י שֹׁכֵ֣ב בִּמְקֹמֹ֑ו וְעֵינָיו֙ הֵחֵ֣לּוּ כֵהֹ֔ות לֹ֥א יוּכַ֖ל לִרְאֹֽות׃ ,,וְעֵלִ֖י שֹׁכֵ֣ב בִּמְקֹמֹ֑ו ,1,686065,1,1,Cmpl,literal.prepSpatial,בִּ מְקֹמֹ֑ו,ב,,,,,,,
"('1_Samuel', 3, 3)",542104,וְנֵ֤ר אֱלֹהִים֙ טֶ֣רֶם יִכְבֶּ֔ה וּשְׁמוּאֵ֖ל שֹׁכֵ֑ב בְּהֵיכַ֣ל יְהוָ֔ה אֲשֶׁר־שָׁ֖ם אֲרֹ֥ון אֱלֹהִֽים׃ פ ,,וּשְׁמוּאֵ֖ל שֹׁכֵ֑ב בְּהֵיכַ֣ל יְהוָ֔ה ,1,686080,1,1,Cmpl,literal.prepSpatial,בְּ הֵיכַ֣ל,ב,,,,,,,
"('Leviticus', 14, 47)",526752,וְהַשֹּׁכֵ֣ב בַּבַּ֔יִת יְכַבֵּ֖ס אֶת־בְּגָדָ֑יו וְהָאֹכֵ֣ל בַּבַּ֔יִת יְכַבֵּ֖ס אֶת־בְּגָדָֽיו׃ ,,הַשֹּׁכֵ֣ב בַּבַּ֔יִת ,1,641010,1,1,Loca,literal.prepSpatial,בַּ בַּ֔יִת,ב,,,,,,,
"('1_Samuel', 3, 9)",542153,וַיֹּ֨אמֶר עֵלִ֣י לִשְׁמוּאֵל֮ לֵ֣ךְ שְׁכָב֒ וְהָיָה֙ אִם־יִקְרָ֣א אֵלֶ֔יךָ וְאָֽמַרְתָּ֙ דַּבֵּ֣ר יְהוָ֔ה כִּ֥י שֹׁמֵ֖עַ עַבְדֶּ֑ךָ וַיֵּ֣לֶךְ שְׁמוּאֵ֔ל וַיִּשְׁכַּ֖ב בִּמְקֹומֹֽו׃ ,,וַיִּשְׁכַּ֖ב בִּמְקֹומֹֽו׃ ,1,686192,1,1,Cmpl,literal.prepSpatial,בִּ מְקֹומֹֽו,ב,,,,,,,
"('Exodus', 22, 26)",523232,כִּ֣י הִ֤וא כְסוּתֹו֙ לְבַדָּ֔הּ הִ֥וא שִׂמְלָתֹ֖ו לְעֹרֹ֑ו בַּמֶּ֣ה יִשְׁכָּ֔ב וְהָיָה֙ כִּֽי־יִצְעַ֣ק אֵלַ֔י וְשָׁמַעְתִּ֖י כִּֽי־חַנּ֥וּן אָֽנִי׃ ס ,,בַּמֶּ֣ה יִשְׁכָּ֔ב ,1,630605,1,1,Cmpl,literal.prepSpatial,בַּ מֶּ֣ה,ב,,,,,,,
"('Genesis', 28, 11)",517612,וַיִּפְגַּ֨ע בַּמָּקֹ֜ום וַיָּ֤לֶן שָׁם֙ כִּי־בָ֣א הַשֶּׁ֔מֶשׁ וַיִּקַּח֙ מֵאַבְנֵ֣י הַמָּקֹ֔ום וַיָּ֖שֶׂם מְרַֽאֲשֹׁתָ֑יו וַיִּשְׁכַּ֖ב בַּמָּקֹ֥ום הַהֽוּא׃ ,,וַיִּשְׁכַּ֖ב בַּמָּקֹ֥ום הַהֽוּא׃ ,1,614024,1,1,Cmpl,literal.prepSpatial,בַּ מָּקֹ֥ום,ב,,,,,,,
"('Leviticus', 15, 24)",526895,וְאִ֡ם שָׁכֹב֩ יִשְׁכַּ֨ב אִ֜ישׁ אֹתָ֗הּ וּתְהִ֤י נִדָּתָהּ֙ עָלָ֔יו וְטָמֵ֖א שִׁבְעַ֣ת יָמִ֑ים וְכָל־הַמִּשְׁכָּ֛ב אֲשֶׁר־יִשְׁכַּ֥ב עָלָ֖יו יִטְמָֽא׃ פ ,,אֲשֶׁר־יִשְׁכַּ֥ב עָלָ֖יו ,1,641421,1,1,Cmpl,literal.prepSpatial,עָלָ֖יו ו,על,,,,,,,
"('Leviticus', 15, 26)",526903,כָּל־הַמִּשְׁכָּ֞ב אֲשֶׁר־תִּשְׁכַּ֤ב עָלָיו֙ כָּל־יְמֵ֣י זֹובָ֔הּ כְּמִשְׁכַּ֥ב נִדָּתָ֖הּ יִֽהְיֶה־לָּ֑הּ וְכָֽל־הַכְּלִי֙ אֲשֶׁ֣ר תֵּשֵׁ֣ב עָלָ֔יו טָמֵ֣א יִהְיֶ֔ה כְּטֻמְאַ֖ת נִדָּתָֽהּ׃ ,"('ZWB/', 'flux')",אֲשֶׁר־תִּשְׁכַּ֤ב עָלָיו֙ כָּל־יְמֵ֣י זֹובָ֔הּ ,1,641442,1,1,Cmpl,literal.prepSpatial,עָלָיו֙ ו,על,,,,,,,
"('Job', 21, 26)",587860,יַ֭חַד עַל־עָפָ֣ר יִשְׁכָּ֑בוּ וְ֝רִמָּ֗ה תְּכַסֶּ֥ה עֲלֵיהֶֽם׃ ,,יַ֭חַד עַל־עָפָ֣ר יִשְׁכָּ֑בוּ ,1,810755,1,1,Cmpl,literal.prepSpatial,עַל עָפָ֣ר,על,,,,,,,
"('Amos', 6, 4)",575666,הַשֹּֽׁכְבִים֙ עַל־מִטֹּ֣ות שֵׁ֔ן וּסְרֻחִ֖ים עַל־עַרְשֹׂותָ֑ם וְאֹכְלִ֤ים כָּרִים֙ מִצֹּ֔אן וַעֲגָלִ֖ים מִתֹּ֥וךְ מַרְבֵּֽק׃ ,"('MVH=/', 'couch')",הַשֹּֽׁכְבִים֙ עַל־מִטֹּ֣ות שֵׁ֔ן ,1,780226,1,2,Cmpl,literal.prepSpatial,עַל מִטֹּ֣ות,על,,,,,,,
"('1_Kings', 3, 19)",549690,וַיָּ֛מָת בֶּן־הָאִשָּׁ֥ה הַזֹּ֖את לָ֑יְלָה אֲשֶׁ֥ר שָׁכְבָ֖ה עָלָֽיו׃ ,,אֲשֶׁ֥ר שָׁכְבָ֖ה עָלָֽיו׃ ,1,708627,1,1,Cmpl,literal.prepSpatial,עָלָֽיו ו,על,,,,,,,
"('2_Samuel', 13, 5)",547237,וַיֹּ֤אמֶר לֹו֙ יְהֹ֣ונָדָ֔ב שְׁכַ֥ב עַל־מִשְׁכָּבְךָ֖ וְהִתְחָ֑ל וּבָ֧א אָבִ֣יךָ לִרְאֹותֶ֗ךָ וְאָמַרְתָּ֣ אֵלָ֡יו תָּ֣בֹא נָא֩ תָמָ֨ר אֲחֹותִ֜י וְתַבְרֵ֣נִי לֶ֗חֶם וְעָשְׂתָ֤ה לְעֵינַי֙ אֶת־הַבִּרְיָ֔ה לְמַ֨עַן֙ אֲשֶׁ֣ר אֶרְאֶ֔ה וְאָכַלְתִּ֖י מִיָּדָֽהּ׃ ,,שְׁכַ֥ב עַל־מִשְׁכָּבְךָ֖ ,1,701484,1,1,Cmpl,literal.prepSpatial,עַל מִשְׁכָּבְךָ֖,על,,,,,,,
"('Leviticus', 15, 4)",526791,כָּל־הַמִּשְׁכָּ֗ב אֲשֶׁ֨ר יִשְׁכַּ֥ב עָלָ֛יו הַזָּ֖ב יִטְמָ֑א וְכָֽל־הַכְּלִ֛י אֲשֶׁר־יֵשֵׁ֥ב עָלָ֖יו יִטְמָֽא׃ ,,אֲשֶׁ֨ר יִשְׁכַּ֥ב עָלָ֛יו הַזָּ֖ב ,1,641121,1,1,Cmpl,literal.prepSpatial,עָלָ֛יו ו,על,,,,,,,
"('2_Kings', 4, 34)",553418,וַיַּ֜עַל וַיִּשְׁכַּ֣ב עַל־הַיֶּ֗לֶד וַיָּשֶׂם֩ פִּ֨יו עַל־פִּ֜יו וְעֵינָ֤יו עַל־עֵינָיו֙ וְכַפָּ֣יו עַל־כַּפָּ֔יו וַיִּגְהַ֖ר עָלָ֑יו וַיָּ֖חָם בְּשַׂ֥ר הַיָּֽלֶד׃ ,,וַיִּשְׁכַּ֣ב עַל־הַיֶּ֗לֶד ,1,719281,1,1,Cmpl,literal.prepSpatial,עַל יֶּ֗לֶד,על,,,,,,,
"('Ezekiel', 4, 4)",568811,וְאַתָּ֤ה שְׁכַב֙ עַל־צִדְּךָ֣ הַשְּׂמָאלִ֔י וְשַׂמְתָּ֛ אֶת־עֲוֹ֥ן בֵּֽית־יִשְׂרָאֵ֖ל עָלָ֑יו מִסְפַּ֤ר הַיָּמִים֙ אֲשֶׁ֣ר תִּשְׁכַּ֣ב עָלָ֔יו תִּשָּׂ֖א אֶת־עֲוֹנָֽם׃ ,,אֲשֶׁ֣ר תִּשְׁכַּ֣ב עָלָ֔יו ,1,761219,1,1,Cmpl,literal.prepSpatial,עָלָ֔יו ו,על,,,,,,,
"('Genesis', 28, 13)",517622,וְהִנֵּ֨ה יְהוָ֜ה נִצָּ֣ב עָלָיו֮ וַיֹּאמַר֒ אֲנִ֣י יְהוָ֗ה אֱלֹהֵי֙ אַבְרָהָ֣ם אָבִ֔יךָ וֵאלֹהֵ֖י יִצְחָ֑ק הָאָ֗רֶץ אֲשֶׁ֤ר אַתָּה֙ שֹׁכֵ֣ב עָלֶ֔יהָ לְךָ֥ אֶתְּנֶ֖נָּה וּלְזַרְעֶֽךָ׃ ,,אֲשֶׁ֤ר אַתָּה֙ שֹׁכֵ֣ב עָלֶ֔יהָ ,1,614056,1,1,Cmpl,literal.prepSpatial,עָלֶ֔יהָ הָ,על,,,,,,,
"('1_Kings', 21, 4)",552446,וַיָּבֹא֩ אַחְאָ֨ב אֶל־בֵּיתֹ֜ו סַ֣ר וְזָעֵ֗ף עַל־הַדָּבָר֙ אֲשֶׁר־דִּבֶּ֣ר אֵלָ֗יו נָבֹות֙ הַיִּזְרְעֵאלִ֔י וַיֹּ֕אמֶר לֹֽא־אֶתֵּ֥ן לְךָ֖ אֶת־נַחֲלַ֣ת אֲבֹותָ֑י וַיִּשְׁכַּב֙ עַל־מִטָּתֹ֔ו וַיַּסֵּ֥ב אֶת־פָּנָ֖יו וְלֹֽא־אָ֥כַל לָֽחֶם׃ ,"('MVH=/', 'couch')",וַיִּשְׁכַּב֙ עַל־מִטָּתֹ֔ו ,1,716570,1,1,Cmpl,literal.prepSpatial,עַל מִטָּתֹ֔ו,על,,,,,,,
"('Isaiah', 50, 11)",560763,הֵ֧ן כֻּלְּכֶ֛ם קֹ֥דְחֵי אֵ֖שׁ מְאַזְּרֵ֣י זִיקֹ֑ות לְכ֣וּ׀ בְּא֣וּר אֶשְׁכֶ֗ם וּבְזִיקֹות֙ בִּֽעַרְתֶּ֔ם מִיָּדִי֙ הָיְתָה־זֹּ֣את לָכֶ֔ם לְמַעֲצֵבָ֖ה תִּשְׁכָּבֽוּן׃ פ ,"('M<YBH/', 'pain')",לְמַעֲצֵבָ֖ה תִּשְׁכָּבֽוּן׃ פ ,1,739291,1,1,Adju,literal.prepSpatial,לְ מַעֲצֵבָ֖ה,ל,,,,,,,
"('Job', 7, 21)",586898,וּמֶ֤ה׀ לֹא־תִשָּׂ֣א פִשְׁעִי֮ וְתַעֲבִ֪יר אֶת־עֲוֹ֫נִ֥י כִּֽי־עַ֭תָּה לֶעָפָ֣ר אֶשְׁכָּ֑ב וְשִׁ֖חֲרְתַּ֣נִי וְאֵינֶֽנִּי׃ פ ,,כִּֽי־עַ֭תָּה לֶעָפָ֣ר אֶשְׁכָּ֑ב ,1,808112,1,1,Cmpl,literal.prepSpatial,לֶ עָפָ֣ר,ל,,,,,,,
"('Job', 11, 18)",587174,וּֽ֭בָטַחְתָּ כִּי־יֵ֣שׁ תִּקְוָ֑ה וְ֝חָפַרְתָּ֗ לָבֶ֥טַח תִּשְׁכָּֽב׃ ,,לָבֶ֥טַח תִּשְׁכָּֽב׃ ,1,808858,1,1,Adju,literal.prepSpatial,לָ בֶ֥טַח,ל,,,,,,,
"('Psalms', 68, 14)",582160,אִֽם־תִּשְׁכְּבוּן֮ בֵּ֪ין שְׁפַ֫תָּ֥יִם כַּנְפֵ֣י יֹ֭ונָה נֶחְפָּ֣ה בַכֶּ֑סֶף וְ֝אֶבְרֹותֶ֗יהָ בִּֽירַקְרַ֥ק חָרֽוּץ׃ ,"('CPTJM/', 'packsaddles')",אִֽם־תִּשְׁכְּבוּן֮ בֵּ֪ין שְׁפַ֫תָּ֥יִם ,1,796534,1,1,Cmpl,literal.prepSpatial,בֵּ֪ין שְׁפַ֫תָּ֥יִם,בינ,,,,,,,
"('Genesis', 39, 10)",519156,וַיְהִ֕י כְּדַבְּרָ֥הּ אֶל־יֹוסֵ֖ף יֹ֣ום׀ יֹ֑ום וְלֹא־שָׁמַ֥ע אֵלֶ֛יהָ לִשְׁכַּ֥ב אֶצְלָ֖הּ לִהְיֹ֥ות עִמָּֽהּ׃ ,,לִשְׁכַּ֥ב אֶצְלָ֖הּ ,1,618576,1,1,Cmpl,literal.prepSpatial,אֶצְלָ֖הּ ָהּ,אצל,,,,,,,
"('1_Samuel', 26, 5)",545296,וַיָּ֣קָם דָּוִ֗ד וַיָּבֹא֮ אֶֽל־הַמָּקֹום֮ אֲשֶׁ֣ר חָנָה־שָׁ֣ם שָׁאוּל֒ וַיַּ֣רְא דָּוִ֗ד אֶת־הַמָּקֹום֙ אֲשֶׁ֣ר שָֽׁכַב־שָׁ֣ם שָׁא֔וּל וְאַבְנֵ֥ר בֶּן־נֵ֖ר שַׂר־צְבָאֹ֑ו וְשָׁאוּל֙ שֹׁכֵ֣ב בַּמַּעְגָּ֔ל וְהָעָ֖ם חֹנִ֥ים סְבִיבֹתָֽיו׃,"('NR=/', 'Ner')",אֲשֶׁ֣ר שָֽׁכַב־שָׁ֣ם שָׁא֔וּל וְאַבְנֵ֥ר בֶּן־נֵ֖ר שַׂר־צְבָאֹ֑ו ,1,695600,0,1,Cmpl,literal.spatialObj,שָׁ֣ם,,,,,,,,
"('1_Samuel', 26, 7)",545310,וַיָּבֹא֩ דָוִ֨ד וַאֲבִישַׁ֥י׀ אֶל־הָעָם֮ לַיְלָה֒ וְהִנֵּ֣ה שָׁא֗וּל שֹׁכֵ֤ב יָשֵׁן֙ בַּמַּעְגָּ֔ל וַחֲנִיתֹ֥ו מְעוּכָֽה־בָאָ֖רֶץ מְרַאֲשֹׁתָ֑יו וְאַבְנֵ֣ר וְהָעָ֔ם שֹׁכְבִ֖ים סְבִיבֹתָֽיו׃,,וְאַבְנֵ֣ר וְהָעָ֔ם שֹׁכְבִ֖ים סְבִיבֹתָֽיו׃,1,695647,0,1,Cmpl,literal.spatialObj,סביבתו,,,,,,,,
"('2_Samuel', 13, 31)",547397,וַיָּ֧קָם הַמֶּ֛לֶךְ וַיִּקְרַ֥ע אֶת־בְּגָדָ֖יו וַיִּשְׁכַּ֣ב אָ֑רְצָה וְכָל־עֲבָדָ֥יו נִצָּבִ֖ים קְרֻעֵ֥י בְגָדִֽים׃ ס ,,וַיִּשְׁכַּ֣ב אָ֑רְצָה ,1,701936,0,1,Cmpl,literal.spatialObj,אָ֑רְצָה,,,,,,,,
"('Ruth', 3, 4)",592100,וִיהִ֣י בְשָׁכְבֹ֗ו וְיָדַ֨עַתְּ֙ אֶת־הַמָּקֹום֙ אֲשֶׁ֣ר יִשְׁכַּב־שָׁ֔ם וּבָ֛את וְגִלִּ֥ית מַרְגְּלֹתָ֖יו וְשָׁכָ֑בְתְּ וְהוּא֙ יַגִּ֣יד לָ֔ךְ אֵ֖ת אֲשֶׁ֥ר תַּעֲשִֽׂין׃ ,,אֲשֶׁ֣ר יִשְׁכַּב־שָׁ֔ם ,1,821857,0,1,Loca,literal.spatialObj,שָׁ֔ם,,,,,,,,
"('2_Kings', 9, 16)",554227,וַיִּרְכַּ֤ב יֵהוּא֙ וַיֵּ֣לֶךְ יִזְרְעֶ֔אלָה כִּ֥י יֹורָ֖ם שֹׁכֵ֣ב שָׁ֑מָּה וַֽאֲחַזְיָה֙ מֶ֣לֶךְ יְהוּדָ֔ה יָרַ֖ד לִרְאֹ֥ות אֶת־יֹורָֽם׃ ,"('JWRM/', 'Joram')",כִּ֥י יֹורָ֖ם שֹׁכֵ֣ב שָׁ֑מָּה ,1,721514,0,1,Cmpl,literal.spatialObj,שָׁ֑מָּה,,,,,,,,
"('2_Samuel', 12, 16)",547121,וַיְבַקֵּ֥שׁ דָּוִ֛ד אֶת־הָאֱלֹהִ֖ים בְּעַ֣ד הַנָּ֑עַר וַיָּ֤צָם דָּוִד֙ צֹ֔ום וּבָ֥א וְלָ֖ן וְשָׁכַ֥ב אָֽרְצָה׃ ,,וְשָׁכַ֥ב אָֽרְצָה׃ ,1,701154,0,1,Cmpl,literal.spatialObj,אָֽרְצָה,,,,,,,,
"('2_Kings', 4, 11)",553293,וַיְהִ֥י הַיֹּ֖ום וַיָּ֣בֹא שָׁ֑מָּה וַיָּ֥סַר אֶל־הָעֲלִיָּ֖ה וַיִּשְׁכַּב־שָֽׁמָּה׃ ,,וַיִּשְׁכַּב־שָֽׁמָּה׃ ,1,718946,0,1,Cmpl,literal.spatialObj,שָֽׁמָּה,,,,,,,,
"('2_Samuel', 4, 5)",546348,וַיֵּ֨לְכ֜וּ בְּנֵֽי־רִמֹּ֤ון הַבְּאֵֽרֹתִי֙ רֵכָ֣ב וּבַעֲנָ֔ה וַיָּבֹ֨אוּ֙ כְּחֹ֣ם הַיֹּ֔ום אֶל־בֵּ֖ית אִ֣ישׁ בֹּ֑שֶׁת וְה֣וּא שֹׁכֵ֔ב אֵ֖ת מִשְׁכַּ֥ב הַֽצָּהֳרָֽיִם׃ ,"('YHRJM/', 'noon')",וְה֣וּא שֹׁכֵ֔ב אֵ֖ת מִשְׁכַּ֥ב הַֽצָּהֳרָֽיִם׃ ,1,698743,1,1,Objc,literal.withEntity,אֵ֖ת מִשְׁכַּ֥ב,את,,,,,,,
"('Ezekiel', 32, 27)",572137,וְלֹ֤א יִשְׁכְּבוּ֙ אֶת־גִּבֹּורִ֔ים נֹפְלִ֖ים מֵעֲרֵלִ֑ים אֲשֶׁ֣ר יָרְדֽוּ־שְׁאֹ֣ול בִּכְלֵֽי־מִלְחַמְתָּם֩ וַיִּתְּנ֨וּ אֶת־חַרְבֹותָ֜ם תַּ֣חַת רָאשֵׁיהֶ֗ם וַתְּהִ֤י עֲוֹֽנֹתָם֙ עַל־עַצְמֹותָ֔ם כִּֽי־חִתִּ֥ית גִּבֹּורִ֖ים בְּאֶ֥רֶץ חַיִּֽים׃ ,,וְלֹ֤א יִשְׁכְּבוּ֙ אֶת־גִּבֹּורִ֔ים ,1,770535,1,1,Cmpl,literal.withEntity,אֶת גִּבֹּורִ֔ים,את,,,,,,,
"('Ezekiel', 32, 28)",572144,וְאַתָּ֗ה בְּתֹ֧וךְ עֲרֵלִ֛ים תִּשָּׁבַ֥ר וְתִשְׁכַּ֖ב אֶת־חַלְלֵי־חָֽרֶב׃ ,,וְתִשְׁכַּ֖ב אֶת־חַלְלֵי־חָֽרֶב׃ ,1,770559,1,1,Cmpl,literal.withEntity,אֶת חַלְלֵי,את,,,,,,,
"('Ezekiel', 32, 29)",572147,שָׁ֣מָּה אֱדֹ֗ום מְלָכֶ֨יהָ֙ וְכָל־נְשִׂיאֶ֔יהָ אֲשֶׁר־נִתְּנ֥וּ בִגְבוּרָתָ֖ם אֶת־חַלְלֵי־חָ֑רֶב הֵ֛מָּה אֶת־עֲרֵלִ֥ים יִשְׁכָּ֖בוּ וְאֶת־יֹ֥רְדֵי בֹֽור׃ ,,הֵ֛מָּה אֶת־עֲרֵלִ֥ים יִשְׁכָּ֖בוּ ,1,770567,1,1,Cmpl,literal.withEntity,אֶת עֲרֵלִ֥ים,את,,,,,,,
"('Ezekiel', 32, 30)",572152,שָׁ֣מָּה נְסִיכֵ֥י צָפֹ֛ון כֻּלָּ֖ם וְכָל־צִֽדֹנִ֑י אֲשֶׁר־יָרְד֣וּ אֶת־חֲלָלִ֗ים בְּחִתִּיתָ֑ם מִגְּבֽוּרָתָם֙ בֹּושִׁ֔ים וַיִּשְׁכְּב֤וּ עֲרֵלִים֙ אֶת־חַלְלֵי־חֶ֔רֶב וַיִּשְׂא֥וּ כְלִמָּתָ֖ם אֶת־יֹ֥ורְדֵי בֹֽור׃ ,,וַיִּשְׁכְּב֤וּ עֲרֵלִים֙ אֶת־חַלְלֵי־חֶ֔רֶב ,1,770582,1,1,Cmpl,literal.withEntity,אֶת חַלְלֵי,את,,,,,,,
"('Deuteronomy', 27, 21)",535484,אָר֕וּר שֹׁכֵ֖ב עִם־כָּל־בְּהֵמָ֑ה וְאָמַ֥ר כָּל־הָעָ֖ם אָמֵֽן׃ ס ,,שֹׁכֵ֖ב עִם־כָּל־בְּהֵמָ֑ה ,1,666503,1,1,Cmpl,literal.withEntity,עִם כָּל,עמ,,,,,,,
"('Ezekiel', 4, 4)",568808,וְאַתָּ֤ה שְׁכַב֙ עַל־צִדְּךָ֣ הַשְּׂמָאלִ֔י וְשַׂמְתָּ֛ אֶת־עֲוֹ֥ן בֵּֽית־יִשְׂרָאֵ֖ל עָלָ֑יו מִסְפַּ֤ר הַיָּמִים֙ אֲשֶׁ֣ר תִּשְׁכַּ֣ב עָלָ֔יו תִּשָּׂ֖א אֶת־עֲוֹנָֽם׃ ,"('FM>LJ/', 'lefthand')",שְׁכַב֙ עַל־צִדְּךָ֣ הַשְּׂמָאלִ֔י ,1,761211,1,1,Cmpl,literal.manner,עַל צִדְּךָ֣,על,,,,,,,
"('Ezekiel', 4, 6)",568816,וְכִלִּיתָ֣ אֶת־אֵ֗לֶּה וְשָׁ֨כַבְתָּ֜ עַל־צִדְּךָ֤ הַיְמָנִי֙ שֵׁנִ֔ית וְנָשָׂ֖אתָ אֶת־עֲוֹ֣ן בֵּית־יְהוּדָ֑ה אַרְבָּעִ֣ים יֹ֔ום יֹ֧ום לַשָּׁנָ֛ה יֹ֥ום לַשָּׁנָ֖ה נְתַתִּ֥יו לָֽךְ׃ ,,וְשָׁ֨כַבְתָּ֜ עַל־צִדְּךָ֤ הַיְמָנִי֙ שֵׁנִ֔ית ,1,761235,1,1,Cmpl,literal.manner,עַל צִדְּךָ֤,על,,,,,,,
"('Ezekiel', 4, 9)",568831,וְאַתָּ֣ה קַח־לְךָ֡ חִטִּ֡ין וּ֠שְׂעֹרִים וּפֹ֨ול וַעֲדָשִׁ֜ים וְדֹ֣חַן וְכֻסְּמִ֗ים וְנָתַתָּ֤ה אֹותָם֙ בִּכְלִ֣י אֶחָ֔ד וְעָשִׂ֧יתָ אֹותָ֛ם לְךָ֖ לְלָ֑חֶם מִסְפַּ֨ר הַיָּמִ֜ים אֲשֶׁר־אַתָּ֣ה׀ שֹׁוכֵ֣ב עַֽל־צִדְּךָ֗ שְׁלֹשׁ־מֵאֹ֧ות וְתִשְׁעִ֛ים יֹ֖ום תֹּאכֲלֶֽנּוּ׃ ,,אֲשֶׁר־אַתָּ֣ה׀ שֹׁוכֵ֣ב עַֽל־צִדְּךָ֗ ,1,761283,1,1,Cmpl,literal.manner,עַֽל צִדְּךָ֗,על,,,,,,,
"('Deuteronomy', 24, 12)",535198,וְאִם־אִ֥ישׁ עָנִ֖י ה֑וּא לֹ֥א תִשְׁכַּ֖ב בַּעֲבֹטֹֽו׃ ,"('<BWV/', 'pledge')",לֹ֥א תִשְׁכַּ֖ב בַּעֲבֹטֹֽו׃ ,1,665684,1,1,Adju,literal.manner,בַּ עֲבֹטֹֽו,ב,,,,,,,
"('Ruth', 3, 7)",592117,וַיֹּ֨אכַל בֹּ֤עַז וַיֵּשְׁתְּ֙ וַיִּיטַ֣ב לִבֹּ֔ו וַיָּבֹ֕א לִשְׁכַּ֖ב בִּקְצֵ֣ה הָעֲרֵמָ֑ה וַתָּבֹ֣א בַלָּ֔ט וַתְּגַ֥ל מַרְגְּלֹתָ֖יו וַתִּשְׁכָּֽב׃ ,"('<RMH=/', 'heap')",לִשְׁכַּ֖ב בִּקְצֵ֣ה הָעֲרֵמָ֑ה ,1,821899,1,1,Cmpl,literal.manner,בִּ קְצֵ֣ה,ב,,,,,,,
"('Psalms', 4, 9)",579020,בְּשָׁלֹ֣ום יַחְדָּו֮ אֶשְׁכְּבָ֪ה וְאִ֫ישָׁ֥ן כִּֽי־אַתָּ֣ה יְהוָ֣ה לְבָדָ֑ד לָ֝בֶ֗טַח תֹּושִׁיבֵֽנִי׃ ,,בְּשָׁלֹ֣ום יַחְדָּו֮ אֶשְׁכְּבָ֪ה ,1,789190,1,1,Adju,literal.manner,בְּ שָׁלֹ֣ום,ב,,,,,,,
"('Psalms', 57, 5)",581668,נַפְשִׁ֤י׀ בְּתֹ֥וךְ לְבָאִם֮ אֶשְׁכְּבָ֪ה לֹ֫הֲטִ֥ים בְּֽנֵי־אָדָ֗ם שִׁ֭נֵּיהֶם חֲנִ֣ית וְחִצִּ֑ים וּ֝לְשֹׁונָ֗ם חֶ֣רֶב חַדָּֽה׃ ,"('LHV[', 'devour')",אֶשְׁכְּבָ֪ה לֹ֫הֲטִ֥ים ,1,795458,0,1,Adju,literal.unknown,לֹ֫הֲטִ֥ים,,,,,,,,
"('Ruth', 3, 8)",592125,וַיְהִי֙ בַּחֲצִ֣י הַלַּ֔יְלָה וַיֶּחֱרַ֥ד הָאִ֖ישׁ וַיִּלָּפֵ֑ת וְהִנֵּ֣ה אִשָּׁ֔ה שֹׁכֶ֖בֶת מַרְגְּלֹתָֽיו׃ ,"('MRGLT/', 'feet-place')",אִשָּׁ֔ה שֹׁכֶ֖בֶת מַרְגְּלֹתָֽיו׃ ,1,821920,0,1,Loca,literal.unknown,מַרְגְּלֹתָֽיו,,,,,,,,
"('Ruth', 3, 14)",592162,וַתִּשְׁכַּ֤ב מַרְגְּלֹתָיו֙ עַד־הַבֹּ֔קֶר וַתָּ֕קָם בְּטֶ֛רֶם יַכִּ֥יר אִ֖ישׁ אֶת־רֵעֵ֑הוּ וַיֹּ֨אמֶר֙ אַל־יִוָּדַ֔ע כִּי־בָ֥אָה הָאִשָּׁ֖ה הַגֹּֽרֶן׃ ,"('MRGLT/', 'feet-place')",וַתִּשְׁכַּ֤ב מַרְגְּלֹתָיו֙ עַד־הַבֹּ֔קֶר ,1,822004,0,1,Loca,literal.unknown,מרגלתו,,,,,,,,
"('2_Samuel', 4, 7)",546353,וַיָּבֹ֣אוּ הַבַּ֗יִת וְהֽוּא־שֹׁכֵ֤ב עַל־מִטָּתֹו֙ בַּחֲדַ֣ר מִשְׁכָּבֹ֔ו וַיַּכֻּ֨הוּ֙ וַיְמִתֻ֔הוּ וַיָּסִ֖ירוּ אֶת־רֹאשֹׁ֑ו וַיִּקְחוּ֙ אֶת־רֹאשֹׁ֔ו וַיֵּֽלְכ֛וּ דֶּ֥רֶךְ הָעֲרָבָ֖ה כָּל־הַלָּֽיְלָה׃ ,"('MVH=/', 'couch')",וְהֽוּא־שֹׁכֵ֤ב עַל־מִטָּתֹו֙ בַּחֲדַ֣ר מִשְׁכָּבֹ֔ו ,1,698761,4,2,Cmpl,literal.prepSpatial literal.prepSpatial,עַל מִטָּתֹו֙ בַּ חֲדַ֣ר עַל מִטָּתֹו֙ בַּ חֲדַ֣ר,על ב על ב,,,,,,,
"('Numbers', 24, 9)",531274,כָּרַ֨ע שָׁכַ֧ב כַּאֲרִ֛י וּכְלָבִ֖יא מִ֣י יְקִימֶ֑נּוּ מְבָרֲכֶ֣יךָ בָר֔וּךְ וְאֹרְרֶ֖יךָ אָרֽוּר׃ ,"('LBJ>/', 'lion')",שָׁכַ֧ב כַּאֲרִ֛י וּכְלָבִ֖יא ,1,654220,4,2,Adju,literal.manner literal.manner,כַּ אֲרִ֛י כְ לָבִ֖יא כַּ אֲרִ֛י כְ לָבִ֖יא,כ כ כ כ,,,,,,,
"('1_Samuel', 26, 7)",545306,וַיָּבֹא֩ דָוִ֨ד וַאֲבִישַׁ֥י׀ אֶל־הָעָם֮ לַיְלָה֒ וְהִנֵּ֣ה שָׁא֗וּל שֹׁכֵ֤ב יָשֵׁן֙ בַּמַּעְגָּ֔ל וַחֲנִיתֹ֥ו מְעוּכָֽה־בָאָ֖רֶץ מְרַאֲשֹׁתָ֑יו וְאַבְנֵ֣ר וְהָעָ֔ם שֹׁכְבִ֖ים סְבִיבֹתָֽיו׃,,וְהִנֵּ֣ה שָׁא֗וּל שֹׁכֵ֤ב ,0,,,,,,,,,,,,,,
"('Joshua', 2, 1)",536603,וַיִּשְׁלַ֣ח יְהֹושֻׁ֣עַ־בִּן־נ֠וּן מִֽן־הַשִּׁטִּ֞ים שְׁנַֽיִם־אֲנָשִׁ֤ים מְרַגְּלִים֙ חֶ֣רֶשׁ לֵאמֹ֔ר לְכ֛וּ רְא֥וּ אֶת־הָאָ֖רֶץ וְאֶת־יְרִיחֹ֑ו וַיֵּ֨לְכ֜וּ וַ֠יָּבֹאוּ בֵּית־אִשָּׁ֥ה זֹונָ֛ה וּשְׁמָ֥הּ רָחָ֖ב וַיִּשְׁכְּבוּ־שָֽׁמָּה׃ ,,וַיִּשְׁכְּבוּ־שָֽׁמָּה׃ ,0,,,,,,,,,,,,,,
"('Jonah', 1, 5)",576059,וַיִּֽירְא֣וּ הַמַּלָּחִ֗ים וַֽיִּזְעֲקוּ֮ אִ֣ישׁ אֶל־אֱלֹהָיו֒ וַיָּטִ֨לוּ אֶת־הַכֵּלִ֜ים אֲשֶׁ֤ר בָּֽאֳנִיָּה֙ אֶל־הַיָּ֔ם לְהָקֵ֖ל מֵֽעֲלֵיהֶ֑ם וְיֹונָ֗ה יָרַד֙ אֶל־יַרְכְּתֵ֣י הַסְּפִינָ֔ה וַיִּשְׁכַּ֖ב וַיֵּרָדַֽם׃ ,,וַיִּשְׁכַּ֖ב ,0,,,,,,,,,,,,,,
"('Joshua', 2, 8)",536639,וְהֵ֖מָּה טֶ֣רֶם יִשְׁכָּב֑וּן וְהִ֛יא עָלְתָ֥ה עֲלֵיהֶ֖ם עַל־הַגָּֽג׃ ,,טֶ֣רֶם יִשְׁכָּב֑וּן ,0,,,,,,,,,,,,,,
"('Ecclesiastes', 2, 23)",592959,כִּ֧י כָל־יָמָ֣יו מַכְאֹבִ֗ים וָכַ֨עַס֙ עִנְיָנֹ֔ו גַּם־בַּלַּ֖יְלָה לֹא־שָׁכַ֣ב לִבֹּ֑ו גַּם־זֶ֖ה הֶ֥בֶל הֽוּא׃ ,,גַּם־בַּלַּ֖יְלָה לֹא־שָׁכַ֣ב לִבֹּ֑ו ,0,,,,,,,,,,,,,,
"('Job', 30, 17)",588366,לַ֗יְלָה עֲ֭צָמַי נִקַּ֣ר מֵעָלָ֑י וְ֝עֹרְקַ֗י לֹ֣א יִשְׁכָּבֽוּן׃ ,"('<RQ[', 'gnaw')",וְ֝עֹרְקַ֗י לֹ֣א יִשְׁכָּבֽוּן׃ ,0,,,,,,,,,,,,,,
"('Isaiah', 56, 10)",561234,צֹפָ֞יו עִוְרִ֤ים כֻּלָּם֙ לֹ֣א יָדָ֔עוּ כֻּלָּם֙ כְּלָבִ֣ים אִלְּמִ֔ים לֹ֥א יוּכְל֖וּ לִנְבֹּ֑חַ הֹזִים֙ שֹֽׁכְבִ֔ים אֹהֲבֵ֖י לָנֽוּם׃ ,,שֹֽׁכְבִ֔ים ,0,,,,,,,,,,,,,,
"('Job', 7, 4)",586841,אִם־שָׁכַ֗בְתִּי וְאָמַ֗רְתִּי מָתַ֣י אָ֭קוּם וּמִדַּד־עָ֑רֶב וְשָׂבַ֖עְתִּי נְדֻדִ֣ים עֲדֵי־נָֽשֶׁף׃ ,,אִם־שָׁכַ֗בְתִּי ,0,,,,,,,,,,,,,,
"('Job', 14, 12)",587358,וְאִ֥ישׁ שָׁכַ֗ב וְֽלֹא־יָ֫ק֥וּם עַד־בִּלְתִּ֣י שָׁ֭מַיִם לֹ֣א יָקִ֑יצוּ וְלֹֽא־יֵ֝עֹ֗רוּ מִשְּׁנָתָֽם׃ ,,וְאִ֥ישׁ שָׁכַ֗ב ,0,,,,,,,,,,,,,,
"('1_Kings', 19, 5)",552069,וַיִּשְׁכַּב֙ וַיִּישַׁ֔ן תַּ֖חַת רֹ֣תֶם אֶחָ֑ד וְהִנֵּֽה־זֶ֤ה מַלְאָךְ֙ נֹגֵ֣עַ בֹּ֔ו וַיֹּ֥אמֶר לֹ֖ו ק֥וּם אֱכֹֽול׃ ,,וַיִּשְׁכַּב֙ ,0,,,,,,,,,,,,,,
"('Genesis', 19, 4)",516232,טֶרֶם֮ יִשְׁכָּבוּ֒ וְאַנְשֵׁ֨י הָעִ֜יר אַנְשֵׁ֤י סְדֹם֙ נָסַ֣בּוּ עַל־הַבַּ֔יִת מִנַּ֖עַר וְעַד־זָקֵ֑ן כָּל־הָעָ֖ם מִקָּצֶֽה׃ ,,טֶרֶם֮ יִשְׁכָּבוּ֒ ,0,,,,,,,,,,,,,,
"('1_Kings', 19, 6)",552081,וַיַּבֵּ֕ט וְהִנֵּ֧ה מְרַאֲשֹׁתָ֛יו עֻגַ֥ת רְצָפִ֖ים וְצַפַּ֣חַת מָ֑יִם וַיֹּ֣אכַל וַיֵּ֔שְׁתְּ וַיָּ֖שָׁב וַיִּשְׁכָּֽב׃ ,,וַיִּשְׁכָּֽב׃ ,0,,,,,,,,,,,,,,
"('Ezekiel', 32, 21)",572110,יְדַבְּרוּ־לֹ֞ו אֵלֵ֧י גִבֹּורִ֛ים מִתֹּ֥וךְ שְׁאֹ֖ול אֶת־עֹֽזְרָ֑יו יָֽרְד֛וּ שָׁכְב֥וּ הָעֲרֵלִ֖ים חַלְלֵי־חָֽרֶב׃ ,,שָׁכְב֥וּ הָעֲרֵלִ֖ים חַלְלֵי־חָֽרֶב׃ ,0,,,,,,,,,,,,,,
"('Proverbs', 3, 24)",589535,אִם־תִּשְׁכַּ֥ב לֹֽא־תִפְחָ֑ד וְ֝שָׁכַבְתָּ֗ וְֽעָרְבָ֥ה שְׁנָתֶֽךָ׃ ,,אִם־תִּשְׁכַּ֥ב ,0,,,,,,,,,,,,,,
"('Proverbs', 3, 24)",589537,אִם־תִּשְׁכַּ֥ב לֹֽא־תִפְחָ֑ד וְ֝שָׁכַבְתָּ֗ וְֽעָרְבָ֥ה שְׁנָתֶֽךָ׃ ,,וְ֝שָׁכַבְתָּ֗ ,0,,,,,,,,,,,,,,
"('Ruth', 3, 4)",592098,וִיהִ֣י בְשָׁכְבֹ֗ו וְיָדַ֨עַתְּ֙ אֶת־הַמָּקֹום֙ אֲשֶׁ֣ר יִשְׁכַּב־שָׁ֔ם וּבָ֛את וְגִלִּ֥ית מַרְגְּלֹתָ֖יו וְשָׁכָ֑בְתְּ וְהוּא֙ יַגִּ֣יד לָ֔ךְ אֵ֖ת אֲשֶׁ֥ר תַּעֲשִֽׂין׃ ,,בְשָׁכְבֹ֗ו ,0,,,,,,,,,,,,,,
"('Ruth', 3, 4)",592103,וִיהִ֣י בְשָׁכְבֹ֗ו וְיָדַ֨עַתְּ֙ אֶת־הַמָּקֹום֙ אֲשֶׁ֣ר יִשְׁכַּב־שָׁ֔ם וּבָ֛את וְגִלִּ֥ית מַרְגְּלֹתָ֖יו וְשָׁכָ֑בְתְּ וְהוּא֙ יַגִּ֣יד לָ֔ךְ אֵ֖ת אֲשֶׁ֥ר תַּעֲשִֽׂין׃ ,,וְשָׁכָ֑בְתְּ ,0,,,,,,,,,,,,,,
"('Judges', 16, 3)",540912,וַיִּשְׁכַּ֣ב שִׁמְשֹׁון֮ עַד־חֲצִ֣י הַלַּיְלָה֒ וַיָּ֣קָם׀ בַּחֲצִ֣י הַלַּ֗יְלָה וַיֶּאֱחֹ֞ז בְּדַלְתֹ֤ות שַֽׁעַר־הָעִיר֙ וּבִשְׁתֵּ֣י הַמְּזוּזֹ֔ות וַיִּסָּעֵם֙ עִֽם־הַבְּרִ֔יחַ וַיָּ֖שֶׂם עַל־כְּתֵפָ֑יו וַֽיַּעֲלֵם֙ אֶל־רֹ֣אשׁ הָהָ֔ר אֲשֶׁ֖ר עַל־פְּנֵ֥י חֶבְרֹֽון׃ פ ,,וַיִּשְׁכַּ֣ב שִׁמְשֹׁון֮ עַד־חֲצִ֣י הַלַּיְלָה֒ ,0,,,,,,,,,,,,,,
"('Ruth', 3, 7)",592120,וַיֹּ֨אכַל בֹּ֤עַז וַיֵּשְׁתְּ֙ וַיִּיטַ֣ב לִבֹּ֔ו וַיָּבֹ֕א לִשְׁכַּ֖ב בִּקְצֵ֣ה הָעֲרֵמָ֑ה וַתָּבֹ֣א בַלָּ֔ט וַתְּגַ֥ל מַרְגְּלֹתָ֖יו וַתִּשְׁכָּֽב׃ ,,וַתִּשְׁכָּֽב׃ ,0,,,,,,,,,,,,,,
"('Ecclesiastes', 4, 11)",593154,גַּ֛ם אִם־יִשְׁכְּב֥וּ שְׁנַ֖יִם וְחַ֣ם לָהֶ֑ם וּלְאֶחָ֖ד אֵ֥יךְ יֵחָֽם׃ ,,גַּ֛ם אִם־יִשְׁכְּב֥וּ שְׁנַ֖יִם ,0,,,,,,,,,,,,,,
"('Leviticus', 26, 6)",528132,וְנָתַתִּ֤י שָׁלֹום֙ בָּאָ֔רֶץ וּשְׁכַבְתֶּ֖ם וְאֵ֣ין מַחֲרִ֑יד וְהִשְׁבַּתִּ֞י חַיָּ֤ה רָעָה֙ מִן־הָאָ֔רֶץ וְחֶ֖רֶב לֹא־תַעֲבֹ֥ר בְּאַרְצְכֶֽם׃ ,,וּשְׁכַבְתֶּ֖ם ,0,,,,,,,,,,,,,,
"('Genesis', 19, 33)",516367,וַתַּשְׁקֶ֧יןָ אֶת־אֲבִיהֶ֛ן יַ֖יִן בַּלַּ֣יְלָה ה֑וּא וַתָּבֹ֤א הַבְּכִירָה֙ וַתִּשְׁכַּ֣ב אֶת־אָבִ֔יהָ וְלֹֽא־יָדַ֥ע בְּשִׁכְבָ֖הּ וּבְקוּׄמָֽהּ׃ ,,בְּשִׁכְבָ֖הּ ,0,,,,,,,,,,,,,,
"('Numbers', 23, 24)",531215,הֶן־עָם֙ כְּלָבִ֣יא יָק֔וּם וְכַאֲרִ֖י יִתְנַשָּׂ֑א לֹ֤א יִשְׁכַּב֙ עַד־יֹ֣אכַל טֶ֔רֶף וְדַם־חֲלָלִ֖ים יִשְׁתֶּֽה׃ ,,לֹ֤א יִשְׁכַּב֙ ,0,,,,,,,,,,,,,,
"('Proverbs', 23, 34)",591125,וְ֭הָיִיתָ כְּשֹׁכֵ֣ב בְּלֶב־יָ֑ם וּ֝כְשֹׁכֵ֗ב בְּרֹ֣אשׁ חִבֵּֽל׃ ,,וְ֭הָיִיתָ כְּשֹׁכֵ֣ב בְּלֶב־יָ֑ם ,0,,,,,,,,,,,,,,
"('Proverbs', 23, 34)",591126,וְ֭הָיִיתָ כְּשֹׁכֵ֣ב בְּלֶב־יָ֑ם וּ֝כְשֹׁכֵ֗ב בְּרֹ֣אשׁ חִבֵּֽל׃ ,"('XBL=====/', '<uncertain>')",וּ֝כְשֹׁכֵ֗ב בְּרֹ֣אשׁ חִבֵּֽל׃ ,0,,,,,,,,,,,,,,
"('Genesis', 19, 35)",516380,וַתַּשְׁקֶ֜יןָ גַּ֣ם בַּלַּ֧יְלָה הַה֛וּא אֶת־אֲבִיהֶ֖ן יָ֑יִן וַתָּ֤קָם הַצְּעִירָה֙ וַתִּשְׁכַּ֣ב עִמֹּ֔ו וְלֹֽא־יָדַ֥ע בְּשִׁכְבָ֖הּ וּבְקֻמָֽהּ׃ ,,בְּשִׁכְבָ֖הּ ,0,,,,,,,,,,,,,,
"('Ruth', 3, 13)",592161,לִ֣ינִי׀ הַלַּ֗יְלָה וְהָיָ֤ה בַבֹּ֨קֶר֙ אִם־יִגְאָלֵ֥ךְ טֹוב֙ יִגְאָ֔ל וְאִם־לֹ֨א יַחְפֹּ֧ץ לְגָֽאֳלֵ֛ךְ וּגְאַלְתִּ֥יךְ אָנֹ֖כִי חַי־יְהוָ֑ה שִׁכְבִ֖י עַד־הַבֹּֽקֶר׃ ,,שִׁכְבִ֖י עַד־הַבֹּֽקֶר׃ ,0,,,,,,,,,,,,,,
"('Deuteronomy', 6, 7)",533317,וְשִׁנַּנְתָּ֣ם לְבָנֶ֔יךָ וְדִבַּרְתָּ֖ בָּ֑ם בְּשִׁבְתְּךָ֤ בְּבֵיתֶ֨ךָ֙ וּבְלֶכְתְּךָ֣ בַדֶּ֔רֶךְ וּֽבְשָׁכְבְּךָ֖ וּבְקוּמֶֽךָ׃ ,,וּֽבְשָׁכְבְּךָ֖ ,0,,,,,,,,,,,,,,
"('Isaiah', 43, 17)",559948,הַמֹּוצִ֥יא רֶֽכֶב־וָס֖וּס חַ֣יִל וְעִזּ֑וּז יַחְדָּ֤ו יִשְׁכְּבוּ֙ בַּל־יָק֔וּמוּ דָּעֲכ֖וּ כַּפִּשְׁתָּ֥ה כָבֽוּ׃ ,,יַחְדָּ֤ו יִשְׁכְּבוּ֙ ,0,,,,,,,,,,,,,,
"('Judges', 5, 27)",539469,בֵּ֣ין רַגְלֶ֔יהָ כָּרַ֥ע נָפַ֖ל שָׁכָ֑ב בֵּ֤ין רַגְלֶ֨יהָ֙ כָּרַ֣ע נָפָ֔ל בַּאֲשֶׁ֣ר כָּרַ֔ע שָׁ֖ם נָפַ֥ל שָׁדֽוּד׃ ,,שָׁכָ֑ב ,0,,,,,,,,,,,,,,
"('Psalms', 41, 9)",580939,דְּֽבַר־בְּ֭לִיַּעַל יָצ֣וּק בֹּ֑ו וַאֲשֶׁ֥ר שָׁ֝כַ֗ב לֹא־יֹוסִ֥יף לָקֽוּם׃ ,,אֲשֶׁ֥ר שָׁ֝כַ֗ב ,0,,,,,,,,,,,,,,
"('Job', 3, 13)",586577,כִּֽי־עַ֭תָּה שָׁכַ֣בְתִּי וְאֶשְׁקֹ֑וט יָ֝שַׁ֗נְתִּי אָ֤ז׀ יָנ֬וּחַֽ לִֽי׃ ,,כִּֽי־עַ֭תָּה שָׁכַ֣בְתִּי ,0,,,,,,,,,,,,,,
"('Isaiah', 14, 8)",557399,גַּם־בְּרֹושִׁ֛ים שָׂמְח֥וּ לְךָ֖ אַרְזֵ֣י לְבָנֹ֑ון מֵאָ֣ז שָׁכַ֔בְתָּ לֹֽא־יַעֲלֶ֥ה הַכֹּרֵ֖ת עָלֵֽינוּ׃ ,,מֵאָ֣ז שָׁכַ֔בְתָּ ,0,,,,,,,,,,,,,,
"('Proverbs', 24, 33)",591233,מְעַ֣ט שֵׁ֭נֹות מְעַ֣ט תְּנוּמֹ֑ות מְעַ֓ט׀ חִבֻּ֖ק יָדַ֣יִם לִשְׁכָּֽב׃ ,,לִשְׁכָּֽב׃ ,0,,,,,,,,,,,,,,
"('Deuteronomy', 11, 19)",533893,וְלִמַּדְתֶּ֥ם אֹתָ֛ם אֶת־בְּנֵיכֶ֖ם לְדַבֵּ֣ר בָּ֑ם בְּשִׁבְתְּךָ֤ בְּבֵיתֶ֨ךָ֙ וּבְלֶכְתְּךָ֣ בַדֶּ֔רֶךְ וּֽבְשָׁכְבְּךָ֖ וּבְקוּמֶֽךָ׃ ,,וּֽבְשָׁכְבְּךָ֖ ,0,,,,,,,,,,,,,,
"('Job', 27, 19)",588173,עָשִׁ֣יר יִ֭שְׁכַּב וְלֹ֣א יֵאָסֵ֑ף עֵינָ֖יו פָּקַ֣ח וְאֵינֶֽנּוּ׃ ,"('<CJR/', 'rich')",עָשִׁ֣יר יִ֭שְׁכַּב ,0,,,,,,,,,,,,,,
"('Psalms', 3, 6)",578974,אֲנִ֥י שָׁכַ֗בְתִּי וָֽאִ֫ישָׁ֥נָה הֱקִיצֹ֑ותִי כִּ֖י יְהוָ֣ה יִסְמְכֵֽנִי׃ ,,אֲנִ֥י שָׁכַ֗בְתִּי ,0,,,,,,,,,,,,,,
"('Proverbs', 6, 9)",589726,עַד־מָתַ֖י עָצֵ֥ל׀ תִּשְׁכָּ֑ב מָ֝תַ֗י תָּק֥וּם מִשְּׁנָתֶֽךָ׃ ,,תִּשְׁכָּ֑ב ,0,,,,,,,,,,,,,,
"('Proverbs', 6, 10)",589729,מְעַ֣ט שֵׁ֭נֹות מְעַ֣ט תְּנוּמֹ֑ות מְעַ֓ט׀ חִבֻּ֖ק יָדַ֣יִם לִשְׁכָּֽב׃ ,,לִשְׁכָּֽב׃ ,0,,,,,,,,,,,,,,
"('1_Samuel', 3, 5)",542116,וַיָּ֣רָץ אֶל־עֵלִ֗י וַיֹּ֤אמֶר הִנְנִי֙ כִּֽי־קָרָ֣אתָ לִּ֔י וַיֹּ֥אמֶר לֹֽא־קָרָ֖אתִי שׁ֣וּב שְׁכָ֑ב וַיֵּ֖לֶךְ וַיִּשְׁכָּֽב׃ ס ,,שְׁכָ֑ב ,0,,,,,,,,,,,,,,
"('1_Samuel', 3, 5)",542118,וַיָּ֣רָץ אֶל־עֵלִ֗י וַיֹּ֤אמֶר הִנְנִי֙ כִּֽי־קָרָ֣אתָ לִּ֔י וַיֹּ֥אמֶר לֹֽא־קָרָ֖אתִי שׁ֣וּב שְׁכָ֑ב וַיֵּ֖לֶךְ וַיִּשְׁכָּֽב׃ ס ,,וַיִּשְׁכָּֽב׃ ס ,0,,,,,,,,,,,,,,
"('2_Samuel', 13, 6)",547247,וַיִּשְׁכַּ֥ב אַמְנֹ֖ון וַיִּתְחָ֑ל וַיָּבֹ֨א הַמֶּ֜לֶךְ לִרְאֹתֹ֗ו וַיֹּ֨אמֶר אַמְנֹ֤ון אֶל־הַמֶּ֨לֶךְ֙ תָּֽבֹוא־נָ֞א תָּמָ֣ר אֲחֹתִ֗י וּתְלַבֵּ֤ב לְעֵינַי֙ שְׁתֵּ֣י לְבִבֹ֔ות וְאֶבְרֶ֖ה מִיָּדָֽהּ׃ ,"('>MNWN/', 'Amnon')",וַיִּשְׁכַּ֥ב אַמְנֹ֖ון ,0,,,,,,,,,,,,,,
"('1_Samuel', 3, 6)",542130,וַיֹּ֣סֶף יְהוָ֗ה קְרֹ֣א עֹוד֮ שְׁמוּאֵל֒ וַיָּ֤קָם שְׁמוּאֵל֙ וַיֵּ֣לֶךְ אֶל־עֵלִ֔י וַיֹּ֣אמֶר הִנְנִ֔י כִּ֥י קָרָ֖אתָ לִ֑י וַיֹּ֛אמֶר לֹֽא־קָרָ֥אתִי בְנִ֖י שׁ֥וּב שְׁכָֽב׃ ,,שְׁכָֽב׃ ,0,,,,,,,,,,,,,,
"('2_Samuel', 13, 8)",547260,וַתֵּ֣לֶךְ תָּמָ֗ר בֵּ֛ית אַמְנֹ֥ון אָחִ֖יהָ וְה֣וּא שֹׁכֵ֑ב וַתִּקַּ֨ח אֶת־הַבָּצֵ֤ק וַתָּ֨לָשׁ֙ וַתְּלַבֵּ֣ב לְעֵינָ֔יו וַתְּבַשֵּׁ֖ל אֶת־הַלְּבִבֹֽות׃ ,,וְה֣וּא שֹׁכֵ֑ב ,0,,,,,,,,,,,,,,
"('1_Samuel', 3, 9)",542145,וַיֹּ֨אמֶר עֵלִ֣י לִשְׁמוּאֵל֮ לֵ֣ךְ שְׁכָב֒ וְהָיָה֙ אִם־יִקְרָ֣א אֵלֶ֔יךָ וְאָֽמַרְתָּ֙ דַּבֵּ֣ר יְהוָ֔ה כִּ֥י שֹׁמֵ֖עַ עַבְדֶּ֑ךָ וַיֵּ֣לֶךְ שְׁמוּאֵ֔ל וַיִּשְׁכַּ֖ב בִּמְקֹומֹֽו׃ ,,שְׁכָב֒ ,0,,,,,,,,,,,,,,
"('Proverbs', 6, 22)",589763,בְּהִתְהַלֶּכְךָ֨׀ תַּנְחֶ֬ה אֹתָ֗ךְ בְּֽ֭שָׁכְבְּךָ תִּשְׁמֹ֣ר עָלֶ֑יךָ וַ֝הֲקִיצֹ֗ותָ הִ֣יא תְשִׂיחֶֽךָ׃ ,,בְּֽ֭שָׁכְבְּךָ ,0,,,,,,,,,,,,,,
"('1_Samuel', 3, 15)",542177,וַיִּשְׁכַּ֤ב שְׁמוּאֵל֙ עַד־הַבֹּ֔קֶר וַיִּפְתַּ֖ח אֶת־דַּלְתֹ֣ות בֵּית־יְהוָ֑ה וּשְׁמוּאֵ֣ל יָרֵ֔א מֵהַגִּ֥יד אֶת־הַמַּרְאָ֖ה אֶל־עֵלִֽי׃ ,,וַיִּשְׁכַּ֤ב שְׁמוּאֵל֙ עַד־הַבֹּ֔קֶר ,0,,,,,,,,,,,,,,
"('Leviticus', 15, 18)",526859,וְאִשָּׁ֕ה אֲשֶׁ֨ר יִשְׁכַּ֥ב אִ֛ישׁ אֹתָ֖הּ שִׁכְבַת־זָ֑רַע וְרָחֲצ֣וּ בַמַּ֔יִם וְטָמְא֖וּ עַד־הָעָֽרֶב׃ ,"('CKBH/', 'lying down')",אֲשֶׁ֨ר יִשְׁכַּ֥ב אִ֛ישׁ אֹתָ֖הּ שִׁכְבַת־זָ֑רַע ,2,641321,1,1,Objc,sex,אֹתָ֖הּ ָהּ,את,641322,0,1,Objc,sex.object,שִׁכְבַת,
"('Leviticus', 20, 13)",527420,וְאִ֗ישׁ אֲשֶׁ֨ר יִשְׁכַּ֤ב אֶת־זָכָר֙ מִשְׁכְּבֵ֣י אִשָּׁ֔ה תֹּועֵבָ֥ה עָשׂ֖וּ שְׁנֵיהֶ֑ם מֹ֥ות יוּמָ֖תוּ דְּמֵיהֶ֥ם בָּֽם׃ ,,אֲשֶׁ֨ר יִשְׁכַּ֤ב אֶת־זָכָר֙ מִשְׁכְּבֵ֣י אִשָּׁ֔ה ,2,642977,1,1,Objc,sex,אֶת זָכָר֙,את,642978,0,1,Adju,sex.object,מִשְׁכְּבֵ֣י,
"('Leviticus', 18, 22)",527204,וְאֶ֨ת־זָכָ֔ר לֹ֥א תִשְׁכַּ֖ב מִשְׁכְּבֵ֣י אִשָּׁ֑ה תֹּועֵבָ֖ה הִֽוא׃ ,,וְאֶ֨ת־זָכָ֔ר לֹ֥א תִשְׁכַּ֖ב מִשְׁכְּבֵ֣י אִשָּׁ֑ה ,2,642336,1,1,Objc,sex,אֶ֨ת זָכָ֔ר,את,642339,0,1,Adju,sex.object,מִשְׁכְּבֵ֣י,
"('Leviticus', 19, 20)",527307,וְ֠אִישׁ כִּֽי־יִשְׁכַּ֨ב אֶת־אִשָּׁ֜ה שִׁכְבַת־זֶ֗רַע וְהִ֤וא שִׁפְחָה֙ נֶחֱרֶ֣פֶת לְאִ֔ישׁ וְהָפְדֵּה֙ לֹ֣א נִפְדָּ֔תָה אֹ֥ו חֻפְשָׁ֖ה לֹ֣א נִתַּן־לָ֑הּ בִּקֹּ֧רֶת תִּהְיֶ֛ה לֹ֥א יוּמְת֖וּ כִּי־לֹ֥א חֻפָּֽשָׁה׃ ,"('CKBH/', 'lying down')",כִּֽי־יִשְׁכַּ֨ב אֶת־אִשָּׁ֜ה שִׁכְבַת־זֶ֗רַע ,2,642641,1,1,Objc,sex,אֶת אִשָּׁ֜ה,את,642642,0,1,Adju,sex.object,שִׁכְבַת,
"('Numbers', 5, 13)",528881,וְשָׁכַ֨ב אִ֣ישׁ אֹתָהּ֮ שִׁכְבַת־זֶרַע֒ וְנֶעְלַם֙ מֵעֵינֵ֣י אִישָׁ֔הּ וְנִסְתְּרָ֖ה וְהִ֣יא נִטְמָ֑אָה וְעֵד֙ אֵ֣ין בָּ֔הּ וְהִ֖וא לֹ֥א נִתְפָּֽשָׂה׃ ,"('CKBH/', 'lying down')",וְשָׁכַ֨ב אִ֣ישׁ אֹתָהּ֮ שִׁכְבַת־זֶרַע֒ ,2,647219,1,1,Objc,sex,אֹתָהּ֮ ָהּ,את,647220,0,1,Objc,sex.object,שִׁכְבַת,
"('Job', 40, 21)",589195,תַּֽחַת־צֶֽאֱלִ֥ים יִשְׁכָּ֑ב בְּסֵ֖תֶר קָנֶ֣ה וּבִצָּֽה׃ ,"('Y>LJM/', 'lotus')
 ('BYH/', 'marshland')",תַּֽחַת־צֶֽאֱלִ֥ים יִשְׁכָּ֑ב בְּסֵ֖תֶר קָנֶ֣ה וּבִצָּֽה׃ ,2,814486,1,1,Loca,literal.prepSpatial,תַּֽחַת צֶֽאֱלִ֥ים,תחת,814488,1,1,Loca,literal.prepSpatial,בְּ סֵ֖תֶר,ב
"('Leviticus', 15, 20)",526870,וְכֹל֩ אֲשֶׁ֨ר תִּשְׁכַּ֥ב עָלָ֛יו בְּנִדָּתָ֖הּ יִטְמָ֑א וְכֹ֛ל אֲשֶׁר־תֵּשֵׁ֥ב עָלָ֖יו יִטְמָֽא׃ ,,אֲשֶׁ֨ר תִּשְׁכַּ֥ב עָלָ֛יו בְּנִדָּתָ֖הּ ,2,641352,1,1,Cmpl,literal.prepSpatial,עָלָ֛יו ו,על,641353,1,1,Adju,literal.prepSpatial,בְּ נִדָּתָ֖הּ,ב
"('2_Samuel', 12, 11)",547101,כֹּ֣ה׀ אָמַ֣ר יְהוָ֗ה הִנְנִי֩ מֵקִ֨ים עָלֶ֤יךָ רָעָה֙ מִבֵּיתֶ֔ךָ וְלָקַחְתִּ֤י אֶת־נָשֶׁ֨יךָ֙ לְעֵינֶ֔יךָ וְנָתַתִּ֖י לְרֵעֶ֑יךָ וְשָׁכַב֙ עִם־נָשֶׁ֔יךָ לְעֵינֵ֖י הַשֶּׁ֥מֶשׁ הַזֹּֽאת׃ ,,וְשָׁכַב֙ עִם־נָשֶׁ֔יךָ לְעֵינֵ֖י הַשֶּׁ֥מֶשׁ הַזֹּֽאת׃ ,2,701087,1,1,Cmpl,sex,עִם נָשֶׁ֔יךָ,עמ,701088,1,1,Adju,literal.prepSpatial,לְ עֵינֵ֖י,ל
"('Genesis', 30, 15)",517872,וַתֹּ֣אמֶר לָ֗הּ הַמְעַט֙ קַחְתֵּ֣ךְ אֶת־אִישִׁ֔י וְלָקַ֕חַת גַּ֥ם אֶת־דּוּדָאֵ֖י בְּנִ֑י וַתֹּ֣אמֶר רָחֵ֗ל לָכֵן֙ יִשְׁכַּ֤ב עִמָּךְ֙ הַלַּ֔יְלָה תַּ֖חַת דּוּדָאֵ֥י בְנֵֽךְ׃ ,"('DWDJ=/', 'mandrake')",לָכֵן֙ יִשְׁכַּ֤ב עִמָּךְ֙ הַלַּ֔יְלָה תַּ֖חַת דּוּדָאֵ֥י בְנֵֽךְ׃ ,2,614831,1,1,Cmpl,sex,עִמָּךְ֙ ָכְ,עמ,614833,1,1,Adju,literal.prepSpatial,תַּ֖חַת דּוּדָאֵ֥י,תחת
"('Lamentations', 2, 21)",594029,שָׁכְב֨וּ לָאָ֤רֶץ חוּצֹות֙ נַ֣עַר וְזָקֵ֔ן בְּתוּלֹתַ֥י וּבַחוּרַ֖י נָפְל֣וּ בֶחָ֑רֶב הָרַ֨גְתָּ֙ בְּיֹ֣ום אַפֶּ֔ךָ טָבַ֖חְתָּ לֹ֥א חָמָֽלְתָּ׃ ס ,,שָׁכְב֨וּ לָאָ֤רֶץ חוּצֹות֙ נַ֣עַר וְזָקֵ֔ן ,2,826805,1,1,Cmpl,literal.manner,לָ אָ֤רֶץ,ל,826806,0,1,Loca,literal.unknown,חוּצֹות֙,
"('Job', 20, 11)",587742,עַ֭צְמֹותָיו מָלְא֣וּ עֲלוּמָ֑יו וְ֝עִמֹּ֗ו עַל־עָפָ֥ר תִּשְׁכָּֽב׃ ,,וְ֝עִמֹּ֗ו עַל־עָפָ֥ר תִּשְׁכָּֽב׃ ,2,810446,1,1,Adju,literal.withEntity,עִמֹּ֗ו ֹו,עמ,810447,1,1,Cmpl,literal.prepSpatial,עַל עָפָ֥ר,על
"('Isaiah', 51, 20)",560877,בָּנַ֜יִךְ עֻלְּפ֥וּ שָׁכְב֛וּ בְּרֹ֥אשׁ כָּל־חוּצֹ֖ות כְּתֹ֣וא מִכְמָ֑ר הַֽמְלֵאִ֥ים חֲמַת־יְהוָ֖ה גַּעֲרַ֥ת אֱלֹהָֽיִךְ׃ ,"('T>W/', 'wild sheep')
 ('MKMR/', 'net')",שָׁכְב֛וּ בְּרֹ֥אשׁ כָּל־חוּצֹ֖ות כְּתֹ֣וא מִכְמָ֑ר ,2,739561,1,1,Loca,literal.manner,בְּ רֹ֥אשׁ,ב,739562,1,1,Adju,literal.manner,כְּ תֹ֣וא,כ
"('2_Samuel', 11, 13)",546977,וַיִּקְרָא־לֹ֣ו דָוִ֗ד וַיֹּ֧אכַל לְפָנָ֛יו וַיֵּ֖שְׁתְּ וַֽיְשַׁכְּרֵ֑הוּ וַיֵּצֵ֣א בָעֶ֗רֶב לִשְׁכַּ֤ב בְּמִשְׁכָּבֹו֙ עִם־עַבְדֵ֣י אֲדֹנָ֔יו וְאֶל־בֵּיתֹ֖ו לֹ֥א יָרָֽד׃ ,,לִשְׁכַּ֤ב בְּמִשְׁכָּבֹו֙ עִם־עַבְדֵ֣י אֲדֹנָ֔יו ,2,700702,1,1,Cmpl,literal.prepSpatial,בְּ מִשְׁכָּבֹו֙,ב,700703,1,1,Adju,literal.withEntity,עִם עַבְדֵ֣י,עמ
"('2_Samuel', 11, 9)",546951,וַיִּשְׁכַּ֣ב אוּרִיָּ֗ה פֶּ֚תַח בֵּ֣ית הַמֶּ֔לֶךְ אֵ֖ת כָּל־עַבְדֵ֣י אֲדֹנָ֑יו וְלֹ֥א יָרַ֖ד אֶל־בֵּיתֹֽו׃ ,,וַיִּשְׁכַּ֣ב אוּרִיָּ֗ה פֶּ֚תַח בֵּ֣ית הַמֶּ֔לֶךְ אֵ֖ת כָּל־עַבְדֵ֣י אֲדֹנָ֑יו ,2,700620,0,1,Cmpl,literal.unknown,פֶּ֚תַח,,700621,1,1,Adju,literal.withEntity,אֵ֖ת כָּל,את
"('Genesis', 26, 10)",517244,וַיֹּ֣אמֶר אֲבִימֶ֔לֶךְ מַה־זֹּ֖את עָשִׂ֣יתָ לָּ֑נוּ כִּ֠מְעַט שָׁכַ֞ב אַחַ֤ד הָעָם֙ אֶת־אִשְׁתֶּ֔ךָ וְהֵבֵאתָ֥ עָלֵ֖ינוּ אָשָֽׁם׃ ,,כִּ֠מְעַט שָׁכַ֞ב אַחַ֤ד הָעָם֙ אֶת־אִשְׁתֶּ֔ךָ ,2,612955,1,1,Adju,literal.manner,כִּ֠ מְעַט,כ,612958,1,1,Cmpl,sex,אֶת אִשְׁתֶּ֔ךָ,את
