reference,text,same?,notes,verb,pronominal,verb_PGN,suffx_PGN,vb_Cl_type,pn_Cl_type,verb_ca,pron_ca
Genesis 4:12,לֹֽא־תֹסֵ֥ף תֵּת־כֹּחָ֖הּ לָ֑ךְ ,,,תֹסֵ֥ף ,כֹּחָ֖הּ ,"('p3', 'f', 'sg')","('p3', 'f', 'sg')",xYq0,InfC,514965,514966
Genesis 17:6-7,וּמְלָכִ֖ים מִמְּךָ֥ יֵצֵֽאוּ׃ וַהֲקִמֹתִ֨י אֶת־בְּרִיתִ֜י בֵּינִ֣י וּבֵינֶ֗ךָ וּבֵ֨ין זַרְעֲךָ֧ אַחֲרֶ֛יךָ לְדֹרֹתָ֖ם לִבְרִ֣ית עֹולָ֑ם ,,,יֵצֵֽאוּ׃ ,דֹרֹתָ֖ם ,"('p3', 'm', 'pl')","('p3', 'm', 'pl')",WXYq,WQt0,515985,515986
Genesis 32:21,כִּֽי־אָמַ֞ר אֲכַפְּרָ֣ה פָנָ֗יו בַּמִּנְחָה֙ ,,,אָמַ֞ר ,פָנָ֗יו ,"('p3', 'm', 'sg')","('p3', 'm', 'sg')",xQt0,ZYq0,518307,518308
Genesis 46:32,כִּֽי־אַנְשֵׁ֥י מִקְנֶ֖ה הָ֑יוּ וְצֹאנָ֧ם וּבְקָרָ֛ם וְכָל־,,,הָ֑יוּ ,צֹאנָ֧ם ,"('p3', 'unknown', 'pl')","('p3', 'm', 'pl')",xQt0,Defc,520229,520230
Genesis 48:6,לְךָ֣ יִהְי֑וּ עַ֣ל שֵׁ֧ם אֲחֵיהֶ֛ם יִקָּרְא֖וּ בְּנַחֲלָתָֽם׃ ,,,יִהְי֑וּ ,אֲחֵיהֶ֛ם ,"('p3', 'm', 'pl')","('p3', 'm', 'pl')",xYq0,xYq0,520400,520401
Genesis 48:19,וְגַם־ה֣וּא יִגְדָּ֑ל וְאוּלָ֗ם אָחִ֤יו הַקָּטֹן֙ יִגְדַּ֣ל מִמֶּ֔נּוּ ,,,יִגְדָּ֑ל ,אָחִ֤יו ,"('p3', 'm', 'sg')","('p3', 'm', 'sg')",WXYq,WXYq,520467,520468
Genesis 49:6,כִּ֤י בְאַפָּם֙ הָ֣רְגוּ אִ֔ישׁ וּבִרְצֹנָ֖ם עִקְּרוּ־שֹֽׁור׃ ,,,הָ֣רְגוּ ,רְצֹנָ֖ם ,"('p3', 'unknown', 'pl')","('p3', 'm', 'pl')",xQt0,WxQ0,520504,520505
Genesis 49:6-7,וּבִרְצֹנָ֖ם עִקְּרוּ־שֹֽׁור׃ אָר֤וּר אַפָּם֙ ,,,עִקְּרוּ־,אַפָּם֙ ,"('p3', 'unknown', 'pl')","('p3', 'm', 'pl')",WxQ0,Ptcp,520505,520506
Exodus 5:21,וְיִשְׁפֹּ֑ט אֲשֶׁ֧ר הִבְאַשְׁתֶּ֣ם אֶת־רֵיחֵ֗נוּ בְּעֵינֵ֤י פַרְעֹה֙ וּבְעֵינֵ֣י עֲבָדָ֔יו ,,,יִשְׁפֹּ֑ט ,עֲבָדָ֔יו ,"('p3', 'm', 'sg')","('p3', 'm', 'sg')",WYq0,xQt0,521269,521270
Exodus 14:4,וְרָדַ֣ף אַחֲרֵיהֶם֒ וְאִכָּבְדָ֤ה בְּפַרְעֹה֙ וּבְכָל־חֵילֹ֔ו ,,,רָדַ֣ף ,חֵילֹ֔ו ,"('p3', 'm', 'sg')","('p3', 'm', 'sg')",WQt0,WYq0,522225,522226
Exodus 18:16,בָּ֣א אֵלַ֔י וְשָׁ֣פַטְתִּ֔י בֵּ֥ין אִ֖ישׁ וּבֵ֣ין רֵעֵ֑הוּ ,,,בָּ֣א ,רֵעֵ֑הוּ ,"('p3', 'm', 'sg')","('p3', 'm', 'sg')",ZQt0,WQt0,522767,522768
Exodus 21:2-3,וּבַ֨שְּׁבִעִ֔ת יֵצֵ֥א לַֽחָפְשִׁ֖י חִנָּֽם׃ אִם־בְּגַפֹּ֥ו יָבֹ֖א ,,,יֵצֵ֥א ,גַפֹּ֥ו ,"('p3', 'm', 'sg')","('p3', 'm', 'sg')",WxY0,xYq0,523011,523012
Exodus 21:3,אִם־בְּגַפֹּ֥ו יָבֹ֖א בְּגַפֹּ֣ו יֵצֵ֑א ,,,יָבֹ֖א ,גַפֹּ֣ו ,"('p3', 'm', 'sg')","('p3', 'm', 'sg')",xYq0,xYq0,523012,523013
Exodus 21:21,לֹ֣א יֻקַּ֔ם כִּ֥י כַסְפֹּ֖ו הֽוּא׃ ס ,,,יֻקַּ֔ם ,כַסְפֹּ֖ו ,"('p3', 'm', 'sg')","('p3', 'm', 'sg')",xYq0,NmCl,523076,523077
Exodus 21:29,הַשֹּׁור֙ יִסָּקֵ֔ל וְגַם־בְּעָלָ֖יו יוּמָֽת׃ ,,,יִסָּקֵ֔ל ,בְּעָלָ֖יו ,"('p3', 'm', 'sg')","('p3', 'm', 'sg')",XYqt,WXYq,523108,523109
Exodus 23:33,פֶּן־יַחֲטִ֥יאוּ אֹתְךָ֖ לִ֑י כִּ֤י תַעֲבֹד֙ אֶת־אֱלֹ֣הֵיהֶ֔ם ,,,יַחֲטִ֥יאוּ ,אֱלֹ֣הֵיהֶ֔ם ,"('p3', 'm', 'pl')","('p3', 'm', 'pl')",xYq0,xYq0,523353,523354
Exodus 25:8,וְעָ֥שׂוּ לִ֖י מִקְדָּ֑שׁ וְשָׁכַנְתִּ֖י בְּתֹוכָֽם׃ ,,,עָ֥שׂוּ ,תֹוכָֽם׃ ,"('p3', 'unknown', 'pl')","('p3', 'm', 'pl')",WQt0,WQt0,523437,523438
Exodus 25:28-29,וְנִשָּׂא־בָ֖ם אֶת־הַשֻּׁלְחָֽן׃ וְעָשִׂ֨יתָ קְּעָרֹתָ֜יו וְכַפֹּתָ֗יו וּקְשֹׂותָיו֙ וּמְנַקִּיֹּתָ֔יו ,,,נִשָּׂא־,קְּעָרֹתָ֜יו ,"('p3', 'm', 'sg')","('p3', 'm', 'sg')",WQtX,WQt0,523496,523497
Exodus 28:32-33,לֹ֥א יִקָּרֵֽעַ׃ וְעָשִׂ֣יתָ עַל־שׁוּלָ֗יו רִמֹּנֵי֙ תְּכֵ֤לֶת וְאַרְגָּמָן֙ וְתֹולַ֣עַת שָׁנִ֔י ,,,יִקָּרֵֽעַ׃ ,שׁוּלָ֗יו ,"('p3', 'm', 'sg')","('p3', 'm', 'sg')",xYq0,WQt0,523777,523778
Exodus 29:46,וְיָדְע֗וּ כִּ֣י אֲנִ֤י יְהוָה֙ אֱלֹ֣הֵיהֶ֔ם ,,,יָדְע֗וּ ,אֱלֹ֣הֵיהֶ֔ם ,"('p3', 'unknown', 'pl')","('p3', 'm', 'pl')",WQt0,NmCl,523966,523967
Exodus 30:2,רָב֣וּעַ יִהְיֶ֔ה וְאַמָּתַ֖יִם קֹמָתֹ֑ו ,,,יִהְיֶ֔ה ,קֹמָתֹ֑ו ,"('p3', 'm', 'sg')","('p3', 'm', 'sg')",xYq0,NmCl,523975,523976
Exodus 30:29-30,יִקְדָּֽשׁ׃ וְאֶת־אַהֲרֹ֥ן וְאֶת־בָּנָ֖יו תִּמְשָׁ֑ח ,,,יִקְדָּֽשׁ׃ ,בָּנָ֖יו ,"('p3', 'm', 'sg')","('p3', 'm', 'sg')",ZYq0,WxY0,524059,524060
Exodus 30:32,עַל־בְּשַׂ֤ר אָדָם֙ לֹ֣א יִיסָ֔ךְ וּבְמַ֨תְכֻּנְתֹּ֔ו לֹ֥א תַעֲשׂ֖וּ כָּמֹ֑הוּ ,,,יִיסָ֔ךְ ,מַ֨תְכֻּנְתֹּ֔ו ,"('p3', 'm', 'sg')","('p3', 'm', 'sg')",xYq0,WxY0,524066,524067
Exodus 34:15,וְקָרָ֣א לְךָ֔ וְאָכַלְתָּ֖ מִזִּבְחֹֽו׃ ,,,קָרָ֣א ,זִּבְחֹֽו׃ ,"('p3', 'm', 'sg')","('p3', 'm', 'sg')",WQt0,WQt0,524520,524521
Exodus 40:13-14,וְכִהֵ֥ן לִֽי׃ וְאֶת־בָּנָ֖יו תַּקְרִ֑יב ,,,כִהֵ֥ן ,בָּנָ֖יו ,"('p3', 'm', 'sg')","('p3', 'm', 'sg')",WQt0,WxY0,525102,525103
Leviticus 4:25,וְנָתַ֕ן עַל־קַרְנֹ֖ת מִזְבַּ֣ח הָעֹלָ֑ה וְאֶת־דָּמֹ֣ו יִשְׁפֹּ֔ךְ אֶל־יְסֹ֖וד מִזְבַּ֥ח הָעֹלָֽה׃ ,,,נָתַ֕ן ,דָּמֹ֣ו ,"('p3', 'm', 'sg')","('p3', 'm', 'sg')",WQt0,WxY0,525424,525425
Leviticus 4:25-26,וְאֶת־דָּמֹ֣ו יִשְׁפֹּ֔ךְ אֶל־יְסֹ֖וד מִזְבַּ֥ח הָעֹלָֽה׃ וְאֶת־כָּל־חֶלְבֹּו֙ יַקְטִ֣יר הַמִּזְבֵּ֔חָה כְּחֵ֖לֶב זֶ֣בַח הַשְּׁלָמִ֑ים ,,,יִשְׁפֹּ֔ךְ ,חֶלְבֹּו֙ ,"('p3', 'm', 'sg')","('p3', 'm', 'sg')",WxY0,WxY0,525425,525426
Leviticus 5:16,יְשַׁלֵּ֗ם וְאֶת־חֲמִֽישִׁתֹו֙ יֹוסֵ֣ף עָלָ֔יו ,,,יְשַׁלֵּ֗ם ,חֲמִֽישִׁתֹו֙ ,"('p3', 'm', 'sg')","('p3', 'm', 'sg')",ZYq0,WxY0,525544,525545
Leviticus 11:11,וְשֶׁ֖קֶץ יִהְי֣וּ לָכֶ֑ם מִבְּשָׂרָם֙ לֹ֣א תֹאכֵ֔לוּ ,,,יִהְי֣וּ ,בְּשָׂרָם֙ ,"('p3', 'm', 'pl')","('p3', 'm', 'pl')",WxY0,xYq0,526156,526157
Leviticus 12:4,וְאֶל־הַמִּקְדָּשׁ֙ לֹ֣א תָבֹ֔א עַד־מְלֹ֖את יְמֵ֥י טָהֳרָֽהּ׃ ,,,תָבֹ֔א ,טָהֳרָֽהּ׃ ,"('p3', 'f', 'sg')","('p3', 'f', 'sg')",WxY0,InfC,526319,526320
Leviticus 13:13,וְטִהַ֖ר אֶת־הַנָּ֑גַע כֻּלֹּ֛ו הָפַ֥ךְ לָבָ֖ן ,,,טִהַ֖ר ,כֻּלֹּ֛ו ,"('p3', 'm', 'sg')","('p3', 'm', 'sg')",WQt0,XQtl,526390,526391
Leviticus 13:46,בָּדָ֣ד יֵשֵׁ֔ב מִח֥וּץ לַֽמַּחֲנֶ֖ה מֹושָׁבֹֽו׃ ס ,,,יֵשֵׁ֔ב ,מֹושָׁבֹֽו׃ ס ,"('p3', 'm', 'sg')","('p3', 'm', 'sg')",xYq0,NmCl,526538,526539
Leviticus 14:30,וְעָשָׂ֤ה אֶת־הָֽאֶחָד֙ מִן־הַתֹּרִ֔ים אֹ֖ו מִן־בְּנֵ֣י הַיֹּונָ֑ה מֵאֲשֶׁ֥ר תַּשִּׂ֖יג יָדֹֽו׃ ,,,עָשָׂ֤ה ,יָדֹֽו׃ ,"('p3', 'm', 'sg')","('p3', 'm', 'sg')",WQt0,xYqX,526688,526689
Leviticus 15:26,אֲשֶׁ֣ר תֵּשֵׁ֣ב עָלָ֔יו טָמֵ֣א יִהְיֶ֔ה כְּטֻמְאַ֖ת נִדָּתָֽהּ׃ ,,,תֵּשֵׁ֣ב ,נִדָּתָֽהּ׃ ,"('p3', 'f', 'sg')","('p3', 'f', 'sg')",xYq0,xYq0,526906,526907
Leviticus 17:16,וְאִם֙ לֹ֣א יְכַבֵּ֔ס וּבְשָׂרֹ֖ו לֹ֣א יִרְחָ֑ץ ,,,יְכַבֵּ֔ס ,בְשָׂרֹ֖ו ,"('p3', 'm', 'sg')","('p3', 'm', 'sg')",WxY0,WxY0,527136,527137
Leviticus 20:9,מֹ֣ות יוּמָ֑ת אָבִ֧יו וְאִמֹּ֛ו קִלֵּ֖ל ,,,יוּמָ֑ת ,אָבִ֧יו ,"('p3', 'm', 'sg')","('p3', 'm', 'sg')",xYq0,xQt0,527402,527403
Leviticus 20:9,אָבִ֧יו וְאִמֹּ֛ו קִלֵּ֖ל דָּמָ֥יו בֹּֽו׃ ,,,קִלֵּ֖ל ,דָּמָ֥יו ,"('p3', 'm', 'sg')","('p3', 'm', 'sg')",xQt0,NmCl,527403,527404
Leviticus 20:12,תֶּ֥בֶל עָשׂ֖וּ דְּמֵיהֶ֥ם בָּֽם׃ ,,,עָשׂ֖וּ ,דְּמֵיהֶ֥ם ,"('p3', 'unknown', 'pl')","('p3', 'm', 'pl')",xQt0,NmCl,527417,527418
Leviticus 20:13,מֹ֥ות יוּמָ֖תוּ דְּמֵיהֶ֥ם בָּֽם׃ ,,,יוּמָ֖תוּ ,דְּמֵיהֶ֥ם ,"('p3', 'm', 'pl')","('p3', 'm', 'pl')",xYq0,NmCl,527422,527423
Leviticus 20:16,מֹ֥ות יוּמָ֖תוּ דְּמֵיהֶ֥ם בָּֽם׃ ,,,יוּמָ֖תוּ ,דְּמֵיהֶ֥ם ,"('p3', 'm', 'pl')","('p3', 'm', 'pl')",xYq0,NmCl,527437,527438
Leviticus 20:17,וְרָאָ֨ה אֶת־עֶרְוָתָ֜הּ וְהִֽיא־תִרְאֶ֤ה אֶת־עֶרְוָתֹו֙ ,,,רָאָ֨ה ,עֶרְוָתֹו֙ ,"('p3', 'm', 'sg')","('p3', 'm', 'sg')",WQt0,WXYq,527441,527442
Leviticus 20:17,עֶרְוַ֧ת אֲחֹתֹ֛ו גִּלָּ֖ה עֲוֹנֹ֥ו יִשָּֽׂא׃ ,,,גִּלָּ֖ה ,עֲוֹנֹ֥ו ,"('p3', 'm', 'sg')","('p3', 'm', 'sg')",xQt0,xYq0,527445,527446
Leviticus 21:5,וּפְאַ֥ת זְקָנָ֖ם לֹ֣א יְגַלֵּ֑חוּ וּבִ֨בְשָׂרָ֔ם לֹ֥א יִשְׂרְט֖וּ שָׂרָֽטֶת׃ ,,,יְגַלֵּ֑חוּ ,בְשָׂרָ֔ם ,"('p3', 'm', 'pl')","('p3', 'm', 'pl')",WxY0,WxY0,527510,527511
Leviticus 21:10,אֶת־רֹאשֹׁו֙ לֹ֣א יִפְרָ֔ע וּבְגָדָ֖יו לֹ֥א יִפְרֹֽם׃ ,,,יִפְרָ֔ע ,בְגָדָ֖יו ,"('p3', 'm', 'sg')","('p3', 'm', 'sg')",xYq0,WxY0,527536,527537
Leviticus 21:11,וְעַ֛ל כָּל־נַפְשֹׁ֥ת מֵ֖ת לֹ֣א יָבֹ֑א לְאָבִ֥יו וּלְאִמֹּ֖ו לֹ֥א יִטַּמָּֽא׃ ,,,יָבֹ֑א ,אָבִ֥יו ,"('p3', 'm', 'sg')","('p3', 'm', 'sg')",WxY0,xYq0,527538,527539
Leviticus 21:14,אֶת־אֵ֖לֶּה לֹ֣א יִקָּ֑ח כִּ֛י אִם־בְּתוּלָ֥ה מֵעַמָּ֖יו יִקַּ֥ח אִשָּֽׁה׃ ,,,יִקָּ֑ח ,עַמָּ֖יו ,"('p3', 'm', 'sg')","('p3', 'm', 'sg')",xYq0,xYq0,527546,527547
Leviticus 22:7,וְאַחַר֙ יֹאכַ֣ל מִן־הַקֳּדָשִׁ֔ים כִּ֥י לַחְמֹ֖ו הֽוּא׃ ,,,יֹאכַ֣ל ,לַחְמֹ֖ו ,"('p3', 'm', 'sg')","('p3', 'm', 'sg')",WxY0,NmCl,527616,527617
Leviticus 23:18,יִהְי֤וּ עֹלָה֙ לַֽיהוָ֔ה וּמִנְחָתָם֙ וְנִסְכֵּיהֶ֔ם אִשֵּׁ֥ה רֵֽיחַ־נִיחֹ֖חַ לַיהוָֽה׃ ,,,יִהְי֤וּ ,מִנְחָתָם֙ ,"('p3', 'm', 'pl')","('p3', 'm', 'pl')",ZYq0,NmCl,527759,527760
Leviticus 25:12,קֹ֖דֶשׁ תִּהְיֶ֣ה לָכֶ֑ם מִן־הַ֨שָּׂדֶ֔ה תֹּאכְל֖וּ אֶת־תְּבוּאָתָֽהּ׃ ,,,תִּהְיֶ֣ה ,תְּבוּאָתָֽהּ׃ ,"('p3', 'f', 'sg')","('p3', 'f', 'sg')",xYq0,xYq0,527956,527957
Leviticus 25:15-16,בְּמִסְפַּ֥ר שְׁנֵֽי־תְבוּאֹ֖ת יִמְכָּר־לָֽךְ׃ לְפִ֣י׀ רֹ֣ב הַשָּׁנִ֗ים תַּרְבֶּה֙ מִקְנָתֹ֔ו ,,,יִמְכָּר־,מִקְנָתֹ֔ו ,"('p3', 'm', 'sg')","('p3', 'm', 'sg')",xYq0,xYq0,527965,527966
Leviticus 26:43,וּבְיַ֔עַן בְּמִשְׁפָּטַ֣י מָאָ֔סוּ וְאֶת־חֻקֹּתַ֖י גָּעֲלָ֥ה נַפְשָֽׁם׃ ,,,מָאָ֔סוּ ,נַפְשָֽׁם׃ ,"('p3', 'unknown', 'pl')","('p3', 'm', 'pl')",WxQ0,WxQX,528270,528271
Numbers 2:9-10,רִאשֹׁנָ֖ה יִסָּֽעוּ׃ ס דֶּ֣גֶל מַחֲנֵ֧ה רְאוּבֵ֛ן תֵּימָ֖נָה לְצִבְאֹתָ֑ם ,,,יִסָּֽעוּ׃ ס ,צִבְאֹתָ֑ם ,"('p3', 'm', 'pl')","('p3', 'm', 'pl')",xYq0,NmCl,528533,528534
Numbers 2:17,כֵּ֣ן יִסָּ֔עוּ אִ֥ישׁ עַל־יָדֹ֖ו לְדִגְלֵיהֶֽם׃ ס ,,,יִסָּ֔עוּ ,דִגְלֵיהֶֽם׃ ס ,"('p3', 'm', 'pl')","('p3', 'm', 'pl')",xYq0,NmCl,528549,528550
Numbers 2:24-25,וּשְׁלִשִׁ֖ים יִסָּֽעוּ׃ ס דֶּ֣גֶל מַחֲנֵ֥ה דָ֛ן צָפֹ֖נָה לְצִבְאֹתָ֑ם ,,,יִסָּֽעוּ׃ ס ,צִבְאֹתָ֑ם ,"('p3', 'm', 'pl')","('p3', 'm', 'pl')",WxY0,NmCl,528561,528562
Numbers 6:6-7,עַל־נֶ֥פֶשׁ מֵ֖ת לֹ֥א יָבֹֽא׃ לְאָבִ֣יו וּלְאִמֹּ֗ו לְאָחִיו֙ וּלְאַ֣חֹתֹ֔ו ,,,יָבֹֽא׃ ,אָבִ֣יו ,"('p3', 'm', 'sg')","('p3', 'm', 'sg')",xYq0,CPen,528985,528986
Numbers 14:23,אִם־יִרְאוּ֙ אֶת־הָאָ֔רֶץ אֲשֶׁ֥ר נִשְׁבַּ֖עְתִּי לַאֲבֹתָ֑ם ,,,יִרְאוּ֙ ,אֲבֹתָ֑ם ,"('p3', 'm', 'pl')","('p3', 'm', 'pl')",xYq0,xQt0,529976,529977
Numbers 14:24,אֲשֶׁר־בָּ֣א שָׁ֔מָּה וְזַרְעֹ֖ו יֹורִשֶֽׁנָּה׃ ,,,בָּ֣א ,זַרְעֹ֖ו ,"('p3', 'm', 'sg')","('p3', 'm', 'sg')",xQt0,WXYq,529983,529984
Numbers 15:31,כִּ֤י דְבַר־יְהוָה֙ בָּזָ֔ה וְאֶת־מִצְוָתֹ֖ו הֵפַ֑ר ,,,בָּזָ֔ה ,מִצְוָתֹ֖ו ,"('p3', 'm', 'sg')","('p3', 'm', 'sg')",xQt0,WxQ0,530155,530156
Numbers 17:2-3,כִּ֖י קָדֵֽשׁוּ׃ אֵ֡ת מַחְתֹּות֩ הַֽחַטָּאִ֨ים הָאֵ֜לֶּה בְּנַפְשֹׁתָ֗ם ,,,קָדֵֽשׁוּ׃ ,נַפְשֹׁתָ֗ם ,"('p3', 'unknown', 'pl')","('p3', 'm', 'pl')",xQt0,CPen,530343,530344
Numbers 24:8,וְעַצְמֹתֵיהֶ֛ם יְגָרֵ֖ם וְחִצָּ֥יו יִמְחָֽץ׃ ,,,יְגָרֵ֖ם ,חִצָּ֥יו ,"('p3', 'm', 'sg')","('p3', 'm', 'sg')",WxY0,WxY0,531271,531272
Numbers 25:18,אֲשֶׁר־נִכְּל֥וּ לָכֶ֖ם עַל־דְּבַר־פְּעֹ֑ור וְעַל־דְּבַ֞ר כָּזְבִּ֨י בַת־נְשִׂ֤יא מִדְיָן֙ אֲחֹתָ֔ם ,,,נִכְּל֥וּ ,אֲחֹתָ֔ם ,"('p3', 'unknown', 'pl')","('p3', 'm', 'pl')",xQt0,Defc,531404,531405
Numbers 28:15,וּשְׂעִ֨יר עִזִּ֥ים אֶחָ֛ד לְחַטָּ֖את לַיהוָ֑ה עַל־עֹלַ֧ת הַתָּמִ֛יד יֵעָשֶׂ֖ה וְנִסְכֹּֽו׃ ס ,,,יֵעָשֶׂ֖ה ,נִסְכֹּֽו׃ ס ,"('p3', 'm', 'sg')","('p3', 'm', 'sg')",WXYq,Ellp,531675,531676
Numbers 28:19-20,תְּמִימִ֖ם יִהְי֥וּ לָכֶֽם׃ וּמִ֨נְחָתָ֔ם סֹ֖לֶת ,,,יִהְי֥וּ ,מִ֨נְחָתָ֔ם ,"('p3', 'm', 'pl')","('p3', 'm', 'pl')",xYq0,NmCl,531683,531684
Numbers 28:24,עַל־עֹולַ֧ת הַתָּמִ֛יד יֵעָשֶׂ֖ה וְנִסְכֹּֽו׃ ,,,יֵעָשֶׂ֖ה ,נִסְכֹּֽו׃ ,"('p3', 'm', 'sg')","('p3', 'm', 'sg')",xYq0,Ellp,531695,531696
Numbers 28:31,תְּמִימִ֥ם יִהְיוּ־לָכֶ֖ם וְנִסְכֵּיהֶֽם׃ פ ,,,יִהְיוּ־,נִסְכֵּיהֶֽם׃ פ ,"('p3', 'm', 'pl')","('p3', 'm', 'pl')",xYq0,Ellp,531713,531714
Numbers 29:8-9,תְּמִימִ֖ם יִהְי֥וּ לָכֶֽם׃ וּמִנְחָתָ֔ם סֹ֖לֶת ,,,יִהְי֥וּ ,מִנְחָתָ֔ם ,"('p3', 'm', 'pl')","('p3', 'm', 'pl')",xYq0,NmCl,531731,531732
Numbers 29:13-14,תְּמִימִ֥ם יִהְיֽוּ׃ וּמִנְחָתָ֔ם סֹ֖לֶת ,,,יִהְיֽוּ׃ ,מִנְחָתָ֔ם ,"('p3', 'm', 'pl')","('p3', 'm', 'pl')",xYq0,NmCl,531742,531743
Numbers 30:7,וְאִם־הָיֹ֤ו תִֽהְיֶה֙ לְאִ֔ישׁ וּנְדָרֶ֖יהָ עָלֶ֑יהָ ,,,תִֽהְיֶה֙ ,נְדָרֶ֖יהָ ,"('p3', 'f', 'sg')","('p3', 'f', 'sg')",WxY0,NmCl,531804,531805
Numbers 35:33,אֲשֶׁ֣ר שֻׁפַּךְ־בָּ֔הּ כִּי־אִ֖ם בְּדַ֥ם שֹׁפְכֹֽו׃ ,,,שֻׁפַּךְ־,שֹׁפְכֹֽו׃ ,"('p3', 'm', 'sg')","('p3', 'm', 'sg')",xQt0,Ellp,532443,532444
Numbers 36:2,וַֽאדֹנִי֙ צֻוָּ֣ה בַֽיהוָ֔ה לָתֵ֗ת אֶֽת־נַחֲלַ֛ת צְלָפְחָ֥ד אָחִ֖ינוּ לִבְנֹתָֽיו׃ ,,,צֻוָּ֣ה ,בְנֹתָֽיו׃ ,"('p3', 'm', 'sg')","('p3', 'm', 'sg')",WXQt,InfC,532454,532455
Numbers 36:3,וְ֠הָיוּ לְאֶחָ֞ד מִבְּנֵ֨י שִׁבְטֵ֥י בְנֵֽי־יִשְׂרָאֵל֮ לְנָשִׁים֒ וְנִגְרְעָ֤ה נַחֲלָתָן֙ מִנַּחֲלַ֣ת אֲבֹתֵ֔ינוּ ,,,הָיוּ ,נַחֲלָתָן֙ ,"('p3', 'unknown', 'pl')","('p3', 'f', 'pl')",WQt0,WQtX,532456,532457
Numbers 36:4,אֲשֶׁ֥ר תִּהְיֶ֖ינָה לָהֶ֑ם וּמִֽנַּחֲלַת֙ מַטֵּ֣ה אֲבֹתֵ֔ינוּ יִגָּרַ֖ע נַחֲלָתָֽן׃ ,,,תִּהְיֶ֖ינָה ,נַחֲלָתָֽן׃ ,"('p3', 'f', 'pl')","('p3', 'f', 'pl')",xYq0,WxYX,532463,532464
Deuteronomy 1:36,אֲשֶׁ֥ר דָּֽרַךְ־בָּ֖הּ וּלְבָנָ֑יו ,,,דָּֽרַךְ־,בָנָ֑יו ,"('p3', 'm', 'sg')","('p3', 'm', 'sg')",xQt0,Defc,532639,532640
Deuteronomy 9:28,אֲשֶׁר־דִּבֶּ֣ר לָהֶ֑ם וּמִשִּׂנְאָתֹ֣ו אֹותָ֔ם ,,,דִּבֶּ֣ר ,שִּׂנְאָתֹ֣ו ,"('p3', 'm', 'sg')","('p3', 'm', 'sg')",xQt0,NmCl,533725,533726
Deuteronomy 10:11,וְיִֽרְשׁ֣וּ אֶת־הָאָ֔רֶץ אֲשֶׁר־נִשְׁבַּ֥עְתִּי לַאֲבֹתָ֖ם ,,,יִֽרְשׁ֣וּ ,אֲבֹתָ֖ם ,"('p3', 'm', 'pl')","('p3', 'm', 'pl')",WYq0,xQt0,533775,533776
Deuteronomy 14:23,אֲשֶׁר־יִבְחַר֮ לְשַׁכֵּ֣ן שְׁמֹ֣ו שָׁם֒ ,,,יִבְחַר֮ ,שְׁמֹ֣ו ,"('p3', 'm', 'sg')","('p3', 'm', 'sg')",xYq0,InfC,534239,534240
Deuteronomy 17:19,לְמַ֣עַן יִלְמַ֗ד לְיִרְאָה֙ אֶת־יְהוָ֣ה אֱלֹהָ֔יו ,,,יִלְמַ֗ד ,אֱלֹהָ֔יו ,"('p3', 'm', 'sg')","('p3', 'm', 'sg')",xYq0,InfC,534539,534540
Deuteronomy 19:11-12,וְנָ֕ס אֶל־אַחַ֖ת הֶעָרִ֥ים הָאֵֽל׃ וְשָֽׁלְחוּ֙ זִקְנֵ֣י עִירֹ֔ו ,,,נָ֕ס ,עִירֹ֔ו ,"('p3', 'm', 'sg')","('p3', 'm', 'sg')",WQt0,WQtX,534682,534683
Deuteronomy 19:19,כַּאֲשֶׁ֥ר זָמַ֖ם לַעֲשֹׂ֣ות לְאָחִ֑יו ,,,זָמַ֖ם ,אָחִ֑יו ,"('p3', 'm', 'sg')","('p3', 'm', 'sg')",xQt0,InfC,534709,534710
Deuteronomy 20:18,לְמַ֗עַן אֲשֶׁ֨ר לֹֽא־יְלַמְּד֤וּ אֶתְכֶם֙ לַעֲשֹׂ֔ות כְּכֹל֙ תֹּֽועֲבֹתָ֔ם ,,,יְלַמְּד֤וּ ,תֹּֽועֲבֹתָ֔ם ,"('p3', 'm', 'pl')","('p3', 'm', 'pl')",xYq0,InfC,534807,534808
Deuteronomy 22:25,אֲשֶׁר־שָׁכַ֥ב עִמָּ֖הּ לְבַדֹּֽו׃ ,,,שָׁכַ֥ב ,בַדֹּֽו׃ ,"('p3', 'm', 'sg')","('p3', 'm', 'sg')",xQt0,NmCl,535033,535034
Deuteronomy 28:54-55,אֲשֶׁ֥ר יֹותִֽיר׃ מִתֵּ֣ת׀ לְאַחַ֣ד מֵהֶ֗ם מִבְּשַׂ֤ר בָּנָיו֙ ,,,יֹותִֽיר׃ ,בָּנָיו֙ ,"('p3', 'm', 'sg')","('p3', 'm', 'sg')",xYq0,InfC,535709,535710
Deuteronomy 32:37-38,חָסָ֥יוּ בֹֽו׃ אֲשֶׁ֨ר חֵ֤לֶב זְבָחֵ֨ימֹו֙ יֹאכֵ֔לוּ ,,,חָסָ֥יוּ ,זְבָחֵ֨ימֹו֙ ,"('p3', 'unknown', 'pl')","('p3', 'm', 'pl')",ZQt0,xYq0,536287,536288
Deuteronomy 33:2,וְאָתָ֖ה מֵרִבְבֹ֣ת קֹ֑דֶשׁ מִֽימִינֹ֕ו אֵ֥שׁ דָּ֖ת לָֽמֹו׃ ,,,אָתָ֖ה ,ימִינֹ֕ו ,"('p3', 'm', 'sg')","('p3', 'm', 'sg')",WQt0,NmCl,536355,536356
Deuteronomy 33:9,וְאֶת־אֶחָיו֙ לֹ֣א הִכִּ֔יר וְאֶת־בָּנָ֖יו לֹ֣א יָדָ֑ע ,,,הִכִּ֔יר ,בָּנָ֖יו ,"('p3', 'm', 'sg')","('p3', 'm', 'sg')",WxQ0,WxQ0,536382,536383
Joshua 2:19,אֲשֶׁ֨ר יִֽהְיֶ֤ה אִתָּךְ֙ בַּבַּ֔יִת דָּמֹ֣ו בְרֹאשֵׁ֔נוּ ,,,יִֽהְיֶ֤ה ,דָּמֹ֣ו ,"('p3', 'm', 'sg')","('p3', 'm', 'sg')",xYq0,NmCl,536695,536696
Joshua 6:26,וּבָנָ֞ה אֶת־הָעִ֤יר הַזֹּאת֙ אֶת־יְרִיחֹ֔ו בִּבְכֹרֹ֣ו יְיַסְּדֶ֔נָּה ,,,בָנָ֞ה ,בְכֹרֹ֣ו ,"('p3', 'm', 'sg')","('p3', 'm', 'sg')",WQt0,xYq0,537095,537096
Judges 1:2,יְהוּדָ֣ה יַעֲלֶ֑ה הִנֵּ֛ה נָתַ֥תִּי אֶת־הָאָ֖רֶץ בְּיָדֹֽו׃ ,,,יַעֲלֶ֑ה ,יָדֹֽו׃ ,"('p3', 'm', 'sg')","('p3', 'm', 'sg')",XYqt,xQt0,538908,538909
Judges 2:3,וְהָי֤וּ לָכֶם֙ לְצִדִּ֔ים וֵאלֹ֣הֵיהֶ֔ם יִהְי֥וּ לָכֶ֖ם לְמֹוקֵֽשׁ׃ ,,,הָי֤וּ ,אלֹ֣הֵיהֶ֔ם ,"('p3', 'unknown', 'pl')","('p3', 'm', 'pl')",WQt0,WXYq,539043,539044
Judges 2:20,יַעַן֩ אֲשֶׁ֨ר עָבְר֜וּ הַגֹּ֣וי הַזֶּ֗ה אֶת־בְּרִיתִי֙ אֲשֶׁ֣ר צִוִּ֣יתִי אֶת־אֲבֹותָ֔ם ,,,עָבְר֜וּ ,אֲבֹותָ֔ם ,"('p3', 'unknown', 'pl')","('p3', 'm', 'pl')",xQtX,xQt0,539111,539112
Judges 5:17,אָשֵׁ֗ר יָשַׁב֙ לְחֹ֣וף יַמִּ֔ים וְעַ֥ל מִפְרָצָ֖יו יִשְׁכֹּֽון׃ ,,,יָשַׁב֙ ,מִפְרָצָ֖יו ,"('p3', 'm', 'sg')","('p3', 'm', 'sg')",XQtl,WxY0,539435,539436
Judges 13:6,אִ֤ישׁ הָאֱלֹהִים֙ בָּ֣א אֵלַ֔י וּמַרְאֵ֕הוּ כְּמַרְאֵ֛ה מַלְאַ֥ךְ הָאֱלֹהִ֖ים ,,,בָּ֣א ,מַרְאֵ֕הוּ ,"('p3', 'm', 'sg')","('p3', 'm', 'sg')",XQtl,NmCl,540583,540584
1_Samuel 3:13,אֲשֶׁר־יָדַ֗ע כִּֽי־מְקַֽלְלִ֤ים לָהֶם֙ בָּנָ֔יו ,,,יָדַ֗ע ,בָּנָ֔יו ,"('p3', 'm', 'sg')","('p3', 'm', 'sg')",xQt0,Ptcp,542172,542173
1_Samuel 6:3,וְנֹודַ֣ע לָכֶ֔ם לָ֛מָּה לֹא־תָס֥וּר יָדֹ֖ו מִכֶּֽם׃ ,,,נֹודַ֣ע ,יָדֹ֖ו ,"('p3', 'm', 'sg')","('p3', 'm', 'sg')",WQt0,xYqX,542400,542401
1_Samuel 10:4,וְנָתְנ֤וּ לְךָ֙ שְׁתֵּי־לֶ֔חֶם וְלָקַחְתָּ֖ מִיָּדָֽם׃ ,,,נָתְנ֤וּ ,יָּדָֽם׃ ,"('p3', 'unknown', 'pl')","('p3', 'm', 'pl')",WQt0,WQt0,542839,542840
1_Samuel 19:4,כִּ֣י לֹ֤וא חָטָא֙ לָ֔ךְ וְכִ֥י מַעֲשָׂ֖יו טֹוב־לְךָ֥ מְאֹֽד׃ ,,,חָטָא֙ ,מַעֲשָׂ֖יו ,"('p3', 'm', 'sg')","('p3', 'm', 'sg')",xQt0,AjCl,544241,544242
1_Samuel 23:23,וְהָיָה֙ אִם־יֶשְׁנֹ֣ו בָאָ֔רֶץ ,,,הָיָה֙ ,יֶשְׁנֹ֣ו ,"('p3', 'm', 'sg')","('p3', 'm', 'sg')",MSyn,NmCl,544882,544883
1_Samuel 25:39,אֲשֶׁ֣ר רָב֩ אֶת־רִ֨יב חֶרְפָּתִ֜י מִיַּ֣ד נָבָ֗ל וְאֶת־עַבְדֹּו֙ חָשַׂ֣ךְ מֵֽרָעָ֔ה ,,,רָב֩ ,עַבְדֹּו֙ ,"('p3', 'm', 'sg')","('p3', 'm', 'sg')",xQt0,WxQ0,545249,545250
2_Samuel 7:12,אֲשֶׁ֥ר יֵצֵ֖א מִמֵּעֶ֑יךָ וַהֲכִינֹתִ֖י אֶת־מַמְלַכְתֹּֽו׃ ,,,יֵצֵ֖א ,מַמְלַכְתֹּֽו׃ ,"('p3', 'm', 'sg')","('p3', 'm', 'sg')",xYq0,WQt0,546622,546623
2_Samuel 13:6,וּתְלַבֵּ֤ב לְעֵינַי֙ שְׁתֵּ֣י לְבִבֹ֔ות וְאֶבְרֶ֖ה מִיָּדָֽהּ׃ ,,,תְלַבֵּ֤ב ,יָּדָֽהּ׃ ,"('p3', 'f', 'sg')","('p3', 'f', 'sg')",WYq0,WYq0,547253,547254
2_Samuel 23:2,ר֥וּחַ יְהוָ֖ה דִּבֶּר־בִּ֑י וּמִלָּתֹ֖ו עַל־לְשֹׁונִֽי׃ ,,,דִּבֶּר־,מִלָּתֹ֖ו ,"('p3', 'm', 'sg')","('p3', 'm', 'sg')",XQtl,NmCl,548874,548875
1_Kings 2:23,וְכֹ֣ה יֹוסִ֔יף כִּ֣י בְנַפְשֹׁ֔ו דִּבֶּר֙ אֲדֹ֣נִיָּ֔הוּ אֶת־הַדָּבָ֖ר הַזֶּֽה׃ ,,,יֹוסִ֔יף ,נַפְשֹׁ֔ו ,"('p3', 'm', 'sg')","('p3', 'm', 'sg')",WxY0,xQtX,549477,549478
1_Kings 8:35,וְהֹוד֣וּ אֶת־שְׁמֶ֔ךָ וּמֵחַטָּאתָ֥ם יְשׁוּב֖וּן ,,,הֹוד֣וּ ,חַטָּאתָ֥ם ,"('p3', 'unknown', 'pl')","('p3', 'm', 'pl')",WQt0,WxY0,550369,550370
1_Kings 8:50,אֲשֶׁ֣ר חָֽטְאוּ־לָ֔ךְ וּלְכָל־פִּשְׁעֵיהֶ֖ם ,,,חָֽטְאוּ־,פִּשְׁעֵיהֶ֖ם ,"('p3', 'unknown', 'pl')","('p3', 'm', 'pl')",xQt0,Ellp,550447,550448
1_Kings 11:34-35,אֲשֶׁ֥ר שָׁמַ֖ר מִצְוֹתַ֥י וְחֻקֹּתָֽי׃ וְלָקַחְתִּ֥י הַמְּלוּכָ֖ה מִיַּ֣ד בְּנֹ֑ו ,,,שָׁמַ֖ר ,בְּנֹ֑ו ,"('p3', 'm', 'sg')","('p3', 'm', 'sg')",xQt0,WQt0,550853,550854
1_Kings 20:39,אִם־הִפָּקֵד֙ יִפָּקֵ֔ד וְהָיְתָ֤ה נַפְשְׁךָ֙ תַּ֣חַת נַפְשֹׁ֔ו ,,,יִפָּקֵ֔ד ,נַפְשֹׁ֔ו ,"('p3', 'm', 'sg')","('p3', 'm', 'sg')",xYq0,WQtX,552405,552406
1_Kings 21:29,יַ֜עַן כִּֽי־נִכְנַ֣ע מִפָּנַ֗י לֹֽא־אָבִ֤יא הָֽרָעָה֙ בְּיָמָ֔יו ,,,נִכְנַ֣ע ,יָמָ֔יו ,"('p3', 'm', 'sg')","('p3', 'm', 'sg')",xQt0,xYq0,552586,552587
2_Kings 18:29,כִּי־לֹ֣א יוּכַ֔ל לְהַצִּ֥יל אֶתְכֶ֖ם מִיָּדֹֽו׃ ,,,יוּכַ֔ל ,יָּדֹֽו׃ ,"('p3', 'm', 'sg')","('p3', 'm', 'sg')",xYq0,InfC,555460,555461
Isaiah 1:27,צִיֹּ֖ון בְּמִשְׁפָּ֣ט תִּפָּדֶ֑ה וְשָׁבֶ֖יהָ בִּצְדָקָֽה׃ ,,,תִּפָּדֶ֑ה ,שָׁבֶ֖יהָ ,"('p3', 'f', 'sg')","('p3', 'f', 'sg')",XYqt,Ellp,556441,556442
Isaiah 2:18-19,וְהָאֱלִילִ֖ים כָּלִ֥יל יַחֲלֹֽף׃ וּבָ֨אוּ֙ בִּמְעָרֹ֣ות צֻרִ֔ים וּבִמְחִלֹּ֖ות עָפָ֑ר מִפְּנֵ֞י פַּ֤חַד יְהוָה֙ וּמֵהֲדַ֣ר גְּאֹונֹ֔ו ,,,יַחֲלֹֽף׃ ,גְּאֹונֹ֔ו ,"('p3', 'm', 'sg')","('p3', 'm', 'sg')",WXYq,WQt0,556511,556512
Isaiah 6:10,וּבְאָזְנָ֣יו יִשְׁמָ֗ע וּלְבָבֹ֥ו יָבִ֛ין ,,,יִשְׁמָ֗ע ,לְבָבֹ֥ו ,"('p3', 'm', 'sg')","('p3', 'm', 'sg')",WxY0,WXYq,556806,556807
Isaiah 10:7,וְהוּא֙ לֹא־כֵ֣ן יְדַמֶּ֔ה וּלְבָבֹ֖ו לֹא־כֵ֣ן יַחְשֹׁ֑ב ,,,יְדַמֶּ֔ה ,לְבָבֹ֖ו ,"('p3', 'm', 'sg')","('p3', 'm', 'sg')",WXYq,WXYq,557117,557118
Isaiah 13:18,וּפְרִי־בֶ֨טֶן֙ לֹ֣א יְרַחֵ֔מוּ עַל־בָּנִ֖ים לֹֽא־תָח֥וּס עֵינָֽם׃ ,,,יְרַחֵ֔מוּ ,עֵינָֽם׃ ,"('p3', 'm', 'pl')","('p3', 'm', 'pl')",WxY0,xYqX,557356,557357
Isaiah 14:17,שָׂ֥ם תֵּבֵ֛ל כַּמִּדְבָּ֖ר וְעָרָ֣יו הָרָ֑ס ,,,שָׂ֥ם ,עָרָ֣יו ,"('p3', 'm', 'sg')","('p3', 'm', 'sg')",ZQt0,WxQ0,557429,557430
Isaiah 14:17,וְעָרָ֣יו הָרָ֑ס אֲסִירָ֖יו לֹא־פָ֥תַח בָּֽיְתָה׃ ,,,הָרָ֑ס ,אֲסִירָ֖יו ,"('p3', 'm', 'sg')","('p3', 'm', 'sg')",WxQ0,xQt0,557430,557431
Isaiah 28:21,כְּעֵ֖מֶק בְּגִבְעֹ֣ון יִרְגָּ֑ז לַעֲשֹׂ֤ות מַעֲשֵׂ֨הוּ֙ ,,,יִרְגָּ֑ז ,מַעֲשֵׂ֨הוּ֙ ,"('p3', 'm', 'sg')","('p3', 'm', 'sg')",xYq0,InfC,558421,558422
Isaiah 29:8,וְהֵקִיץ֮ וְרֵיקָ֣ה נַפְשֹׁו֒ ,,,הֵקִיץ֮ ,נַפְשֹׁו֒ ,"('p3', 'm', 'sg')","('p3', 'm', 'sg')",WQt0,AjCl,558483,558484
Isaiah 31:9,וְסַלְעֹו֙ מִמָּגֹ֣ור יַֽעֲבֹ֔ור וְחַתּ֥וּ מִנֵּ֖ס שָׂרָ֑יו ,,,יַֽעֲבֹ֔ור ,שָׂרָ֑יו ,"('p3', 'm', 'sg')","('p3', 'm', 'sg')",WXYq,WQtX,558760,558761
Isaiah 33:16,ה֚וּא מְרֹומִ֣ים יִשְׁכֹּ֔ן מְצָדֹ֥ות סְלָעִ֖ים מִשְׂגַּבֹּ֑ו ,,,יִשְׁכֹּ֔ן ,מִשְׂגַּבֹּ֑ו ,"('p3', 'm', 'sg')","('p3', 'm', 'sg')",XYqt,NmCl,558902,558903
Isaiah 34:3,וְחַלְלֵיהֶ֣ם יֻשְׁלָ֔כוּ וּפִגְרֵיהֶ֖ם ,,,יֻשְׁלָ֔כוּ ,פִגְרֵיהֶ֖ם ,"('p3', 'm', 'pl')","('p3', 'm', 'pl')",WXYq,CPen,558954,558955
Isaiah 34:10,לַ֤יְלָה וְיֹומָם֙ לֹ֣א תִכְבֶּ֔ה לְעֹולָ֖ם יַעֲלֶ֣ה עֲשָׁנָ֑הּ ,,,תִכְבֶּ֔ה ,עֲשָׁנָ֑הּ ,"('p3', 'f', 'sg')","('p3', 'f', 'sg')",xYq0,xYqX,558978,558979
Isaiah 34:16,ה֣וּא צִוָּ֔ה וְרוּחֹ֖ו ,,,צִוָּ֔ה ,רוּחֹ֖ו ,"('p3', 'm', 'sg')","('p3', 'm', 'sg')",XQtl,CPen,559006,559007
Isaiah 40:10,הִנֵּ֨ה אֲדֹנָ֤י יְהוִה֙ בְּחָזָ֣ק יָבֹ֔וא וּזְרֹעֹ֖ו מֹ֣שְׁלָה לֹ֑ו ,,,יָבֹ֔וא ,זְרֹעֹ֖ו ,"('p3', 'm', 'sg')","('p3', 'm', 'sg')",XYqt,Ptcp,559497,559498
Isaiah 40:11,כְּרֹעֶה֙ עֶדְרֹ֣ו יִרְעֶ֔ה בִּזְרֹעֹו֙ יְקַבֵּ֣ץ טְלָאִ֔ים ,,,יִרְעֶ֔ה ,זְרֹעֹו֙ ,"('p3', 'm', 'sg')","('p3', 'm', 'sg')",xYq0,xYq0,559501,559502
Isaiah 40:11,בִּזְרֹעֹו֙ יְקַבֵּ֣ץ טְלָאִ֔ים וּבְחֵיקֹ֖ו יִשָּׂ֑א ,,,יְקַבֵּ֣ץ ,חֵיקֹ֖ו ,"('p3', 'm', 'sg')","('p3', 'm', 'sg')",xYq0,WxY0,559502,559503
Isaiah 40:24,אַ֚ף בַּל־זֹרָ֔עוּ אַ֛ף בַּל־שֹׁרֵ֥שׁ בָּאָ֖רֶץ גִּזְעָ֑ם ,,,זֹרָ֔עוּ ,גִּזְעָ֑ם ,"('p3', 'unknown', 'pl')","('p3', 'm', 'pl')",xQt0,xQtX,559552,559553
Isaiah 41:28-29,וְיָשִׁ֥יבוּ דָבָֽר׃ הֵ֣ן כֻּלָּ֔ם אָ֥וֶן ,,,יָשִׁ֥יבוּ ,כֻּלָּ֔ם ,"('p3', 'm', 'pl')","('p3', 'm', 'pl')",WYq0,NmCl,559738,559739
Isaiah 42:13,אַף־יַצְרִ֔יחַ עַל־אֹיְבָ֖יו יִתְגַּבָּֽר׃ ס ,,,יַצְרִ֔יחַ ,אֹיְבָ֖יו ,"('p3', 'm', 'sg')","('p3', 'm', 'sg')",xYq0,xYq0,559795,559796
Isaiah 44:9,וַחֲמוּדֵיהֶ֖ם בַּל־יֹועִ֑ילוּ וְעֵדֵיהֶ֣ם הֵ֗ׄמָּׄהׄ ,,,יֹועִ֑ילוּ ,עֵדֵיהֶ֣ם ,"('p3', 'm', 'pl')","('p3', 'm', 'pl')",WXYq,NmCl,560033,560034
Isaiah 46:7,וְיַֽעֲמֹ֔ד מִמְּקֹומֹ֖ו לֹ֣א יָמִ֑ישׁ ,,,יַֽעֲמֹ֔ד ,מְּקֹומֹ֖ו ,"('p3', 'm', 'sg')","('p3', 'm', 'sg')",WYq0,xYq0,560335,560336
Isaiah 46:7,וְלֹ֣א יַעֲנֶ֔ה מִצָּרָתֹ֖ו לֹ֥א יֹושִׁיעֶֽנּוּ׃ ס ,,,יַעֲנֶ֔ה ,צָּרָתֹ֖ו ,"('p3', 'm', 'sg')","('p3', 'm', 'sg')",WxY0,xYq0,560338,560339
Isaiah 49:9,עַל־דְּרָכִ֣ים יִרְע֔וּ וּבְכָל־שְׁפָיִ֖ים מַרְעִיתָֽם׃ ,,,יִרְע֔וּ ,מַרְעִיתָֽם׃ ,"('p3', 'm', 'pl')","('p3', 'm', 'pl')",xYq0,NmCl,560622,560623
Isaiah 51:6,וְהָאָ֨רֶץ֙ כַּבֶּ֣גֶד תִּבְלֶ֔ה וְיֹשְׁבֶ֖יהָ כְּמֹו־כֵ֣ן יְמוּת֑וּן ,,,תִּבְלֶ֔ה ,יֹשְׁבֶ֖יהָ ,"('p3', 'f', 'sg')","('p3', 'f', 'sg')",WXYq,WXYq,560797,560798
Isaiah 51:11,וּבָ֤אוּ צִיֹּון֙ בְּרִנָּ֔ה וְשִׂמְחַ֥ת עֹולָ֖ם עַל־רֹאשָׁ֑ם ,,,בָ֤אוּ ,רֹאשָׁ֑ם ,"('p3', 'unknown', 'pl')","('p3', 'm', 'pl')",WQt0,NmCl,560824,560825
Isaiah 53:10-11,וְחֵ֥פֶץ יְהוָ֖ה בְּיָדֹ֥ו יִצְלָֽח׃ מֵעֲמַ֤ל נַפְשֹׁו֙ יִרְאֶ֣ה ,,,יִצְלָֽח׃ ,נַפְשֹׁו֙ ,"('p3', 'm', 'sg')","('p3', 'm', 'sg')",WXYq,xYq0,561020,561021
Isaiah 53:11,יִשְׂבָּ֔ע בְּדַעְתֹּ֗ו יַצְדִּ֥יק צַדִּ֛יק עַבְדִּ֖י לָֽרַבִּ֑ים ,,,יִשְׂבָּ֔ע ,דַעְתֹּ֗ו ,"('p3', 'm', 'sg')","('p3', 'm', 'sg')",ZYq0,xYqX,561022,561023
Isaiah 56:10,כֻּלָּם֙ לֹ֣א יָדָ֔עוּ כֻּלָּם֙ כְּלָבִ֣ים אִלְּמִ֔ים ,,,יָדָ֔עוּ ,כֻּלָּם֙ ,"('p3', 'unknown', 'pl')","('p3', 'm', 'pl')",XQtl,NmCl,561229,561230
Isaiah 59:5,וְקוּרֵ֥י עַכָּבִ֖ישׁ יֶאֱרֹ֑גוּ הָאֹכֵ֤ל מִבֵּֽיצֵיהֶם֙ ,,,יֶאֱרֹ֑גוּ ,בֵּֽיצֵיהֶם֙ ,"('p3', 'm', 'pl')","('p3', 'm', 'pl')",WxY0,Ptcp,561447,561448
Isaiah 59:8,דֶּ֤רֶךְ שָׁלֹום֙ לֹ֣א יָדָ֔עוּ וְאֵ֥ין מִשְׁפָּ֖ט בְּמַעְגְּלֹותָ֑ם ,,,יָדָ֔עוּ ,מַעְגְּלֹותָ֑ם ,"('p3', 'unknown', 'pl')","('p3', 'm', 'pl')",xQt0,NmCl,561462,561463
Isaiah 62:11,הִנֵּ֥ה יִשְׁעֵ֖ךְ בָּ֑א הִנֵּ֤ה שְׂכָרֹו֙ אִתֹּ֔ו ,,,בָּ֑א ,שְׂכָרֹו֙ ,"('p3', 'm', 'sg')","('p3', 'm', 'sg')",XQtl,NmCl,561736,561737
Isaiah 66:15,כִּֽי־הִנֵּ֤ה יְהוָה֙ בָּאֵ֣שׁ יָבֹ֔וא וְכַסּוּפָ֖ה מַרְכְּבֹתָ֑יו ,,,יָבֹ֔וא ,מַרְכְּבֹתָ֑יו ,"('p3', 'm', 'sg')","('p3', 'm', 'sg')",XYqt,Ellp,562091,562092
Isaiah 66:23,וְהָיָ֗ה מִֽדֵּי־חֹ֨דֶשׁ֙ בְּחָדְשֹׁ֔ו וּמִדֵּ֥י שַׁבָּ֖ת בְּשַׁבַּתֹּ֑ו יָבֹ֧וא כָל־בָּשָׂ֛ר ,,,הָיָ֗ה ,חָדְשֹׁ֔ו ,"('p3', 'm', 'sg')","('p3', 'm', 'sg')",MSyn,xYqX,562125,562126
Jeremiah 4:13,הִנֵּ֣ה׀ כַּעֲנָנִ֣ים יַעֲלֶ֗ה וְכַסּוּפָה֙ מַרְכְּבֹותָ֔יו ,,,יַעֲלֶ֗ה ,מַרְכְּבֹותָ֔יו ,"('p3', 'm', 'sg')","('p3', 'm', 'sg')",xYq0,NmCl,562582,562583
Jeremiah 5:4,כִּ֣י לֹ֤א יָדְעוּ֙ דֶּ֣רֶךְ יְהוָ֔ה מִשְׁפַּ֖ט אֱלֹהֵיהֶֽם׃ ,,,יָדְעוּ֙ ,אֱלֹהֵיהֶֽם׃ ,"('p3', 'unknown', 'pl')","('p3', 'm', 'pl')",xQt0,Ellp,562696,562697
Jeremiah 5:5,כִּ֣י הֵ֗מָּה יָדְעוּ֙ דֶּ֣רֶךְ יְהוָ֔ה מִשְׁפַּ֖ט אֱלֹהֵיהֶ֑ם ,,,יָדְעוּ֙ ,אֱלֹהֵיהֶ֑ם ,"('p3', 'unknown', 'pl')","('p3', 'm', 'pl')",XQtl,Ellp,562700,562701
Jeremiah 5:15-16,מַה־יְדַבֵּֽר׃ אַשְׁפָּתֹ֖ו כְּקֶ֣בֶר פָּת֑וּחַ ,,,יְדַבֵּֽר׃ ,אַשְׁפָּתֹ֖ו ,"('p3', 'm', 'sg')","('p3', 'm', 'sg')",XYqt,NmCl,562757,562758
Jeremiah 6:10,וְיִשְׁמָ֔עוּ הִנֵּה֙ עֲרֵלָ֣ה אָזְנָ֔ם ,,,יִשְׁמָ֔עוּ ,אָזְנָ֔ם ,"('p3', 'm', 'pl')","('p3', 'm', 'pl')",WYq0,AjCl,562877,562878
Jeremiah 6:23,וְלֹ֣א יְרַחֵ֔מוּ קֹולָם֙ כַּיָּ֣ם יֶהֱמֶ֔ה ,,,יְרַחֵ֔מוּ ,קֹולָם֙ ,"('p3', 'm', 'pl')","('p3', 'm', 'pl')",WxY0,XYqt,562946,562947
Jeremiah 8:12,לָכֵ֞ן יִפְּל֣וּ בַנֹּפְלִ֗ים בְּעֵ֧ת פְּקֻדָּתָ֛ם יִכָּשְׁל֖וּ ,,,יִפְּל֣וּ ,פְּקֻדָּתָ֛ם ,"('p3', 'm', 'pl')","('p3', 'm', 'pl')",xYq0,xYq0,563192,563193
Jeremiah 9:7,מִרְמָ֣ה דִבֵּ֑ר בְּפִ֗יו שָׁלֹ֤ום אֶת־רֵעֵ֨הוּ֙ יְדַבֵּ֗ר ,,,דִבֵּ֑ר ,פִ֗יו ,"('p3', 'm', 'sg')","('p3', 'm', 'sg')",xQt0,xYq0,563273,563274
Jeremiah 9:7,בְּפִ֗יו שָׁלֹ֤ום אֶת־רֵעֵ֨הוּ֙ יְדַבֵּ֗ר וּבְקִרְבֹּ֖ו יָשִׂ֥ים אָרְבֹּֽו׃ ,,,יְדַבֵּ֗ר ,קִרְבֹּ֖ו ,"('p3', 'm', 'sg')","('p3', 'm', 'sg')",xYq0,WxY0,563274,563275
Jeremiah 10:21,עַל־כֵּן֙ לֹ֣א הִשְׂכִּ֔ילוּ וְכָל־מַרְעִיתָ֖ם נָפֹֽוצָה׃ ס ,,,הִשְׂכִּ֔ילוּ ,מַרְעִיתָ֖ם ,"('p3', 'unknown', 'pl')","('p3', 'm', 'pl')",xQt0,WXQt,563444,563445
Jeremiah 11:10,הֵפֵ֤רוּ בֵֽית־יִשְׂרָאֵל֙ וּבֵ֣ית יְהוּדָ֔ה אֶת־בְּרִיתִ֕י אֲשֶׁ֥ר כָּרַ֖תִּי אֶת־אֲבֹותָֽם׃ ס ,,,הֵפֵ֤רוּ ,אֲבֹותָֽם׃ ס ,"('p3', 'unknown', 'pl')","('p3', 'm', 'pl')",ZQtX,xQt0,563520,563521
Jeremiah 11:22,הַבַּֽחוּרִים֙ יָמֻ֣תוּ בַחֶ֔רֶב בְּנֵיהֶם֙ וּבְנֹ֣ותֵיהֶ֔ם יָמֻ֖תוּ בָּרָעָֽב׃ ,,,יָמֻ֣תוּ ,בְּנֵיהֶם֙ ,"('p3', 'm', 'pl')","('p3', 'm', 'pl')",XYqt,XYqt,563577,563578
Jeremiah 12:2,גַּם־עָ֣שׂוּ פֶ֑רִי קָרֹ֤וב אַתָּה֙ בְּפִיהֶ֔ם ,,,עָ֣שׂוּ ,פִיהֶ֔ם ,"('p3', 'unknown', 'pl')","('p3', 'm', 'pl')",xQt0,AjCl,563590,563591
Jeremiah 14:3,שָׁ֤בוּ כְלֵיהֶם֙ רֵיקָ֔ם ,,,שָׁ֤בוּ ,כְלֵיהֶם֙ ,"('p3', 'unknown', 'pl')","('p3', 'm', 'pl')",ZQt0,NmCl,563800,563801
Jeremiah 14:12,כִּ֣י יָצֻ֗מוּ אֵינֶ֤נִּי שֹׁמֵ֨עַ֙ אֶל־רִנָּתָ֔ם ,,,יָצֻ֗מוּ ,רִנָּתָ֔ם ,"('p3', 'm', 'pl')","('p3', 'm', 'pl')",xYq0,Ptcp,563844,563845
Jeremiah 16:4,וּבַחֶ֤רֶב וּבָֽרָעָב֙ יִכְל֔וּ וְהָיְתָ֤ה נִבְלָתָם֙ לְמַאֲכָ֔ל לְעֹ֥וף הַשָּׁמַ֖יִם וּלְבֶהֱמַ֥ת הָאָֽרֶץ׃ ס ,,,יִכְל֔וּ ,נִבְלָתָם֙ ,"('p3', 'm', 'pl')","('p3', 'm', 'pl')",WxY0,WQtX,564036,564037
Jeremiah 16:17,לֹ֥א נִסְתְּר֖וּ מִלְּפָנָ֑י וְלֹֽא־נִצְפַּ֥ן עֲוֹנָ֖ם מִנֶּ֥גֶד עֵינָֽי׃ ,,,נִסְתְּר֖וּ ,עֲוֹנָ֖ם ,"('p3', 'unknown', 'pl')","('p3', 'm', 'pl')",xQt0,WxQ0,564100,564101
Jeremiah 22:13,בְּרֵעֵ֨הוּ֙ יַעֲבֹ֣ד חִנָּ֔ם וּפֹעֲלֹ֖ו לֹ֥א יִתֶּן־לֹֽו׃ ,,,יַעֲבֹ֣ד ,פֹעֲלֹ֖ו ,"('p3', 'm', 'sg')","('p3', 'm', 'sg')",xYq0,WxY0,564637,564638
Jeremiah 25:30,יְהוָ֞ה מִמָּרֹ֤ום יִשְׁאָג֙ וּמִמְּעֹ֤ון קָדְשֹׁו֙ יִתֵּ֣ן קֹולֹ֔ו ,,,יִשְׁאָג֙ ,קָדְשֹׁו֙ ,"('p3', 'm', 'sg')","('p3', 'm', 'sg')",XYqt,WxY0,565072,565073
Jeremiah 31:12,וְנָהֲר֞וּ אֶל־ט֣וּב יְהוָ֗ה עַל־דָּגָן֙ וְעַל־תִּירֹ֣שׁ וְעַל־יִצְהָ֔ר וְעַל־בְּנֵי־צֹ֖אן וּבָקָ֑ר וְהָיְתָ֤ה נַפְשָׁם֙ כְּגַ֣ן רָוֶ֔ה ,,,נָהֲר֞וּ ,נַפְשָׁם֙ ,"('p3', 'unknown', 'pl')","('p3', 'm', 'pl')",WQt0,WQtX,565687,565688
Jeremiah 31:15,מֵאֲנָ֛ה לְהִנָּחֵ֥ם עַל־בָּנֶ֖יהָ ,,,מֵאֲנָ֛ה ,בָּנֶ֖יהָ ,"('p3', 'f', 'sg')","('p3', 'f', 'sg')",ZQt0,InfC,565704,565705
Jeremiah 31:23,עֹ֣וד יֹאמְר֞וּ אֶת־הַדָּבָ֣ר הַזֶּ֗ה בְּאֶ֤רֶץ יְהוּדָה֙ וּבְעָרָ֔יו בְּשׁוּבִ֖י אֶת־שְׁבוּתָ֑ם ,,,יֹאמְר֞וּ ,שְׁבוּתָ֑ם ,"('p3', 'm', 'pl')","('p3', 'm', 'pl')",xYq0,InfC,565754,565755
Jeremiah 33:8,אֲשֶׁ֣ר חָֽטְאוּ־לִ֑י וְסָלַחְתִּ֗י לְכָל־עֲוֹנֹֽותֵיהֶם֙ ,,,חָֽטְאוּ־,עֲוֹנֹֽותֵיהֶם֙ ,"('p3', 'unknown', 'pl')","('p3', 'm', 'pl')",xQt0,WQt0,566055,566056
Jeremiah 33:24,וְאֶת־עַמִּי֙ יִנְאָצ֔וּן מִֽהְיֹ֥ות עֹ֖וד גֹּ֥וי לִפְנֵיהֶֽם׃ ס ,,,יִנְאָצ֔וּן ,פְנֵיהֶֽם׃ ס ,"('p3', 'm', 'pl')","('p3', 'm', 'pl')",WxY0,InfC,566126,566127
Jeremiah 36:3,לְמַ֣עַן יָשׁ֗וּבוּ אִ֚ישׁ מִדַּרְכֹּ֣ו הָרָעָ֔ה וְסָלַחְתִּ֥י לַעֲוֹנָ֖ם וּלְחַטָּאתָֽם׃ ס ,,,יָשׁ֗וּבוּ ,עֲוֹנָ֖ם ,"('p3', 'm', 'pl')","('p3', 'm', 'pl')",xYq0,WQt0,566348,566349
Jeremiah 46:7,מִי־זֶ֖ה כַּיְאֹ֣ר יַֽעֲלֶ֑ה כַּנְּהָרֹ֕ות יִֽתְגָּעֲשׁ֖וּ מֵימָֽיו׃ ,,,יַֽעֲלֶ֑ה ,מֵימָֽיו׃ ,"('p3', 'm', 'sg')","('p3', 'm', 'sg')",XYqt,xYqX,567349,567350
Jeremiah 46:21,לֹ֣א עָמָ֑דוּ כִּ֣י יֹ֥ום אֵידָ֛ם בָּ֥א עֲלֵיהֶ֖ם עֵ֥ת פְּקֻדָּתָֽם׃ ,,,עָמָ֑דוּ ,אֵידָ֛ם ,"('p3', 'unknown', 'pl')","('p3', 'm', 'pl')",xQt0,XQtl,567416,567417
Jeremiah 48:9,כִּ֥י נָצֹ֖א תֵּצֵ֑א וְעָרֶ֨יהָ֙ לְשַׁמָּ֣ה תִֽהְיֶ֔ינָה ,,,תֵּצֵ֑א ,עָרֶ֨יהָ֙ ,"('p3', 'f', 'sg')","('p3', 'f', 'sg')",xYq0,WXYq,567516,567517
Jeremiah 48:12,וְכֵלָ֣יו יָרִ֔יקוּ וְנִבְלֵיהֶ֖ם יְנַפֵּֽצוּ׃ ,,,יָרִ֔יקוּ ,נִבְלֵיהֶ֖ם ,"('p3', 'm', 'pl')","('p3', 'm', 'pl')",WxY0,WxY0,567533,567534
Jeremiah 49:2,וְהָֽיְתָה֙ לְתֵ֣ל שְׁמָמָ֔ה וּבְנֹתֶ֖יהָ בָּאֵ֣שׁ תִּצַּ֑תְנָה ,,,הָֽיְתָה֙ ,בְנֹתֶ֖יהָ ,"('p3', 'f', 'sg')","('p3', 'f', 'sg')",WQt0,WXYq,567673,567674
Jeremiah 49:3,כִּ֤י מַלְכָּם֙ בַּגֹּולָ֣ה יֵלֵ֔ךְ כֹּהֲנָ֥יו וְשָׂרָ֖יו יַחְדָּֽיו׃ ,,,יֵלֵ֔ךְ ,כֹּהֲנָ֥יו ,"('p3', 'm', 'sg')","('p3', 'm', 'sg')",XYqt,Ellp,567685,567686
Jeremiah 49:20,אֲשֶׁ֤ר יָעַץ֙ אֶל־אֱדֹ֔ום וּמַ֨חְשְׁבֹותָ֔יו ,,,יָעַץ֙ ,מַ֨חְשְׁבֹותָ֔יו ,"('p3', 'm', 'sg')","('p3', 'm', 'sg')",xQt0,Defc,567772,567773
Jeremiah 49:29,אָהֳלֵיהֶ֤ם וְצֹאנָם֙ יִקָּ֔חוּ יְרִיעֹותֵיהֶ֧ם וְכָל־כְּלֵיהֶ֛ם וּגְמַלֵּיהֶ֖ם יִשְׂא֣וּ לָהֶ֑ם ,,,יִקָּ֔חוּ ,יְרִיעֹותֵיהֶ֧ם ,"('p3', 'm', 'pl')","('p3', 'm', 'pl')",xYq0,xYq0,567810,567811
Jeremiah 50:4,הָלֹ֤וךְ וּבָכֹו֙ יֵלֵ֔כוּ וְאֶת־יְהוָ֥ה אֱלֹהֵיהֶ֖ם יְבַקֵּֽשׁוּ׃ ,,,יֵלֵ֔כוּ ,אֱלֹהֵיהֶ֖ם ,"('p3', 'm', 'pl')","('p3', 'm', 'pl')",xYq0,WxY0,567878,567879
Jeremiah 50:5,יִשְׁאָ֔לוּ דֶּ֖רֶךְ הֵ֣נָּה פְנֵיהֶ֑ם ,,,יִשְׁאָ֔לוּ ,פְנֵיהֶ֑ם ,"('p3', 'm', 'pl')","('p3', 'm', 'pl')",ZYq0,NmCl,567881,567882
Jeremiah 50:6,צֹ֤אן אֹֽבְדֹות֙ הָי֣וּ עַמִּ֔י רֹעֵיהֶ֣ם הִתְע֔וּם ,,,הָי֣וּ ,רֹעֵיהֶ֣ם ,"('p3', 'unknown', 'pl')","('p3', 'm', 'pl')",xQtX,XQtl,567886,567887
Jeremiah 50:10,וְהָיְתָ֥ה כַשְׂדִּ֖ים לְשָׁלָ֑ל כָּל־שֹׁלְלֶ֥יהָ יִשְׂבָּ֖עוּ ,,,הָיְתָ֥ה ,שֹׁלְלֶ֥יהָ ,"('p3', 'f', 'sg')","('p3', 'f', 'sg')",WQtX,XYqt,567904,567905
Jeremiah 50:29-30,כִּ֧י אֶל־יְהוָ֛ה זָ֖דָה אֶל־קְדֹ֥ושׁ יִשְׂרָאֵֽל׃ לָכֵ֛ן יִפְּל֥וּ בַחוּרֶ֖יהָ בִּרְחֹבֹתֶ֑יהָ ,,,זָ֖דָה ,בַחוּרֶ֖יהָ ,"('p3', 'f', 'sg')","('p3', 'f', 'sg')",xQt0,xYqX,568005,568006
Jeremiah 50:39-40,וְלֹ֥א תִשְׁכֹּ֖ון עַד־דֹּ֥ור וָדֹֽור׃ כְּמַהְפֵּכַ֨ת אֱלֹהִ֜ים אֶת־סְדֹ֧ם וְאֶת־עֲמֹרָ֛ה וְאֶת־שְׁכֵנֶ֖יהָ ,,,תִשְׁכֹּ֖ון ,שְׁכֵנֶ֖יהָ ,"('p3', 'f', 'sg')","('p3', 'f', 'sg')",WxY0,Defc,568048,568049
Jeremiah 50:42,וְלֹ֣א יְרַחֵ֔מוּ קֹולָם֙ כַּיָּ֣ם יֶהֱמֶ֔ה ,,,יְרַחֵ֔מוּ ,קֹולָם֙ ,"('p3', 'm', 'pl')","('p3', 'm', 'pl')",WxY0,XYqt,568057,568058
Jeremiah 50:45,אֲשֶׁ֤ר יָעַץ֙ אֶל־בָּבֶ֔ל וּמַ֨חְשְׁבֹותָ֔יו ,,,יָעַץ֙ ,מַ֨חְשְׁבֹותָ֔יו ,"('p3', 'm', 'sg')","('p3', 'm', 'sg')",xQt0,Ellp,568077,568078
Jeremiah 51:42-43,בַּהֲמֹ֥ון גַּלָּ֖יו נִכְסָֽתָה׃ הָי֤וּ עָרֶ֨יהָ֙ לְשַׁמָּ֔ה אֶ֖רֶץ צִיָּ֣ה וַעֲרָבָ֑ה אֶ֗רֶץ ,,,נִכְסָֽתָה׃ ,עָרֶ֨יהָ֙ ,"('p3', 'f', 'sg')","('p3', 'f', 'sg')",xQt0,ZQtX,568258,568259
Jeremiah 51:44-45,גַּם־חֹומַ֥ת בָּבֶ֖ל נָפָֽלָה׃ צְא֤וּ מִתֹּוכָהּ֙ ,,,נָפָֽלָה׃ ,תֹּוכָהּ֙ ,"('p3', 'f', 'sg')","('p3', 'f', 'sg')",XQtl,ZIm0,568265,568266
Jeremiah 51:47,וְכָל־אַרְצָ֖הּ תֵּבֹ֑ושׁ וְכָל־חֲלָלֶ֖יהָ יִפְּל֥וּ בְתֹוכָֽהּ׃ ,,,תֵּבֹ֑ושׁ ,חֲלָלֶ֖יהָ ,"('p3', 'f', 'sg')","('p3', 'f', 'sg')",WXYq,WXYq,568280,568281
Jeremiah 51:58,חֹ֠מֹות בָּבֶ֤ל הָֽרְחָבָה֙ עַרְעֵ֣ר תִּתְעַרְעָ֔ר וּשְׁעָרֶ֥יהָ הַגְּבֹהִ֖ים בָּאֵ֣שׁ יִצַּ֑תּוּ ,,,תִּתְעַרְעָ֔ר ,שְׁעָרֶ֥יהָ ,"('p3', 'f', 'sg')","('p3', 'f', 'sg')",XYqt,WXYq,568322,568323
Ezekiel 2:5,וְיָ֣דְע֔וּ כִּ֥י נָבִ֖יא הָיָ֥ה בְתֹוכָֽם׃ פ ,,,יָ֣דְע֔וּ ,תֹוכָֽם׃ פ ,"('p3', 'unknown', 'pl')","('p3', 'm', 'pl')",WQt0,XQtl,568618,568619
Ezekiel 3:18,ה֤וּא רָשָׁע֙ בַּעֲוֹנֹ֣ו יָמ֔וּת וְדָמֹ֖ו מִיָּדְךָ֥ אֲבַקֵּֽשׁ׃ ,,,יָמ֔וּת ,דָמֹ֖ו ,"('p3', 'm', 'sg')","('p3', 'm', 'sg')",XYqt,WxY0,568731,568732
Ezekiel 3:20,בְּחַטָּאתֹ֣ו יָמ֔וּת וְלֹ֣א תִזָּכַ֗רְןָ צִדְקֹתָיו֙ ,,,יָמ֔וּת ,צִדְקֹתָיו֙ ,"('p3', 'm', 'sg')","('p3', 'm', 'sg')",xYq0,WxYX,568744,568745
Ezekiel 3:20,אֲשֶׁ֣ר עָשָׂ֔ה וְדָמֹ֖ו מִיָּדְךָ֥ אֲבַקֵּֽשׁ׃ ,,,עָשָׂ֔ה ,דָמֹ֖ו ,"('p3', 'm', 'sg')","('p3', 'm', 'sg')",xQt0,WxY0,568746,568747
Ezekiel 6:9,אֲשֶׁ֣ר נִשְׁבּוּ־שָׁם֒ אֲשֶׁ֨ר נִשְׁבַּ֜רְתִּי אֶת־לִבָּ֣ם הַזֹּונֶ֗ה ,,,נִשְׁבּוּ־,לִבָּ֣ם ,"('p3', 'unknown', 'pl')","('p3', 'm', 'pl')",xQt0,xQt0,568984,568985
Ezekiel 7:16,וְהָי֣וּ אֶל־הֶהָרִ֗ים כְּיֹונֵ֧י הַגֵּאָיֹ֛ות כֻּלָּ֖ם הֹמֹ֑ות ,,,הָי֣וּ ,כֻּלָּ֖ם ,"('p3', 'unknown', 'pl')","('p3', 'm', 'pl')",WQt0,Ptcp,569087,569088
Ezekiel 7:19,כַּסְפָּ֞ם בַּחוּצֹ֣ות יַשְׁלִ֗יכוּ וּזְהָבָם֮ לְנִדָּ֣ה יִֽהְיֶה֒ ,,,יַשְׁלִ֗יכוּ ,זְהָבָם֮ ,"('p3', 'm', 'pl')","('p3', 'm', 'pl')",xYq0,WXYq,569096,569097
Ezekiel 7:19,נַפְשָׁם֙ לֹ֣א יְשַׂבֵּ֔עוּ וּמֵעֵיהֶ֖ם לֹ֣א יְמַלֵּ֑אוּ ,,,יְשַׂבֵּ֔עוּ ,מֵעֵיהֶ֖ם ,"('p3', 'm', 'pl')","('p3', 'm', 'pl')",xYq0,WxY0,569100,569101
Ezekiel 7:19,וּמֵעֵיהֶ֖ם לֹ֣א יְמַלֵּ֑אוּ כִּֽי־מִכְשֹׁ֥ול עֲוֹנָ֖ם הָיָֽה׃ ,,,יְמַלֵּ֑אוּ ,עֲוֹנָ֖ם ,"('p3', 'm', 'pl')","('p3', 'm', 'pl')",WxY0,xQt0,569101,569102
Ezekiel 11:11,הִ֗יא לֹֽא־תִהְיֶ֤ה לָכֶם֙ לְסִ֔יר וְאַתֶּ֛ם תִּהְי֥וּ בְתֹוכָ֖הּ לְבָשָׂ֑ר ,,,תִהְיֶ֤ה ,תֹוכָ֖הּ ,"('p3', 'f', 'sg')","('p3', 'f', 'sg')",XYqt,WXYq,569443,569444
Ezekiel 12:19,לַחְמָם֙ בִּדְאָגָ֣ה יֹאכֵ֔לוּ וּמֵֽימֵיהֶ֖ם בְּשִׁמָּמֹ֣ון יִשְׁתּ֑וּ ,,,יֹאכֵ֔לוּ ,מֵֽימֵיהֶ֖ם ,"('p3', 'm', 'pl')","('p3', 'm', 'pl')",xYq0,WxY0,569590,569591
Ezekiel 13:14,וְנָֽפְלָה֙ וּכְלִיתֶ֣ם בְּתֹוכָ֔הּ ,,,נָֽפְלָה֙ ,תֹוכָ֔הּ ,"('p3', 'f', 'sg')","('p3', 'f', 'sg')",WQt0,WQt0,569713,569714
Ezekiel 14:23,וְנִחֲמ֣וּ אֶתְכֶ֔ם כִּֽי־תִרְא֥וּ אֶת־דַּרְכָּ֖ם וְאֶת־עֲלִֽילֹותָ֑ם ,,,נִחֲמ֣וּ ,דַּרְכָּ֖ם ,"('p3', 'unknown', 'pl')","('p3', 'm', 'pl')",WQt0,xYq0,569875,569876
Ezekiel 15:4,הִנֵּ֥ה לָאֵ֖שׁ נִתַּ֣ן לְאָכְלָ֑ה אֵת֩ שְׁנֵ֨י קְצֹותָ֜יו אָכְלָ֤ה הָאֵשׁ֙ ,,,נִתַּ֣ן ,קְצֹותָ֜יו ,"('p3', 'm', 'sg')","('p3', 'm', 'sg')",xQt0,xQtX,569890,569891
Ezekiel 17:9,תִּצְלָ֑ח הֲלֹוא֩ אֶת־שָׁרָשֶׁ֨יהָ יְנַתֵּ֜ק ,,,תִּצְלָ֑ח ,שָׁרָשֶׁ֨יהָ ,"('p3', 'f', 'sg')","('p3', 'f', 'sg')",ZYq0,xYq0,570210,570211
Ezekiel 17:10,תִּיבַ֣שׁ יָבֹ֔שׁ עַל־עֲרֻגֹ֥ת צִמְחָ֖הּ תִּיבָֽשׁ׃ פ ,,,תִּיבַ֣שׁ ,צִמְחָ֖הּ ,"('p3', 'f', 'sg')","('p3', 'f', 'sg')",ZYq0,xYq0,570220,570221
Ezekiel 17:20-21,אֲשֶׁ֥ר מָֽעַל־בִּֽי׃ וְאֵ֨ת כָּל־מִבְרָחָ֤יו בְּכָל־אֲגַפָּיו֙ בַּחֶ֣רֶב יִפֹּ֔לוּ ,,,מָֽעַל־,מִבְרָחָ֤יו ,"('p3', 'm', 'sg')","('p3', 'm', 'sg')",xQt0,WXYq,570274,570275
Ezekiel 18:6,אֶל־הֶֽהָרִים֙ לֹ֣א אָכָ֔ל וְעֵינָיו֙ לֹ֣א נָשָׂ֔א אֶל־גִּלּוּלֵ֖י בֵּ֣ית יִשְׂרָאֵ֑ל ,,,אָכָ֔ל ,עֵינָיו֙ ,"('p3', 'm', 'sg')","('p3', 'm', 'sg')",xQt0,WxQ0,570317,570318
Ezekiel 18:6,וְעֵינָיו֙ לֹ֣א נָשָׂ֔א אֶל־גִּלּוּלֵ֖י בֵּ֣ית יִשְׂרָאֵ֑ל וְאֶת־אֵ֤שֶׁת רֵעֵ֨הוּ֙ לֹ֣א טִמֵּ֔א ,,,נָשָׂ֔א ,רֵעֵ֨הוּ֙ ,"('p3', 'm', 'sg')","('p3', 'm', 'sg')",WxQ0,WxQ0,570318,570319
Ezekiel 18:7,וְאִישׁ֙ לֹ֣א יֹונֶ֔ה חֲבֹלָתֹ֥ו חֹוב֙ יָשִׁ֔יב ,,,יֹונֶ֔ה ,חֲבֹלָתֹ֥ו ,"('p3', 'm', 'sg')","('p3', 'm', 'sg')",WxY0,xYq0,570321,570322
Ezekiel 18:7,גְּזֵלָ֖ה לֹ֣א יִגְזֹ֑ל לַחְמֹו֙ לְרָעֵ֣ב יִתֵּ֔ן ,,,יִגְזֹ֑ל ,לַחְמֹו֙ ,"('p3', 'm', 'sg')","('p3', 'm', 'sg')",xYq0,xYq0,570323,570324
Ezekiel 18:11,כִּ֣י גַ֤ם אֶל־הֶֽהָרִים֙ אָכַ֔ל וְאֶת־אֵ֥שֶׁת רֵעֵ֖הוּ טִמֵּֽא׃ ,,,אָכַ֔ל ,רֵעֵ֖הוּ ,"('p3', 'm', 'sg')","('p3', 'm', 'sg')",xQt0,WxQ0,570340,570341
Ezekiel 18:13,מֹ֣ות יוּמָ֔ת דָּמָ֖יו בֹּ֥ו יִהְיֶֽה׃ ,,,יוּמָ֔ת ,דָּמָ֖יו ,"('p3', 'm', 'sg')","('p3', 'm', 'sg')",xYq0,XYqt,570352,570353
Ezekiel 18:15,עַל־הֶֽהָרִים֙ לֹ֣א אָכָ֔ל וְעֵינָיו֙ לֹ֣א נָשָׂ֔א אֶל־גִּלּוּלֵ֖י בֵּ֣ית יִשְׂרָאֵ֑ל ,,,אָכָ֔ל ,עֵינָיו֙ ,"('p3', 'm', 'sg')","('p3', 'm', 'sg')",xQt0,WxQ0,570359,570360
Ezekiel 18:15,וְעֵינָיו֙ לֹ֣א נָשָׂ֔א אֶל־גִּלּוּלֵ֖י בֵּ֣ית יִשְׂרָאֵ֑ל אֶת־אֵ֥שֶׁת רֵעֵ֖הוּ לֹ֥א טִמֵּֽא׃ ,,,נָשָׂ֔א ,רֵעֵ֖הוּ ,"('p3', 'm', 'sg')","('p3', 'm', 'sg')",WxQ0,xQt0,570360,570361
Ezekiel 18:16,וּגְזֵלָ֖ה לֹ֣א גָזָ֑ל לַחְמֹו֙ לְרָעֵ֣ב נָתָ֔ן ,,,גָזָ֑ל ,לַחְמֹו֙ ,"('p3', 'm', 'sg')","('p3', 'm', 'sg')",WxQ0,xQt0,570364,570365
Ezekiel 18:17-18,חָיֹ֥ה יִחְיֶֽה׃ אָבִ֞יו ,,,יִחְיֶֽה׃ ,אָבִ֞יו ,"('p3', 'm', 'sg')","('p3', 'm', 'sg')",xYq0,CPen,570372,570373
Ezekiel 18:24,אֲשֶׁר־מָעַ֛ל וּבְחַטָּאתֹ֥ו ,,,מָעַ֛ל ,חַטָּאתֹ֥ו ,"('p3', 'm', 'sg')","('p3', 'm', 'sg')",xQt0,Defc,570421,570422
Ezekiel 18:26,וּמֵ֣ת עֲלֵיהֶ֑ם בְּעַוְלֹ֥ו ,,,מֵ֣ת ,עַוְלֹ֥ו ,"('p3', 'm', 'sg')","('p3', 'm', 'sg')",WQt0,Defc,570433,570434
Ezekiel 21:26-27,רָאָ֖ה בַּכָּבֵֽד׃ בִּֽימִינֹ֞ו הָיָ֣ה׀ הַקֶּ֣סֶם יְרוּשָׁלִַ֗ם ,,,רָאָ֖ה ,ימִינֹ֞ו ,"('p3', 'm', 'sg')","('p3', 'm', 'sg')",ZQt0,xQtX,570867,570868
Ezekiel 22:18,הָיוּ־לִ֥י בֵֽית־יִשְׂרָאֵ֖ל לְסִ֑יג כֻּלָּ֡ם נְ֠חֹשֶׁת וּבְדִ֨יל וּבַרְזֶ֤ל וְעֹופֶ֨רֶת֙ בְּתֹ֣וךְ כּ֔וּר ,,,הָיוּ־,כֻּלָּ֡ם ,"('p3', 'unknown', 'pl')","('p3', 'm', 'pl')",ZQtX,NmCl,570996,570997
Ezekiel 23:24,צִנָּ֤ה וּמָגֵן֙ וְקֹובַ֔ע יָשִׂ֥ימוּ עָלַ֖יִךְ סָבִ֑יב וְנָתַתִּ֤י לִפְנֵיהֶם֙ מִשְׁפָּ֔ט ,,,יָשִׂ֥ימוּ ,פְנֵיהֶם֙ ,"('p3', 'm', 'pl')","('p3', 'm', 'pl')",xYq0,WQt0,571149,571150
Ezekiel 23:37,כִּ֣י נִאֵ֗פוּ וְדָם֙ בִּֽידֵיהֶ֔ן ,,,נִאֵ֗פוּ ,ידֵיהֶ֔ן ,"('p3', 'unknown', 'pl')","('p3', 'f', 'pl')",xQt0,NmCl,571200,571201
Ezekiel 23:37,וְאֶת־גִּלּֽוּלֵיהֶ֖ן נִאֵ֑פוּ וְגַ֤ם אֶת־בְּנֵיהֶן֙ ,,,נִאֵ֑פוּ ,בְּנֵיהֶן֙ ,"('p3', 'unknown', 'pl')","('p3', 'f', 'pl')",WxQ0,Defc,571202,571203
Ezekiel 26:5-6,וְהָיְתָ֥ה לְבַ֖ז לַגֹּויִֽם׃ וּבְנֹותֶ֨יהָ֙ ,,,הָיְתָ֥ה ,בְנֹותֶ֨יהָ֙ ,"('p3', 'f', 'sg')","('p3', 'f', 'sg')",WQt0,Defc,571475,571476
Ezekiel 27:11,וְגַ֨מָּדִ֔ים בְּמִגְדְּלֹותַ֖יִךְ הָי֑וּ שִׁלְטֵיהֶ֞ם תִּלּ֤וּ עַל־חֹומֹותַ֨יִךְ֙ סָבִ֔יב ,,,הָי֑וּ ,שִׁלְטֵיהֶ֞ם ,"('p3', 'unknown', 'pl')","('p3', 'm', 'pl')",WXQt,xQt0,571582,571583
Ezekiel 27:35,כֹּ֚ל יֹשְׁבֵ֣י הָאִיִּ֔ים שָׁמְמ֖וּ עָלָ֑יִךְ וּמַלְכֵיהֶם֙ שָׂ֣עֲרוּ שַׂ֔עַר ,,,שָׁמְמ֖וּ ,מַלְכֵיהֶם֙ ,"('p3', 'unknown', 'pl')","('p3', 'm', 'pl')",XQtl,WXQt,571645,571646
Ezekiel 28:26,וְיָ֣דְע֔וּ כִּ֛י אֲנִ֥י יְהוָ֖ה אֱלֹהֵיהֶֽם׃ ס ,,,יָ֣דְע֔וּ ,אֱלֹהֵיהֶֽם׃ ס ,"('p3', 'unknown', 'pl')","('p3', 'm', 'pl')",WQt0,NmCl,571762,571763
Ezekiel 32:10,וּמַלְכֵיהֶם֙ יִשְׂעֲר֤וּ עָלֶ֨יךָ֙ שַׂ֔עַר בְּעֹופְפִ֥י חַרְבִּ֖י עַל־פְּנֵיהֶ֑ם ,,,יִשְׂעֲר֤וּ ,פְּנֵיהֶ֑ם ,"('p3', 'm', 'pl')","('p3', 'm', 'pl')",WXYq,InfC,572067,572068
Ezekiel 33:5,וְלֹ֣א נִזְהָ֔ר דָּמֹ֖ו בֹּ֣ו יִֽהְיֶ֑ה ,,,נִזְהָ֔ר ,דָּמֹ֖ו ,"('p3', 'm', 'sg')","('p3', 'm', 'sg')",WxQ0,XYqt,572180,572181
Ezekiel 33:6,ה֚וּא בַּעֲוֹנֹ֣ו נִלְקָ֔ח וְדָמֹ֖ו מִיַּֽד־הַצֹּפֶ֥ה אֶדְרֹֽשׁ׃ ס ,,,נִלְקָ֔ח ,דָמֹ֖ו ,"('p3', 'm', 'sg')","('p3', 'm', 'sg')",XQtl,WxY0,572191,572192
Ezekiel 33:8,ה֤וּא רָשָׁע֙ בַּעֲוֹנֹ֣ו יָמ֔וּת וְדָמֹ֖ו מִיָּדְךָ֥ אֲבַקֵּֽשׁ׃ ,,,יָמ֔וּת ,דָמֹ֖ו ,"('p3', 'm', 'sg')","('p3', 'm', 'sg')",XYqt,WxY0,572203,572204
Ezekiel 33:33,וְיָ֣דְע֔וּ כִּ֥י נָבִ֖יא הָיָ֥ה בְתֹוכָֽם׃ ס ,,,יָ֣דְע֔וּ ,תֹוכָֽם׃ ס ,"('p3', 'unknown', 'pl')","('p3', 'm', 'pl')",WQt0,XQtl,572355,572356
Ezekiel 34:30,וְיָדְע֗וּ כִּ֣י אֲנִ֧י יְהוָ֛ה אֱלֹהֵיהֶ֖ם אִתָּ֑ם ,,,יָדְע֗וּ ,אֱלֹהֵיהֶ֖ם ,"('p3', 'unknown', 'pl')","('p3', 'm', 'pl')",WQt0,NmCl,572486,572487
Ezekiel 39:22,וְיָֽדְעוּ֙ בֵּ֣ית יִשְׂרָאֵ֔ל כִּ֛י אֲנִ֥י יְהוָ֖ה אֱלֹֽהֵיהֶ֑ם מִן־הַיֹּ֥ום הַה֖וּא וָהָֽלְאָה׃ ,,,יָֽדְעוּ֙ ,אֱלֹֽהֵיהֶ֑ם ,"('p3', 'unknown', 'pl')","('p3', 'm', 'pl')",WQtX,NmCl,573094,573095
Ezekiel 39:28,וְיָדְע֗וּ כִּ֣י אֲנִ֤י יְהוָה֙ אֱלֹ֣הֵיהֶ֔ם ,,,יָדְע֗וּ ,אֱלֹ֣הֵיהֶ֔ם ,"('p3', 'unknown', 'pl')","('p3', 'm', 'pl')",WQt0,NmCl,573116,573117
Ezekiel 44:3,מִדֶּ֨רֶךְ אֻלָ֤ם הַשַּׁ֨עַר֙ יָבֹ֔וא וּמִדַּרְכֹּ֖ו יֵצֵֽא׃ ,,,יָבֹ֔וא ,דַּרְכֹּ֖ו ,"('p3', 'm', 'sg')","('p3', 'm', 'sg')",xYq0,WxY0,573625,573626
Ezekiel 46:2,וְעָמַד֙ עַל־מְזוּזַ֣ת הַשַּׁ֔עַר וְעָשׂ֣וּ הַכֹּהֲנִ֗ים אֶת־עֹֽולָתֹו֙ וְאֶת־שְׁלָמָ֔יו ,,,עָמַד֙ ,עֹֽולָתֹו֙ ,"('p3', 'm', 'sg')","('p3', 'm', 'sg')",WQt0,WQtX,573821,573822
Ezekiel 46:8,דֶּ֣רֶךְ אוּלָ֤ם הַשַּׁ֨עַר֙ יָבֹ֔וא וּבְדַרְכֹּ֖ו יֵצֵֽא׃ ,,,יָבֹ֔וא ,דַרְכֹּ֖ו ,"('p3', 'm', 'sg')","('p3', 'm', 'sg')",xYq0,WxY0,573840,573841
Ezekiel 47:10,מִשְׁטֹ֥וחַ לַֽחֲרָמִ֖ים יִהְי֑וּ לְמִינָה֙ תִּהְיֶ֣ה דְגָתָ֔ם ,,,יִהְי֑וּ ,דְגָתָ֔ם ,"('p3', 'm', 'pl')","('p3', 'm', 'pl')",xYq0,xYqX,573975,573976
Ezekiel 47:12,לָֽחֳדָשָׁיו֙ יְבַכֵּ֔ר כִּ֣י מֵימָ֔יו ,,,יְבַכֵּ֔ר ,מֵימָ֔יו ,"('p3', 'm', 'sg')","('p3', 'm', 'sg')",xYq0,CPen,573984,573985
Ezekiel 48:18,וְהָיָ֕ה לְעֻמַּ֖ת תְּרוּמַ֣ת הַקֹּ֑דֶשׁ וְהָיְתָ֤ה תְבֽוּאָתֹו֙ לְלֶ֔חֶם לְעֹבְדֵ֖י הָעִֽיר׃ ,,,הָיָ֕ה ,תְבֽוּאָתֹו֙ ,"('p3', 'm', 'sg')","('p3', 'm', 'sg')",WQt0,WQtX,574093,574094
Hosea 4:7,כֵּ֣ן חָֽטְאוּ־לִ֑י כְּבֹודָ֖ם בְּקָלֹ֥ון אָמִֽיר׃ ,,,חָֽטְאוּ־,כְּבֹודָ֖ם ,"('p3', 'unknown', 'pl')","('p3', 'm', 'pl')",xQt0,xYq0,574345,574346
Hosea 4:8,חַטַּ֥את עַמִּ֖י יֹאכֵ֑לוּ וְאֶל־עֲוֹנָ֖ם יִשְׂא֥וּ נַפְשֹֽׁו׃ ,,,יֹאכֵ֑לוּ ,עֲוֹנָ֖ם ,"('p3', 'm', 'pl')","('p3', 'm', 'pl')",xYq0,WxY0,574347,574348
Hosea 4:12,עַמִּי֙ בְּעֵצֹ֣ו יִשְׁאָ֔ל וּמַקְלֹ֖ו יַגִּ֣יד לֹ֑ו ,,,יִשְׁאָ֔ל ,מַקְלֹ֖ו ,"('p3', 'm', 'sg')","('p3', 'm', 'sg')",XYqt,WXYq,574359,574360
Hosea 5:2,וְשַׁחֲטָ֥ה שֵׂטִ֖ים הֶעְמִ֑יקוּ וַאֲנִ֖י מוּסָ֥ר לְכֻלָּֽם׃ ,,,הֶעְמִ֑יקוּ ,כֻלָּֽם׃ ,"('p3', 'unknown', 'pl')","('p3', 'm', 'pl')",WxQ0,NmCl,574405,574406
Hosea 7:2-3,נֶ֥גֶד פָּנַ֖י הָיֽוּ׃ בְּרָעָתָ֖ם יְשַׂמְּחוּ־מֶ֑לֶךְ ,,,הָיֽוּ׃ ,רָעָתָ֖ם ,"('p3', 'unknown', 'pl')","('p3', 'm', 'pl')",xQt0,xYq0,574509,574510
Hosea 7:3,בְּרָעָתָ֖ם יְשַׂמְּחוּ־מֶ֑לֶךְ וּבְכַחֲשֵׁיהֶ֖ם שָׂרִֽים׃ ,,,יְשַׂמְּחוּ־,כַחֲשֵׁיהֶ֖ם ,"('p3', 'm', 'pl')","('p3', 'm', 'pl')",xYq0,Ellp,574510,574511
Hosea 9:4,וְלֹ֣א יֶֽעֶרְבוּ־לֹו֒ זִבְחֵיהֶ֗ם כְּלֶ֤חֶם אֹונִים֙ לָהֶ֔ם ,,,יֶֽעֶרְבוּ־,זִבְחֵיהֶ֗ם ,"('p3', 'm', 'pl')","('p3', 'm', 'pl')",WxY0,NmCl,574635,574636
Hosea 9:4,כָּל־אֹכְלָ֖יו יִטַמָּ֑אוּ כִּֽי־לַחְמָ֣ם לְנַפְשָׁ֔ם ,,,יִטַמָּ֑אוּ ,לַחְמָ֣ם ,"('p3', 'm', 'pl')","('p3', 'm', 'pl')",XYqt,NmCl,574637,574638
Hosea 9:9,שִׁחֵ֖תוּ כִּימֵ֣י הַגִּבְעָ֑ה יִזְכֹּ֣ור עֲוֹנָ֔ם ,,,שִׁחֵ֖תוּ ,עֲוֹנָ֔ם ,"('p3', 'unknown', 'pl')","('p3', 'm', 'pl')",ZQt0,ZYq0,574661,574662
Hosea 12:12,בַּגִּלְגָּ֖ל שְׁוָרִ֣ים זִבֵּ֑חוּ גַּ֤ם מִזְבְּחֹותָם֙ כְּגַלִּ֔ים עַ֖ל תַּלְמֵ֥י שָׂדָֽי׃ ,,,זִבֵּ֑חוּ ,מִזְבְּחֹותָם֙ ,"('p3', 'unknown', 'pl')","('p3', 'm', 'pl')",xQt0,NmCl,574862,574863
Hosea 12:15,וְדָמָיו֙ עָלָ֣יו יִטֹּ֔ושׁ וְחֶ֨רְפָּתֹ֔ו יָשִׁ֥יב לֹ֖ו אֲדֹנָֽיו׃ ,,,יִטֹּ֔ושׁ ,חֶ֨רְפָּתֹ֔ו ,"('p3', 'm', 'sg')","('p3', 'm', 'sg')",WxY0,WxYX,574870,574871
Joel 2:2-3,וְאַֽחֲרָיו֙ לֹ֣א יֹוסֵ֔ף עַד־שְׁנֵ֖י דֹּ֥ור וָדֹֽור׃ לְפָנָיו֙ אָ֣כְלָה אֵ֔שׁ ,,,יֹוסֵ֔ף ,פָנָיו֙ ,"('p3', 'm', 'sg')","('p3', 'm', 'sg')",WxY0,xQtX,575075,575076
Joel 2:17,לָ֚מָּה יֹאמְר֣וּ בָֽעַמִּ֔ים אַיֵּ֖ה אֱלֹהֵיהֶֽם׃ ,,,יֹאמְר֣וּ ,אֱלֹהֵיהֶֽם׃ ,"('p3', 'm', 'pl')","('p3', 'm', 'pl')",xYq0,NmCl,575146,575147
Micah 3:3,וַאֲשֶׁ֣ר אָכְלוּ֮ שְׁאֵ֣ר עַמִּי֒ וְעֹורָם֙ מֵעֲלֵיהֶ֣ם הִפְשִׁ֔יטוּ ,,,אָכְלוּ֮ ,עֹורָם֙ ,"('p3', 'unknown', 'pl')","('p3', 'm', 'pl')",WxQ0,WxQ0,576407,576408
Micah 3:3,וְעֹורָם֙ מֵעֲלֵיהֶ֣ם הִפְשִׁ֔יטוּ וְאֶת־עַצְמֹֽתֵיהֶ֖ם פִּצֵּ֑חוּ ,,,הִפְשִׁ֔יטוּ ,עַצְמֹֽתֵיהֶ֖ם ,"('p3', 'unknown', 'pl')","('p3', 'm', 'pl')",WxQ0,WxQ0,576408,576409
Micah 3:5,וְקָרְא֣וּ שָׁלֹ֔ום וַאֲשֶׁר֙ לֹא־יִתֵּ֣ן עַל־פִּיהֶ֔ם ,,,קָרְא֣וּ ,פִּיהֶ֔ם ,"('p3', 'unknown', 'pl')","('p3', 'm', 'pl')",WQt0,CPen,576420,576421
Micah 6:12,וְיֹשְׁבֶ֖יהָ דִּבְּרוּ־שָׁ֑קֶר וּלְשֹׁונָ֖ם רְמִיָּ֥ה בְּפִיהֶֽם׃ ,,,דִּבְּרוּ־,לְשֹׁונָ֖ם ,"('p3', 'unknown', 'pl')","('p3', 'm', 'pl')",WXQt,NmCl,576626,576627
Micah 7:16,יָשִׂ֤ימוּ יָד֙ עַל־פֶּ֔ה אָזְנֵיהֶ֖ם תֶּחֱרַֽשְׁנָה׃ ,,,יָשִׂ֤ימוּ ,אָזְנֵיהֶ֖ם ,"('p3', 'm', 'pl')","('p3', 'm', 'pl')",ZYq0,XYqt,576720,576721
Nahum 2:8,הֹֽעֲלָ֑תָה וְאַמְהֹתֶ֗יהָ מְנַֽהֲגֹות֙ כְּקֹ֣ול יֹונִ֔ים ,,,הֹֽעֲלָ֑תָה ,אַמְהֹתֶ֗יהָ ,"('p3', 'f', 'sg')","('p3', 'f', 'sg')",ZQt0,Ptcp,576831,576832
Nahum 3:10,גַּם־הִ֗יא לַגֹּלָה֙ הָלְכָ֣ה בַשֶּׁ֔בִי גַּ֧ם עֹלָלֶ֛יהָ יְרֻטְּשׁ֖וּ בְּרֹ֣אשׁ כָּל־חוּצֹ֑ות ,,,הָלְכָ֣ה ,עֹלָלֶ֛יהָ ,"('p3', 'f', 'sg')","('p3', 'f', 'sg')",XQtl,XYqt,576904,576905
Habakkuk 1:7-8,מִמֶּ֕נּוּ מִשְׁפָּטֹ֥ו וּשְׂאֵתֹ֖ו יֵצֵֽא׃ וְקַלּ֨וּ מִנְּמֵרִ֜ים סוּסָ֗יו ,,,יֵצֵֽא׃ ,סוּסָ֗יו ,"('p3', 'm', 'sg')","('p3', 'm', 'sg')",XYqt,WQtX,576975,576976
Zephaniah 1:17,כִּ֥י לַֽיהוָ֖ה חָטָ֑אוּ וְשֻׁפַּ֤ךְ דָּמָם֙ כֶּֽעָפָ֔ר ,,,חָטָ֑אוּ ,דָּמָם֙ ,"('p3', 'unknown', 'pl')","('p3', 'm', 'pl')",xQt0,WQtX,577269,577270
Zephaniah 3:13,וְלֹא־יְדַבְּר֣וּ כָזָ֔ב וְלֹֽא־יִמָּצֵ֥א בְּפִיהֶ֖ם לְשֹׁ֣ון תַּרְמִ֑ית ,,,יְדַבְּר֣וּ ,פִיהֶ֖ם ,"('p3', 'm', 'pl')","('p3', 'm', 'pl')",WxY0,WxY0,577403,577404
Zechariah 10:7,וְהָי֤וּ כְגִבֹּור֙ אֶפְרַ֔יִם וְשָׂמַ֥ח לִבָּ֖ם כְּמֹו־יָ֑יִן ,,,הָי֤וּ ,לִבָּ֖ם ,"('p3', 'unknown', 'pl')","('p3', 'm', 'pl')",WQt0,WQtX,578302,578303
Zechariah 10:7,וְשָׂמֵ֔חוּ יָגֵ֥ל לִבָּ֖ם בַּיהוָֽה׃ ,,,שָׂמֵ֔חוּ ,לִבָּ֖ם ,"('p3', 'unknown', 'pl')","('p3', 'm', 'pl')",WQt0,ZYqX,578305,578306
Zechariah 11:6,וְכִתְּתוּ֙ אֶת־הָאָ֔רֶץ וְלֹ֥א אַצִּ֖יל מִיָּדָֽם׃ ,,,כִתְּתוּ֙ ,יָּדָֽם׃ ,"('p3', 'unknown', 'pl')","('p3', 'm', 'pl')",WQt0,WxY0,578356,578357
Psalms 7:13,אִם־לֹ֣א יָ֭שׁוּב חַרְבֹּ֣ו יִלְטֹ֑ושׁ ,,,יָ֭שׁוּב ,חַרְבֹּ֣ו ,"('p3', 'm', 'sg')","('p3', 'm', 'sg')",xYq0,xYq0,579146,579147
Psalms 7:13,חַרְבֹּ֣ו יִלְטֹ֑ושׁ קַשְׁתֹּ֥ו דָ֝רַ֗ךְ ,,,יִלְטֹ֑ושׁ ,קַשְׁתֹּ֥ו ,"('p3', 'm', 'sg')","('p3', 'm', 'sg')",xYq0,xQt0,579147,579148
Psalms 9:16,ז֥וּ טָ֝מָ֗נוּ נִלְכְּדָ֥ה רַגְלָֽם׃ ,,,טָ֝מָ֗נוּ ,רַגְלָֽם׃ ,"('p3', 'unknown', 'pl')","('p3', 'm', 'pl')",xQt0,ZQtX,579234,579235
Psalms 9:17,מִשְׁפָּ֪ט עָ֫שָׂ֥ה בְּפֹ֣עַל כַּ֭פָּיו נֹוקֵ֣שׁ רָשָׁ֑ע ,,,עָ֫שָׂ֥ה ,כַּ֭פָּיו ,"('p3', 'm', 'sg')","('p3', 'm', 'sg')",xQt0,Ptcp,579237,579238
Psalms 15:4-5,וְלֹ֣א יָמִֽר׃ כַּסְפֹּ֤ו׀ לֹא־נָתַ֣ן בְּנֶשֶׁךְ֮ ,,,יָמִֽר׃ ,כַּסְפֹּ֤ו׀ ,"('p3', 'm', 'sg')","('p3', 'm', 'sg')",WxY0,xQt0,579439,579440
Psalms 16:4,אַחֵ֪ר מָ֫הָ֥רוּ בַּל־אַסִּ֣יךְ נִסְכֵּיהֶ֣ם מִדָּ֑ם ,,,מָ֫הָ֥רוּ ,נִסְכֵּיהֶ֣ם ,"('p3', 'unknown', 'pl')","('p3', 'm', 'pl')",xQt0,xYq0,579456,579457
Psalms 17:9-10,יַקִּ֥יפוּ עָלָֽי׃ חֶלְבָּ֥מֹו סָּגְר֑וּ ,,,יַקִּ֥יפוּ ,חֶלְבָּ֥מֹו ,"('p3', 'm', 'pl')","('p3', 'm', 'pl')",ZYq0,xQt0,579509,579510
Psalms 17:10,חֶלְבָּ֥מֹו סָּגְר֑וּ פִּ֝֗ימֹו דִּבְּר֥וּ בְגֵאֽוּת׃ ,,,סָּגְר֑וּ ,פִּ֝֗ימֹו ,"('p3', 'unknown', 'pl')","('p3', 'm', 'pl')",xQt0,xQt0,579510,579511
Psalms 25:12-13,יִבְחָֽר׃ נַ֭פְשֹׁו בְּטֹ֣וב תָּלִ֑ין ,,,יִבְחָֽר׃ ,נַ֭פְשֹׁו ,"('p3', 'm', 'sg')","('p3', 'm', 'sg')",ZYq0,XYqt,579985,579986
Psalms 33:6,בִּדְבַ֣ר יְ֭הוָה שָׁמַ֣יִם נַעֲשׂ֑וּ וּבְר֥וּחַ פִּ֝֗יו כָּל־צְבָאָֽם׃ ,,,נַעֲשׂ֑וּ ,צְבָאָֽם׃ ,"('p3', 'unknown', 'pl')","('p3', 'm', 'pl')",XQtl,Ellp,580348,580349
Psalms 33:13-14,רָ֝אָ֗ה אֶֽת־כָּל־בְּנֵ֥י הָאָדָֽם׃ מִֽמְּכֹון־שִׁבְתֹּ֥ו הִשְׁגִּ֑יחַ אֶ֖ל כָּל־יֹשְׁבֵ֣י הָאָֽרֶץ׃ ,,,רָ֝אָ֗ה ,שִׁבְתֹּ֥ו ,"('p3', 'm', 'sg')","('p3', 'm', 'sg')",ZQt0,xQt0,580367,580368
Psalms 34:6,וְנָהָ֑רוּ וּ֝פְנֵיהֶ֗ם אַל־יֶחְפָּֽרוּ׃ ,,,נָהָ֑רוּ ,פְנֵיהֶ֗ם ,"('p3', 'unknown', 'pl')","('p3', 'm', 'pl')",WQt0,WXYq,580402,580403
Psalms 34:7,וַיהוָ֣ה שָׁמֵ֑עַ וּמִכָּל־צָ֝רֹותָ֗יו הֹושִׁיעֹֽו׃ ,,,שָׁמֵ֑עַ ,צָ֝רֹותָ֗יו ,"('p3', 'm', 'sg')","('p3', 'm', 'sg')",WXQt,WxQ0,580405,580406
Psalms 35:8,לֹֽא־יֵ֫דָ֥ע וְרִשְׁתֹּ֣ו ,,,יֵ֫דָ֥ע ,רִשְׁתֹּ֣ו ,"('p3', 'm', 'sg')","('p3', 'm', 'sg')",xYq0,Defc,580478,580479
Psalms 35:15-16,וְלֹא־דָֽמּוּ׃ בְּ֭חַנְפֵי לַעֲגֵ֣י מָעֹ֑וג חָרֹ֖ק עָלַ֣י שִׁנֵּֽימֹו׃ ,,,דָֽמּוּ׃ ,שִׁנֵּֽימֹו׃ ,"('p3', 'unknown', 'pl')","('p3', 'm', 'pl')",WxQ0,InfA,580507,580508
Psalms 37:30,פִּֽי־צַ֭דִּיק יֶהְגֶּ֣ה חָכְמָ֑ה וּ֝לְשֹׁונֹ֗ו תְּדַבֵּ֥ר מִשְׁפָּֽט׃ ,,,יֶהְגֶּ֣ה ,לְשֹׁונֹ֗ו ,"('p3', 'm', 'sg')","('p3', 'm', 'sg')",XYqt,WXYq,580674,580675
Psalms 44:2,אֲבֹותֵ֥ינוּ סִפְּרוּ־לָ֑נוּ פֹּ֥עַל פָּעַ֥לְתָּ בִֽ֝ימֵיהֶ֗ם בִּ֣ימֵי קֶֽדֶם׃ ,,,סִפְּרוּ־,ימֵיהֶ֗ם ,"('p3', 'unknown', 'pl')","('p3', 'm', 'pl')",XQtl,ZQt0,581024,581025
Psalms 44:4,כִּ֤י לֹ֪א בְחַרְבָּ֡ם יָ֥רְשׁוּ אָ֗רֶץ וּזְרֹועָם֮ לֹא־הֹושִׁ֪יעָ֫ה לָּ֥מֹו ,,,יָ֥רְשׁוּ ,זְרֹועָם֮ ,"('p3', 'unknown', 'pl')","('p3', 'm', 'pl')",xQt0,WXQt,581030,581031
Psalms 49:13-14,נִדְמֽוּ׃ זֶ֣ה דַ֭רְכָּם ,,,נִדְמֽוּ׃ ,דַ֭רְכָּם ,"('p3', 'unknown', 'pl')","('p3', 'm', 'pl')",ZQt0,NmCl,581281,581282
Psalms 50:4,יִקְרָ֣א אֶל־הַשָּׁמַ֣יִם מֵעָ֑ל וְאֶל־הָ֝אָ֗רֶץ לָדִ֥ין עַמֹּֽו׃ ,,,יִקְרָ֣א ,עַמֹּֽו׃ ,"('p3', 'm', 'sg')","('p3', 'm', 'sg')",ZYq0,InfC,581316,581317
Psalms 56:6,כָּל־הַ֭יֹּום דְּבָרַ֣י יְעַצֵּ֑בוּ עָלַ֖י כָּל־מַחְשְׁבֹתָ֣ם לָרָֽע׃ ,,,יְעַצֵּ֑בוּ ,מַחְשְׁבֹתָ֣ם ,"('p3', 'm', 'pl')","('p3', 'm', 'pl')",xYq0,NmCl,581620,581621
Psalms 62:5,בְּפִ֥יו יְבָרֵ֑כוּ וּ֝בְקִרְבָּ֗ם יְקַלְלוּ־,,,יְבָרֵ֑כוּ ,קִרְבָּ֗ם ,"('p3', 'm', 'pl')","('p3', 'm', 'pl')",xYq0,WxY0,581895,581896
Psalms 68:2,יָק֣וּם אֱ֭לֹהִים יָפ֣וּצוּ אֹויְבָ֑יו ,,,יָק֣וּם ,אֹויְבָ֑יו ,"('p3', 'm', 'sg')","('p3', 'm', 'sg')",ZYqX,ZYqX,582121,582122
Psalms 69:27-28,וְאֶל־מַכְאֹ֖וב חֲלָלֶ֣יךָ יְסַפֵּֽרוּ׃ תְּֽנָה־עָ֭וֹן עַל־עֲוֹנָ֑ם ,,,יְסַפֵּֽרוּ׃ ,עֲוֹנָ֑ם ,"('p3', 'm', 'pl')","('p3', 'm', 'pl')",WxY0,ZIm0,582323,582324
Psalms 72:8-9,וְ֭יֵרְדְּ מִיָּ֣ם עַד־יָ֑ם וּ֝מִנָּהָ֗ר עַד־אַפְסֵי־אָֽרֶץ׃ לְ֭פָנָיו יִכְרְע֣וּ צִיִּ֑ים ,,,יֵרְדְּ ,פָנָיו ,"('p3', 'm', 'sg')","('p3', 'm', 'sg')",WYq0,xYqX,582483,582484
Psalms 78:3-4,וַ֝אֲבֹותֵ֗ינוּ סִפְּרוּ־לָֽנוּ׃ לֹ֤א נְכַחֵ֨ד׀ מִבְּנֵיהֶ֗ם ,,,סִפְּרוּ־,בְּנֵיהֶ֗ם ,"('p3', 'unknown', 'pl')","('p3', 'm', 'pl')",WXQt,xYq0,582794,582795
Psalms 79:7,כִּ֭י אָכַ֣ל אֶֽת־יַעֲקֹ֑ב וְֽאֶת־נָוֵ֥הוּ הֵשַֽׁמּוּ׃ ,,,אָכַ֣ל ,נָוֵ֥הוּ ,"('p3', 'm', 'sg')","('p3', 'm', 'sg')",xQt0,WxQ0,582992,582993
Psalms 81:14-15,יִ֝שְׂרָאֵ֗ל בִּדְרָכַ֥י יְהַלֵּֽכוּ׃ כִּ֭מְעַט אֹויְבֵיהֶ֣ם אַכְנִ֑יעַ ,,,יְהַלֵּֽכוּ׃ ,אֹויְבֵיהֶ֣ם ,"('p3', 'm', 'pl')","('p3', 'm', 'pl')",XYqt,xYq0,583115,583116
Psalms 81:16,מְשַׂנְאֵ֣י יְ֭הוָה יְכַֽחֲשׁוּ־לֹ֑ו וִיהִ֖י עִתָּ֣ם לְעֹולָֽם׃ ,,,יְכַֽחֲשׁוּ־,עִתָּ֣ם ,"('p3', 'm', 'pl')","('p3', 'm', 'pl')",XYqt,WYqX,583118,583119
Psalms 89:17-18,וּבְצִדְקָתְךָ֥ יָרֽוּמוּ׃ כִּֽי־תִפְאֶ֣רֶת עֻזָּ֣מֹו אָ֑תָּה ,,,יָרֽוּמוּ׃ ,עֻזָּ֣מֹו ,"('p3', 'm', 'pl')","('p3', 'm', 'pl')",WxY0,NmCl,583470,583471
Psalms 89:32-33,וּ֝מִצְוֹתַ֗י לֹ֣א יִשְׁמֹֽרוּ׃ וּפָקַדְתִּ֣י בְשֵׁ֣בֶט פִּשְׁעָ֑ם ,,,יִשְׁמֹֽרוּ׃ ,פִּשְׁעָ֑ם ,"('p3', 'm', 'pl')","('p3', 'm', 'pl')",WxY0,WQt0,583503,583504
Psalms 89:37,זַ֭רְעֹו לְעֹולָ֣ם יִהְיֶ֑ה וְכִסְאֹ֖ו כַשֶּׁ֣מֶשׁ נֶגְדִּֽי׃ ,,,יִהְיֶ֑ה ,כִסְאֹ֖ו ,"('p3', 'm', 'sg')","('p3', 'm', 'sg')",XYqt,NmCl,583512,583513
Psalms 91:4,בְּאֶבְרָתֹ֨ו׀ יָ֣סֶךְ לָ֭ךְ וְתַֽחַת־כְּנָפָ֣יו תֶּחְסֶ֑ה ,,,יָ֣סֶךְ ,כְּנָפָ֣יו ,"('p3', 'm', 'sg')","('p3', 'm', 'sg')",xYq0,WxY0,583624,583625
Psalms 91:10-11,וְ֝נֶ֗גַע לֹא־יִקְרַ֥ב בְּאָהֳלֶֽךָ׃ כִּ֣י מַ֭לְאָכָיו יְצַוֶּה־לָּ֑ךְ ,,,יִקְרַ֥ב ,מַ֭לְאָכָיו ,"('p3', 'm', 'sg')","('p3', 'm', 'sg')",WXYq,xYq0,583644,583645
Psalms 96:13,יִשְׁפֹּֽט־תֵּבֵ֥ל בְּצֶ֑דֶק וְ֝עַמִּ֗ים בֶּאֱמוּנָתֹֽו׃ ,,,יִשְׁפֹּֽט־,אֱמוּנָתֹֽו׃ ,"('p3', 'm', 'sg')","('p3', 'm', 'sg')",ZYq0,Ellp,583858,583859
Psalms 99:7,בְּעַמּ֣וּד עָ֭נָן יְדַבֵּ֣ר אֲלֵיהֶ֑ם שָׁמְר֥וּ עֵ֝דֹתָ֗יו וְחֹ֣ק ,,,יְדַבֵּ֣ר ,עֵ֝דֹתָ֗יו ,"('p3', 'm', 'sg')","('p3', 'm', 'sg')",xYq0,ZQt0,583939,583940
Psalms 102:29,בְּנֵֽי־עֲבָדֶ֥יךָ יִשְׁכֹּ֑ונוּ וְ֝זַרְעָ֗ם לְפָנֶ֥יךָ יִכֹּֽון׃ ,,,יִשְׁכֹּ֑ונוּ ,זַרְעָ֗ם ,"('p3', 'm', 'pl')","('p3', 'm', 'pl')",XYqt,WXYq,584073,584074
Psalms 104:22,יֵאָסֵפ֑וּן וְאֶל־מְ֝עֹונֹתָ֗ם יִרְבָּצֽוּן׃ ,,,יֵאָסֵפ֑וּן ,מְ֝עֹונֹתָ֗ם ,"('p3', 'm', 'pl')","('p3', 'm', 'pl')",ZYq0,WxY0,584196,584197
Psalms 104:27,כֻּ֭לָּם אֵלֶ֣יךָ יְשַׂבֵּר֑וּן לָתֵ֖ת אָכְלָ֣ם בְּעִתֹּֽו׃ ,,,יְשַׂבֵּר֑וּן ,אָכְלָ֣ם ,"('p3', 'm', 'pl')","('p3', 'm', 'pl')",XYqt,InfC,584212,584213
Psalms 104:29,יִֽבָּהֵ֫ל֥וּן תֹּסֵ֣ף ר֭וּחָם ,,,יִֽבָּהֵ֫ל֥וּן ,ר֭וּחָם ,"('p3', 'm', 'pl')","('p3', 'm', 'pl')",ZYq0,ZYq0,584219,584220
Psalms 104:29,יִגְוָע֑וּן וְֽאֶל־עֲפָרָ֥ם יְשׁוּבֽוּן׃ ,,,יִגְוָע֑וּן ,עֲפָרָ֥ם ,"('p3', 'm', 'pl')","('p3', 'm', 'pl')",ZYq0,WxY0,584221,584222
Psalms 105:5,אֲשֶׁר־עָשָׂ֑ה מֹ֝פְתָ֗יו וּמִשְׁפְּטֵי־פִֽיו׃ ,,,עָשָׂ֑ה ,מֹ֝פְתָ֗יו ,"('p3', 'm', 'sg')","('p3', 'm', 'sg')",xQt0,Ellp,584254,584255
Psalms 105:9,אֲשֶׁ֣ר כָּ֭רַת אֶת־אַבְרָהָ֑ם וּשְׁב֖וּעָתֹ֣ו לְיִשְׂחָֽק׃ ,,,כָּ֭רַת ,שְׁב֖וּעָתֹ֣ו ,"('p3', 'm', 'sg')","('p3', 'm', 'sg')",xQt0,Ellp,584263,584264
Psalms 106:1,כִּי־טֹ֑וב כִּ֖י לְעֹולָ֣ם חַסְדֹּֽו׃ ,,,טֹ֑וב ,חַסְדֹּֽו׃ ,"('p3', 'm', 'sg')","('p3', 'm', 'sg')",xQt0,NmCl,584353,584354
Psalms 107:1,כִּי־טֹ֑וב כִּ֖י לְעֹולָ֣ם חַסְדֹּֽו׃ ,,,טֹ֑וב ,חַסְדֹּֽו׃ ,"('p3', 'm', 'sg')","('p3', 'm', 'sg')",xQt0,NmCl,584466,584467
Psalms 109:15,יִהְי֣וּ נֶֽגֶד־יְהוָ֣ה תָּמִ֑יד וְיַכְרֵ֖ת מֵאֶ֣רֶץ זִכְרָֽם׃ ,,,יִהְי֣וּ ,זִכְרָֽם׃ ,"('p3', 'm', 'pl')","('p3', 'm', 'pl')",ZYq0,WYq0,584638,584639
Psalms 109:31,כִּֽי־יַ֭עֲמֹד לִימִ֣ין אֶבְיֹ֑ון לְ֝הֹושִׁ֗יעַ מִשֹּׁפְטֵ֥י נַפְשֹֽׁו׃ ,,,יַ֭עֲמֹד ,נַפְשֹֽׁו׃ ,"('p3', 'm', 'sg')","('p3', 'm', 'sg')",xYq0,InfC,584690,584691
Psalms 112:9,נָ֘תַ֤ן לָאֶבְיֹונִ֗ים צִ֭דְקָתֹו עֹמֶ֣דֶת לָעַ֑ד ,,,נָ֘תַ֤ן ,צִ֭דְקָתֹו ,"('p3', 'm', 'sg')","('p3', 'm', 'sg')",ZQt0,Ptcp,584753,584754
Psalms 112:10,וְכָעָ֗ס שִׁנָּ֣יו יַחֲרֹ֣ק ,,,כָעָ֗ס ,שִׁנָּ֣יו ,"('p3', 'm', 'sg')","('p3', 'm', 'sg')",WQt0,xYq0,584757,584758
Psalms 115:6-7,וְלֹ֣א יְרִיחֽוּן׃ יְדֵיהֶ֤ם׀ ,,,יְרִיחֽוּן׃ ,יְדֵיהֶ֤ם׀ ,"('p3', 'm', 'pl')","('p3', 'm', 'pl')",WxY0,Ellp,584822,584823
Psalms 115:7,וְלֹ֬א יְמִישׁ֗וּן רַ֭גְלֵיהֶם ,,,יְמִישׁ֗וּן ,רַ֭גְלֵיהֶם ,"('p3', 'm', 'pl')","('p3', 'm', 'pl')",WxY0,Ellp,584824,584825
Psalms 118:1,כִּי־טֹ֑וב כִּ֖י לְעֹולָ֣ם חַסְדֹּֽו׃ ,,,טֹ֑וב ,חַסְדֹּֽו׃ ,"('p3', 'm', 'sg')","('p3', 'm', 'sg')",xQt0,NmCl,584909,584910
Psalms 118:29,כִּי־טֹ֑וב כִּ֖י לְעֹולָ֣ם חַסְדֹּֽו׃ ,,,טֹ֑וב ,חַסְדֹּֽו׃ ,"('p3', 'm', 'sg')","('p3', 'm', 'sg')",xQt0,NmCl,584989,584990
Psalms 135:17,וְלֹ֣א יַאֲזִ֑ינוּ אַ֝֗ף אֵין־יֶשׁ־ר֥וּחַ בְּפִיהֶֽם׃ ,,,יַאֲזִ֑ינוּ ,פִיהֶֽם׃ ,"('p3', 'm', 'pl')","('p3', 'm', 'pl')",WxY0,NmCl,585730,585731
Psalms 136:23,שֶׁ֭בְּשִׁפְלֵנוּ זָ֣כַר לָ֑נוּ כִּ֖י לְעֹולָ֣ם חַסְדֹּֽו׃ ,,,זָ֣כַר ,חַסְדֹּֽו׃ ,"('p3', 'm', 'sg')","('p3', 'm', 'sg')",xQt0,NmCl,585791,585792
Psalms 139:16,גָּלְמִ֤י׀ רָ֘א֤וּ עֵינֶ֗יךָ וְעַֽל־סִפְרְךָ֮ כֻּלָּ֪ם יִכָּ֫תֵ֥בוּ ,,,רָ֘א֤וּ ,כֻּלָּ֪ם ,"('p3', 'unknown', 'pl')","('p3', 'm', 'pl')",xQtX,WXYq,585902,585903
Psalms 144:4,אָ֭דָם לַהֶ֣בֶל דָּמָ֑ה יָ֝מָ֗יו כְּצֵ֣ל עֹובֵֽר׃ ,,,דָּמָ֑ה ,יָ֝מָ֗יו ,"('p3', 'm', 'sg')","('p3', 'm', 'sg')",XQtl,NmCl,586112,586113
Job 4:16,יַעֲמֹ֤ד׀ וְֽלֹא־אַכִּ֬יר מַרְאֵ֗הוּ ,,,יַעֲמֹ֤ד׀ ,מַרְאֵ֗הוּ ,"('p3', 'm', 'sg')","('p3', 'm', 'sg')",ZYq0,WxY0,586656,586657
Job 4:17,הַֽ֭אֱנֹושׁ מֵאֱלֹ֣והַ יִצְדָּ֑ק אִ֥ם מֵ֝עֹשֵׂ֗הוּ יִטְהַר־גָּֽבֶר׃ ,,,יִצְדָּ֑ק ,עֹשֵׂ֗הוּ ,"('p3', 'm', 'sg')","('p3', 'm', 'sg')",XYqt,xYqX,586661,586662
Job 4:18,בַּ֭עֲבָדָיו לֹ֣א יַאֲמִ֑ין וּ֝בְמַלְאָכָ֗יו יָשִׂ֥ים תָּהֳלָֽה׃ ,,,יַאֲמִ֑ין ,מַלְאָכָ֗יו ,"('p3', 'm', 'sg')","('p3', 'm', 'sg')",xYq0,WxY0,586664,586665
Job 4:20-21,מִבְּלִ֥י מֵ֝שִׂ֗ים לָנֶ֥צַח יֹאבֵֽדוּ׃ הֲלֹא־נִסַּ֣ע יִתְרָ֣ם בָּ֑ם ,,,יֹאבֵֽדוּ׃ ,יִתְרָ֣ם ,"('p3', 'm', 'pl')","('p3', 'm', 'pl')",xYq0,xQtX,586670,586671
Job 5:18,יִ֝מְחַ֗ץ וְיָדָ֥יו תִּרְפֶּֽינָה׃ ,,,יִ֝מְחַ֗ץ ,יָדָ֥יו ,"('p3', 'm', 'sg')","('p3', 'm', 'sg')",ZYq0,WXYq,586718,586719
Job 8:10,יֹ֣אמְרוּ לָ֑ךְ וּ֝מִלִּבָּ֗ם יֹוצִ֥אוּ מִלִּֽים׃ ,,,יֹ֣אמְרוּ ,לִּבָּ֗ם ,"('p3', 'm', 'pl')","('p3', 'm', 'pl')",ZYq0,WxY0,586922,586923
Job 9:24,אֶ֤רֶץ׀ נִתְּנָ֬ה בְֽיַד־רָשָׁ֗ע פְּנֵֽי־שֹׁפְטֶ֥יהָ יְכַסֶּ֑ה ,,,נִתְּנָ֬ה ,שֹׁפְטֶ֥יהָ ,"('p3', 'f', 'sg')","('p3', 'f', 'sg')",XQtl,xYq0,587019,587020
Job 14:7,וְעֹ֣וד יַחֲלִ֑יף וְ֝יֹֽנַקְתֹּ֗ו לֹ֣א תֶחְדָּֽל׃ ,,,יַחֲלִ֑יף ,יֹֽנַקְתֹּ֗ו ,"('p3', 'm', 'sg')","('p3', 'm', 'sg')",WxY0,WXYq,587345,587346
Job 14:21-22,וְֽלֹא־יָבִ֥ין לָֽמֹו׃ אַךְ־בְּ֭שָׂרֹו עָלָ֣יו יִכְאָ֑ב ,,,יָבִ֥ין ,בְּ֭שָׂרֹו ,"('p3', 'm', 'sg')","('p3', 'm', 'sg')",WxY0,XYqt,587392,587393
Job 14:22,אַךְ־בְּ֭שָׂרֹו עָלָ֣יו יִכְאָ֑ב וְ֝נַפְשֹׁ֗ו עָלָ֥יו תֶּאֱבָֽל׃ פ ,,,יִכְאָ֑ב ,נַפְשֹׁ֗ו ,"('p3', 'm', 'sg')","('p3', 'm', 'sg')",XYqt,WXYq,587393,587394
Job 15:15,בִּ֭קְדֹשָׁיו לֹ֣א יַאֲמִ֑ין וְ֝שָׁמַ֗יִם לֹא־זַכּ֥וּ בְעֵינָֽיו׃ ,,,יַאֲמִ֑ין ,עֵינָֽיו׃ ,"('p3', 'm', 'sg')","('p3', 'm', 'sg')",xYq0,WXQt,587430,587431
Job 15:30,לֹֽא־יָס֨וּר׀ מִנִּי־חֹ֗שֶׁךְ יֹֽ֭נַקְתֹּו תְּיַבֵּ֣שׁ שַׁלְהָ֑בֶת ,,,יָס֨וּר׀ ,יֹֽ֭נַקְתֹּו ,"('p3', 'm', 'sg')","('p3', 'm', 'sg')",xYq0,xYqX,587469,587470
Job 16:8-9,בְּפָנַ֥י יַעֲנֶֽה׃ אַפֹּ֤ו טָרַ֨ף׀ ,,,יַעֲנֶֽה׃ ,אַפֹּ֤ו ,"('p3', 'm', 'sg')","('p3', 'm', 'sg')",xYq0,XQtl,587506,587507
Job 17:5,לְ֭חֵלֶק יַגִּ֣יד רֵעִ֑ים וְעֵינֵ֖י בָנָ֣יו תִּכְלֶֽנָה׃ ,,,יַגִּ֣יד ,בָנָ֣יו ,"('p3', 'm', 'sg')","('p3', 'm', 'sg')",xYq0,WXYq,587561,587562
Job 18:6-7,וְ֝נֵרֹ֗ו עָלָ֥יו יִדְעָֽךְ׃ יֵֽ֭צְרוּ צַעֲדֵ֣י אֹונֹ֑ו ,,,יִדְעָֽךְ׃ ,אֹונֹ֑ו ,"('p3', 'm', 'sg')","('p3', 'm', 'sg')",WXYq,ZYqX,587607,587608
Job 20:6-7,וְ֝רֹאשֹׁ֗ו לָעָ֥ב יַגִּֽיעַ׃ כְּֽ֭גֶלֲלֹו לָנֶ֣צַח יֹאבֵ֑ד ,,,יַגִּֽיעַ׃ ,גֶלֲלֹו ,"('p3', 'm', 'sg')","('p3', 'm', 'sg')",WXYq,xYq0,587729,587730
Job 20:7,כְּֽ֭גֶלֲלֹו לָנֶ֣צַח יֹאבֵ֑ד רֹ֝אָ֗יו יֹאמְר֥וּ ,,,יֹאבֵ֑ד ,רֹ֝אָ֗יו ,"('p3', 'm', 'sg')","('p3', 'm', 'sg')",xYq0,XYqt,587730,587731
Job 20:14,לַ֭חְמֹו בְּמֵעָ֣יו נֶהְפָּ֑ךְ מְרֹורַ֖ת פְּתָנִ֣ים בְּקִרְבֹּֽו׃ ,,,נֶהְפָּ֑ךְ ,קִרְבֹּֽו׃ ,"('p3', 'm', 'sg')","('p3', 'm', 'sg')",XQtl,NmCl,587748,587749
Job 20:18,וְלֹ֣א יִבְלָ֑ע כְּחֵ֥יל תְּ֝מוּרָתֹ֗ו ,,,יִבְלָ֑ע ,תְּ֝מוּרָתֹ֗ו ,"('p3', 'm', 'sg')","('p3', 'm', 'sg')",WxY0,Defc,587757,587758
Job 20:23,יְהִ֤י׀ לְמַלֵּ֬א בִטְנֹ֗ו ,,,יְהִ֤י׀ ,בִטְנֹ֗ו ,"('p3', 'm', 'sg')","('p3', 'm', 'sg')",ZYq0,InfC,587772,587773
Job 21:7-8,גַּם־גָּ֥בְרוּ חָֽיִל׃ זַרְעָ֤ם ,,,גָּ֥בְרוּ ,זַרְעָ֤ם ,"('p3', 'unknown', 'pl')","('p3', 'm', 'pl')",xQt0,Defc,587811,587812
Job 21:10,וְלֹ֣א יַגְעִ֑ל תְּפַלֵּ֥ט פָּ֝רָתֹ֗ו ,,,יַגְעִ֑ל ,פָּ֝רָתֹ֗ו ,"('p3', 'm', 'sg')","('p3', 'm', 'sg')",WxY0,ZYqX,587820,587821
Job 21:19-20,וְיֵדָֽע׃ יִרְא֣וּ עֵינָ֣יו כִּידֹ֑ו ,,,יֵדָֽע׃ ,עֵינָ֣יו ,"('p3', 'm', 'sg')","('p3', 'm', 'sg')",WYq0,ZYqX,587847,587848
Job 21:20-21,וּמֵחֲמַ֖ת שַׁדַּ֣י יִשְׁתֶּֽה׃ כִּ֤י מַה־חֶפְצֹ֣ו בְּבֵיתֹ֣ו אַחֲרָ֑יו ,,,יִשְׁתֶּֽה׃ ,חֶפְצֹ֣ו ,"('p3', 'm', 'sg')","('p3', 'm', 'sg')",WxY0,NmCl,587849,587850
Job 21:33,וְ֭אַחֲרָיו כָּל־אָדָ֣ם יִמְשֹׁ֑וךְ וּ֝לְפָנָ֗יו ,,,יִמְשֹׁ֑וךְ ,פָנָ֗יו ,"('p3', 'm', 'sg')","('p3', 'm', 'sg')",WXYq,NmCl,587879,587880
Job 27:19,וְלֹ֣א יֵאָסֵ֑ף עֵינָ֖יו פָּקַ֣ח ,,,יֵאָסֵ֑ף ,עֵינָ֖יו ,"('p3', 'm', 'sg')","('p3', 'm', 'sg')",WxY0,xQt0,588174,588175
Job 27:22,וְלֹ֣א יַחְמֹ֑ל מִ֝יָּדֹ֗ו בָּרֹ֥וחַ יִבְרָֽח׃ ,,,יַחְמֹ֑ל ,יָּדֹ֗ו ,"('p3', 'm', 'sg')","('p3', 'm', 'sg')",WxY0,xYq0,588183,588184
Job 29:10,קֹול־נְגִידִ֥ים נֶחְבָּ֑אוּ וּ֝לְשֹׁונָ֗ם לְחִכָּ֥ם דָּבֵֽקָה׃ ,,,נֶחְבָּ֑אוּ ,לְשֹׁונָ֗ם ,"('p3', 'unknown', 'pl')","('p3', 'm', 'pl')",xQt0,WXQt,588278,588279
Job 29:23,וְיִֽחֲל֣וּ כַמָּטָ֣ר לִ֑י וּ֝פִיהֶ֗ם פָּעֲר֥וּ לְמַלְקֹֽושׁ׃ ,,,יִֽחֲל֣וּ ,פִיהֶ֗ם ,"('p3', 'unknown', 'pl')","('p3', 'm', 'pl')",WQt0,WxQ0,588313,588314
Job 29:24-25,וְאֹ֥ור פָּ֝נַ֗י לֹ֣א יַפִּילֽוּן׃ אֶֽבֲחַ֣ר דַּרְכָּם֮ ,,,יַפִּילֽוּן׃ ,דַּרְכָּם֮ ,"('p3', 'm', 'pl')","('p3', 'm', 'pl')",WxY0,ZYq0,588317,588318
Job 30:8-9,נִ֝כְּא֗וּ מִן־הָאָֽרֶץ׃ וְ֭עַתָּה נְגִינָתָ֣ם הָיִ֑יתִי ,,,נִ֝כְּא֗וּ ,נְגִינָתָ֣ם ,"('p3', 'unknown', 'pl')","('p3', 'm', 'pl')",ZQt0,WxQ0,588343,588344
Job 31:31,מִֽי־יִתֵּ֥ן מִ֝בְּשָׂרֹ֗ו לֹ֣א נִשְׂבָּֽע׃ ,,,יִתֵּ֥ן ,בְּשָׂרֹ֗ו ,"('p3', 'm', 'sg')","('p3', 'm', 'sg')",XYqt,xYq0,588476,588477
Job 31:38,אִם־עָ֭לַי אַדְמָתִ֣י תִזְעָ֑ק וְ֝יַ֗חַד תְּלָמֶ֥יהָ יִבְכָּיֽוּן׃ ,,,תִזְעָ֑ק ,תְּלָמֶ֥יהָ ,"('p3', 'f', 'sg')","('p3', 'f', 'sg')",XYqt,WXYq,588494,588495
Job 34:35,אִ֭יֹּוב לֹא־בְדַ֣עַת יְדַבֵּ֑ר וּ֝דְבָרָ֗יו לֹ֣א ,,,יְדַבֵּ֑ר ,דְבָרָ֗יו ,"('p3', 'm', 'sg')","('p3', 'm', 'sg')",XYqt,NmCl,588764,588765
Job 38:14-15,וְ֝יִֽתְיַצְּב֗וּ כְּמֹ֣ו לְבֽוּשׁ׃ וְיִמָּנַ֣ע מֵרְשָׁעִ֣ים אֹורָ֑ם ,,,יִֽתְיַצְּב֗וּ ,אֹורָ֑ם ,"('p3', 'm', 'pl')","('p3', 'm', 'pl')",WYq0,WYqX,588997,588998
Job 39:3,תִּ֭כְרַעְנָה יַלְדֵיהֶ֣ן תְּפַלַּ֑חְנָה ,,,תִּ֭כְרַעְנָה ,יַלְדֵיהֶ֣ן ,"('p3', 'f', 'pl')","('p3', 'f', 'pl')",ZYq0,xYq0,589073,589074
Job 39:5-6,מִ֣י פִתֵּֽחַ׃ אֲשֶׁר־שַׂ֣מְתִּי עֲרָבָ֣ה בֵיתֹ֑ו ,,,פִתֵּֽחַ׃ ,בֵיתֹ֑ו ,"('p3', 'm', 'sg')","('p3', 'm', 'sg')",XQtl,xQt0,589083,589084
Job 40:15-16,חָ֝צִ֗יר כַּבָּקָ֥ר יֹאכֵֽל׃ הִנֵּה־נָ֣א כֹחֹ֣ו בְמָתְנָ֑יו ,,,יֹאכֵֽל׃ ,כֹחֹ֣ו ,"('p3', 'm', 'sg')","('p3', 'm', 'sg')",xYq0,NmCl,589183,589184
Job 41:5-6,מִ֣י יָבֹֽוא׃ דַּלְתֵ֣י פָ֭נָיו ,,,יָבֹֽוא׃ ,פָ֭נָיו ,"('p3', 'm', 'sg')","('p3', 'm', 'sg')",XYqt,XPos,589235,589236
Job 41:6,מִ֣י פִתֵּ֑חַ סְבִיבֹ֖ות שִׁנָּ֣יו אֵימָֽה׃ ,,,פִתֵּ֑חַ ,שִׁנָּ֣יו ,"('p3', 'm', 'sg')","('p3', 'm', 'sg')",XQtl,NmCl,589237,589238
Job 41:13-14,וְ֝לַ֗הַב מִפִּ֥יו יֵצֵֽא׃ בְּֽ֭צַוָּארֹו יָלִ֣ין עֹ֑ז ,,,יֵצֵֽא׃ ,צַוָּארֹו ,"('p3', 'm', 'sg')","('p3', 'm', 'sg')",WXYq,xYqX,589255,589256
Job 41:15-16,בַּל־יִמֹּֽוט׃ לִ֭בֹּו יָצ֣וּק כְּמֹו־אָ֑בֶן ,,,יִמֹּֽוט׃ ,לִ֭בֹּו ,"('p3', 'm', 'sg')","('p3', 'm', 'sg')",xYq0,Ptcp,589260,589261
Job 42:8,וְאִיֹּ֣וב עַבְדִּ֔י יִתְפַּלֵּ֖ל עֲלֵיכֶ֑ם כִּ֧י אִם־פָּנָ֣יו אֶשָּׂ֗א ,,,יִתְפַּלֵּ֖ל ,פָּנָ֣יו ,"('p3', 'm', 'sg')","('p3', 'm', 'sg')",WXYq,xYq0,589311,589312
Proverbs 2:6,כִּֽי־יְ֭הוָה יִתֵּ֣ן חָכְמָ֑ה מִ֝פִּ֗יו דַּ֣עַת וּתְבוּנָֽה׃ ,,,יִתֵּ֣ן ,פִּ֗יו ,"('p3', 'm', 'sg')","('p3', 'm', 'sg')",XYqt,NmCl,589441,589442
Proverbs 2:14-15,יָ֝גִ֗ילוּ בְּֽתַהְפֻּכֹ֥ות רָֽע׃ אֲשֶׁ֣ר אָרְחֹתֵיהֶ֣ם עִקְּשִׁ֑ים ,,,יָ֝גִ֗ילוּ ,אָרְחֹתֵיהֶ֣ם ,"('p3', 'm', 'pl')","('p3', 'm', 'pl')",ZYq0,AjCl,589460,589461
Proverbs 3:19-20,כֹּונֵ֥ן שָׁ֝מַ֗יִם בִּתְבוּנָֽה׃ בְּ֭דַעְתֹּו תְּהֹומֹ֣ות נִבְקָ֑עוּ ,,,כֹּונֵ֥ן ,דַעְתֹּו ,"('p3', 'm', 'sg')","('p3', 'm', 'sg')",ZQt0,XQtl,589525,589526
Proverbs 4:16,אִם־לֹ֣א יָרֵ֑עוּ וְֽנִגְזְלָ֥ה שְׁ֝נָתָ֗ם ,,,יָרֵ֑עוּ ,שְׁ֝נָתָ֗ם ,"('p3', 'm', 'pl')","('p3', 'm', 'pl')",xYq0,WQtX,589619,589620
Proverbs 5:23,ה֗וּא יָ֭מוּת בְּאֵ֣ין מוּסָ֑ר וּבְרֹ֖ב אִוַּלְתֹּ֣ו יִשְׁגֶּֽה׃ פ ,,,יָ֭מוּת ,אִוַּלְתֹּ֣ו ,"('p3', 'm', 'sg')","('p3', 'm', 'sg')",XYqt,WxY0,589699,589700
Proverbs 6:30,כִּ֣י יִגְנֹ֑וב לְמַלֵּ֥א נַ֝פְשֹׁ֗ו ,,,יִגְנֹ֑וב ,נַ֝פְשֹׁ֗ו ,"('p3', 'm', 'sg')","('p3', 'm', 'sg')",xYq0,InfC,589785,589786
Proverbs 6:31,יְשַׁלֵּ֣ם שִׁבְעָתָ֑יִם אֶת־כָּל־הֹ֖ון בֵּיתֹ֣ו יִתֵּֽן׃ ,,,יְשַׁלֵּ֣ם ,בֵּיתֹ֣ו ,"('p3', 'm', 'sg')","('p3', 'm', 'sg')",ZYq0,xYq0,589789,589790
Proverbs 6:33,נֶֽגַע־וְקָלֹ֥ון יִמְצָ֑א וְ֝חֶרְפָּתֹ֗ו לֹ֣א תִמָּחֶֽה׃ ,,,יִמְצָ֑א ,חֶרְפָּתֹ֗ו ,"('p3', 'm', 'sg')","('p3', 'm', 'sg')",xYq0,WXYq,589795,589796
Proverbs 7:23,וְלֹֽא־יָ֝דַ֗ע כִּֽי־בְנַפְשֹׁ֥ו הֽוּא׃ פ ,,,יָ֝דַ֗ע ,נַפְשֹׁ֥ו ,"('p3', 'm', 'sg')","('p3', 'm', 'sg')",WxQ0,NmCl,589859,589860
Proverbs 7:26,כִּֽי־רַבִּ֣ים חֲלָלִ֣ים הִפִּ֑ילָה וַ֝עֲצֻמִ֗ים כָּל־הֲרֻגֶֽיהָ׃ ,,,הִפִּ֑ילָה ,הֲרֻגֶֽיהָ׃ ,"('p3', 'f', 'sg')","('p3', 'f', 'sg')",xQt0,AjCl,589867,589868
Proverbs 23:7,יֹ֣אמַר לָ֑ךְ וְ֝לִבֹּ֗ו בַּל־עִמָּֽךְ׃ ,,,יֹ֣אמַר ,לִבֹּ֗ו ,"('p3', 'm', 'sg')","('p3', 'm', 'sg')",ZYq0,NmCl,591054,591055
Proverbs 23:31-32,יִ֝תְהַלֵּ֗ךְ בְּמֵישָׁרִֽים׃ אַ֭חֲרִיתֹו כְּנָחָ֣שׁ יִשָּׁ֑ךְ ,,,יִ֝תְהַלֵּ֗ךְ ,אַ֭חֲרִיתֹו ,"('p3', 'm', 'sg')","('p3', 'm', 'sg')",ZYq0,XYqt,591120,591121
Proverbs 30:11,דֹּ֭ור אָבִ֣יו יְקַלֵּ֑ל וְאֶת־אִ֝מֹּ֗ו לֹ֣א יְבָרֵֽךְ׃ ,,,יְקַלֵּ֑ל ,אִ֝מֹּ֗ו ,"('p3', 'm', 'sg')","('p3', 'm', 'sg')",XYqt,WxY0,591660,591661
Song_of_songs 4:2,שֶׁעָל֖וּ מִן־הָרַחְצָ֑ה שֶׁכֻּלָּם֙ מַתְאִימֹ֔ות ,,,עָל֖וּ ,כֻּלָּם֙ ,"('p3', 'unknown', 'pl')","('p3', 'm', 'pl')",xQt0,Ptcp,592480,592481
Song_of_songs 6:6,שֶׁעָל֖וּ מִן־הָרַחְצָ֑ה שֶׁכֻּלָּם֙ מַתְאִימֹ֔ות ,,,עָל֖וּ ,כֻּלָּם֙ ,"('p3', 'unknown', 'pl')","('p3', 'm', 'pl')",xQt0,Ptcp,592631,592632
Ecclesiastes 3:14,וְהָאֱלֹהִ֣ים עָשָׂ֔ה שֶׁיִּֽרְא֖וּ מִלְּפָנָֽיו׃ ,,,עָשָׂ֔ה ,פָנָֽיו׃ ,"('p3', 'm', 'sg')","('p3', 'm', 'sg')",WXQt,xYq0,593064,593065
Ecclesiastes 5:16,וְכָעַ֥ס הַרְבֵּ֖ה וְחָלְיֹ֥ו וָקָֽצֶף׃ ,,,כָעַ֥ס ,חָלְיֹ֥ו ,"('p3', 'm', 'sg')","('p3', 'm', 'sg')",WQt0,Ellp,593254,593255
Ecclesiastes 6:4,וּבַחֹ֣שֶׁךְ יֵלֵ֑ךְ וּבַחֹ֖שֶׁךְ שְׁמֹ֥ו יְכֻסֶּֽה׃ ,,,יֵלֵ֑ךְ ,שְׁמֹ֥ו ,"('p3', 'm', 'sg')","('p3', 'm', 'sg')",WxY0,WXYq,593296,593297
Ecclesiastes 8:16,אֲשֶׁ֥ר נַעֲשָׂ֖ה עַל־הָאָ֑רֶץ כִּ֣י גַ֤ם בַּיֹּום֙ וּבַלַּ֔יְלָה שֵׁנָ֕ה בְּעֵינָ֖יו אֵינֶ֥נּוּ רֹאֶֽה׃ ,,,נַעֲשָׂ֖ה ,עֵינָ֖יו ,"('p3', 'm', 'sg')","('p3', 'm', 'sg')",xQt0,Ptcp,593512,593513
Lamentations 1:10,כִּֽי־רָאֲתָ֤ה גֹויִם֙ בָּ֣אוּ מִקְדָּשָׁ֔הּ ,,,רָאֲתָ֤ה ,מִקְדָּשָׁ֔הּ ,"('p3', 'f', 'sg')","('p3', 'f', 'sg')",xQt0,XQtl,593842,593843
Lamentations 1:21-22,וְיִֽהְי֥וּ כָמֹֽונִי׃ ס תָּבֹ֨א כָל־רָעָתָ֤ם לְפָנֶ֨יךָ֙ ,,,יִֽהְי֥וּ ,רָעָתָ֤ם ,"('p3', 'm', 'pl')","('p3', 'm', 'pl')",WYq0,ZYqX,593915,593916
Lamentations 5:8,עֲבָדִים֙ מָ֣שְׁלוּ בָ֔נוּ פֹּרֵ֖ק אֵ֥ין מִיָּדָֽם׃ ,,,מָ֣שְׁלוּ ,יָּדָֽם׃ ,"('p3', 'unknown', 'pl')","('p3', 'm', 'pl')",XQtl,Ptcp,594290,594291
Esther 1:17,הַמֶּ֣לֶךְ אֲחַשְׁוֵרֹ֡ושׁ אָמַ֞ר לְהָבִ֨יא אֶת־וַשְׁתִּ֧י הַמַּלְכָּ֛ה לְפָנָ֖יו ,,,אָמַ֞ר ,פָנָ֖יו ,"('p3', 'm', 'sg')","('p3', 'm', 'sg')",XQtl,InfC,594377,594378
Esther 1:20,אֲשֶֽׁר־יַעֲשֶׂה֙ בְּכָל־מַלְכוּתֹ֔ו ,,,יַעֲשֶׂה֙ ,מַלְכוּתֹ֔ו ,"('p3', 'm', 'sg')","('p3', 'm', 'sg')",xYq0,Defc,594392,594393
Esther 4:11,אֲשֶׁ֣ר לֹֽא־יִקָּרֵ֗א אַחַ֤ת דָּתֹו֙ ,,,יִקָּרֵ֗א ,דָּתֹו֙ ,"('p3', 'm', 'sg')","('p3', 'm', 'sg')",xYq0,NmCl,594639,594640
Esther 9:25,אֲשֶׁר־חָשַׁ֥ב עַל־הַיְּהוּדִ֖ים עַל־רֹאשֹׁ֑ו ,,,חָשַׁ֥ב ,רֹאשֹׁ֑ו ,"('p3', 'm', 'sg')","('p3', 'm', 'sg')",xQt0,Defc,595075,595076
Daniel 11:4,אֲשֶׁ֣ר מָשָׁ֔ל כִּ֤י תִנָּתֵשׁ֙ מַלְכוּתֹ֔ו ,,,מָשָׁ֔ל ,מַלְכוּתֹ֔ו ,"('p3', 'm', 'sg')","('p3', 'm', 'sg')",xQt0,xYqX,596676,596677
Daniel 11:6,וְלֹ֤א יַעֲמֹד֙ וּזְרֹעֹ֔ו ,,,יַעֲמֹד֙ ,זְרֹעֹ֔ו ,"('p3', 'm', 'sg')","('p3', 'm', 'sg')",WxY0,Ellp,596687,596688
Daniel 11:16,וְיַעֲמֹ֥ד בְּאֶֽרֶץ־הַצְּבִ֖י וְכָלָ֥ה בְיָדֹֽו׃ ,,,יַעֲמֹ֥ד ,יָדֹֽו׃ ,"('p3', 'm', 'sg')","('p3', 'm', 'sg')",WYq0,NmCl,596734,596735
Daniel 11:24,וְעָשָׂ֗ה אֲשֶׁ֨ר לֹא־עָשׂ֤וּ אֲבֹתָיו֙ וַאֲבֹ֣ות אֲבֹתָ֔יו ,,,עָשָׂ֗ה ,אֲבֹתָיו֙ ,"('p3', 'm', 'sg')","('p3', 'm', 'sg')",WQt0,xQtX,596771,596772
Daniel 11:37-38,כִּ֥י עַל־כֹּ֖ל יִתְגַּדָּֽל׃ וְלֶאֱלֹ֨הַּ֙ מָֽעֻזִּ֔ים עַל־כַּנֹּ֖ו יְכַבֵּ֑ד ,,,יִתְגַּדָּֽל׃ ,כַּנֹּ֖ו ,"('p3', 'm', 'sg')","('p3', 'm', 'sg')",xYq0,WxY0,596832,596833
Daniel 11:43,וּמָשַׁ֗ל בְּמִכְמַנֵּי֙ הַזָּהָ֣ב וְהַכֶּ֔סֶף וּבְכֹ֖ל חֲמֻדֹ֣ות מִצְרָ֑יִם וְלֻבִ֥ים וְכֻשִׁ֖ים בְּמִצְעָדָֽיו׃ ,,,מָשַׁ֗ל ,מִצְעָדָֽיו׃ ,"('p3', 'm', 'sg')","('p3', 'm', 'sg')",WQt0,NmCl,596853,596854
Nehemiah 2:20,ה֚וּא יַצְלִ֣יחַֽ לָ֔נוּ וַאֲנַ֥חְנוּ עֲבָדָ֖יו נָק֣וּם ,,,יַצְלִ֣יחַֽ ,עֲבָדָ֖יו ,"('p3', 'm', 'sg')","('p3', 'm', 'sg')",XYqt,WXYq,597958,597959
Nehemiah 4:5,וְלֹ֣א יִרְא֔וּ עַ֛ד אֲשֶׁר־נָבֹ֥וא אֶל־תֹּוכָ֖ם ,,,יִרְא֔וּ ,תֹּוכָ֖ם ,"('p3', 'm', 'pl')","('p3', 'm', 'pl')",WxY0,xYq0,598088,598089
Nehemiah 5:13,אֲשֶׁ֨ר לֹֽא־יָקִ֜ים אֶת־הַדָּבָ֣ר הַזֶּ֗ה מִבֵּיתֹו֙ וּמִ֣יגִיעֹ֔ו ,,,יָקִ֜ים ,בֵּיתֹו֙ ,"('p3', 'm', 'sg')","('p3', 'm', 'sg')",xYq0,Defc,598203,598204
1_Chronicles 16:12,אֲשֶׁ֣ר עָשָׂ֔ה מֹפְתָ֖יו וּמִשְׁפְּטֵי־פִֽיהוּ׃ ,,,עָשָׂ֔ה ,מֹפְתָ֖יו ,"('p3', 'm', 'sg')","('p3', 'm', 'sg')",xQt0,Ellp,600455,600456
1_Chronicles 16:16,אֲשֶׁ֤ר כָּרַת֙ אֶת־אַבְרָהָ֔ם וּשְׁבוּעָתֹ֖ו לְיִצְחָֽק׃ ,,,כָּרַת֙ ,שְׁבוּעָתֹ֖ו ,"('p3', 'm', 'sg')","('p3', 'm', 'sg')",xQt0,Ellp,600464,600465
2_Chronicles 6:26,וְהֹוד֣וּ אֶת־שְׁמֶ֔ךָ מֵחַטָּאתָ֥ם יְשׁוּב֖וּן ,,,הֹוד֣וּ ,חַטָּאתָ֥ם ,"('p3', 'unknown', 'pl')","('p3', 'm', 'pl')",WQt0,xYq0,602157,602158
2_Chronicles 9:8,אֲשֶׁ֣ר׀ חָפֵ֣ץ בְּךָ֗ לְתִתְּךָ֤ עַל־כִּסְאֹו֙ לְמֶ֔לֶךְ לַיהוָ֖ה אֱלֹהֶ֑יךָ ,,,חָפֵ֣ץ ,כִּסְאֹו֙ ,"('p3', 'm', 'sg')","('p3', 'm', 'sg')",xQt0,InfC,602449,602450
2_Chronicles 32:14,אֲשֶׁ֣ר יָכֹ֔ול לְהַצִּ֥יל אֶת־עַמֹּ֖ו מִיָּדִ֑י ,,,יָכֹ֔ול ,עַמֹּ֖ו ,"('p3', 'm', 'sg')","('p3', 'm', 'sg')",xQt0,InfC,604613,604614
