reference,match_text,distance,same?,notes,suffix,subject,sfx_pgn,sbj_pgn,context,ca_typ,mo_typ,ca,mother
Genesis 25:24-21,"וַתַּ֖הַר רִבְקָ֥ה אִשְׁתֹּֽו׃ 
...
וַיִּמְלְא֥וּ יָמֶ֖יהָ ",12,,,יָמֶ֖יהָ ,רִבְקָ֥ה ,"('p3', 'f', 'sg')","('NA', 'f', 'sg')","21
וַיֶּעְתַּ֨ר יִצְחָ֤ק לַֽיהוָה֙ לְנֹ֣כַח אִשְׁתֹּ֔ו כִּ֥י עֲקָרָ֖ה הִ֑וא וַיֵּעָ֤תֶר לֹו֙ יְהוָ֔ה וַתַּ֖הַר רִבְקָ֥ה אִשְׁתֹּֽו׃ 
22
וַיִּתְרֹֽצֲצ֤וּ הַבָּנִים֙ בְּקִרְבָּ֔הּ וַתֹּ֣אמֶר אִם־כֵּ֔ן לָ֥מָּה זֶּ֖ה אָנֹ֑כִי וַתֵּ֖לֶךְ לִדְרֹ֥שׁ אֶת־יְהוָֽה׃ 
23
וַיֹּ֨אמֶר יְהוָ֜ה לָ֗הּ שְׁנֵ֤י גֹויִם֙ בְּבִטְנֵ֔ךְ וּשְׁנֵ֣י לְאֻמִּ֔ים מִמֵּעַ֖יִךְ יִפָּרֵ֑דוּ וּלְאֹם֙ מִלְאֹ֣ם יֶֽאֱמָ֔ץ וְרַ֖ב יַעֲבֹ֥ד צָעִֽיר׃ 
24
וַיִּמְלְא֥וּ יָמֶ֖יהָ לָלֶ֑דֶת וְהִנֵּ֥ה תֹומִ֖ם בְּבִטְנָֽהּ׃ ",WayX,WayX,517158,517146
Genesis 25:26-25,"וַיֵּצֵ֤א הָרִאשֹׁון֙ אַדְמֹונִ֔י 
...
וְאַֽחֲרֵי־כֵ֞ן יָצָ֣א אָחִ֗יו ",3,,,אָחִ֗יו ,רִאשֹׁון֙ ,"('p3', 'm', 'sg')","('NA', 'm', 'sg')","25
וַיֵּצֵ֤א הָרִאשֹׁון֙ אַדְמֹונִ֔י כֻּלֹּ֖ו כְּאַדֶּ֣רֶת שֵׂעָ֑ר וַיִּקְרְא֥וּ שְׁמֹ֖ו עֵשָֽׂו׃ 
26
וְאַֽחֲרֵי־כֵ֞ן יָצָ֣א אָחִ֗יו וְיָדֹ֤ו אֹחֶ֨זֶת֙ בַּעֲקֵ֣ב עֵשָׂ֔ו וַיִּקְרָ֥א שְׁמֹ֖ו יַעֲקֹ֑ב וְיִצְחָ֛ק בֶּן־שִׁשִּׁ֥ים שָׁנָ֖ה בְּלֶ֥דֶת אֹתָֽם׃ ",WxQX,WayX,517164,517161
Genesis 27:13-11,"וַיֹּ֣אמֶר יַעֲקֹ֔ב אֶל־רִבְקָ֖ה אִמֹּ֑ו 
...
וַתֹּ֤אמֶר לֹו֙ אִמֹּ֔ו ",7,,,אִמֹּ֔ו ,יַעֲקֹ֔ב ,"('p3', 'm', 'sg')","('NA', 'm', 'sg')","11
וַיֹּ֣אמֶר יַעֲקֹ֔ב אֶל־רִבְקָ֖ה אִמֹּ֑ו הֵ֣ן עֵשָׂ֤ו אָחִי֙ אִ֣ישׁ שָׂעִ֔ר וְאָנֹכִ֖י אִ֥ישׁ חָלָֽק׃ 
12
אוּלַ֤י יְמֻשֵּׁ֨נִי֙ אָבִ֔י וְהָיִ֥יתִי בְעֵינָ֖יו כִּמְתַעְתֵּ֑עַ וְהֵבֵאתִ֥י עָלַ֛י קְלָלָ֖ה וְלֹ֥א בְרָכָֽה׃ 
13
וַתֹּ֤אמֶר לֹו֙ אִמֹּ֔ו עָלַ֥י קִלְלָתְךָ֖ בְּנִ֑י אַ֛ךְ שְׁמַ֥ע בְּקֹלִ֖י וְלֵ֥ךְ קַֽח־לִֽי׃ ",WayX,WayX,517393,517386
Genesis 34:3-2,"וַיַּ֨רְא אֹתָ֜הּ שְׁכֶ֧ם בֶּן־חֲמֹ֛ור הַֽחִוִּ֖י נְשִׂ֣יא הָאָ֑רֶץ 
...
וַתִּדְבַּ֣ק נַפְשֹׁ֔ו בְּדִינָ֖ה בַּֽת־יַעֲקֹ֑ב ",4,,,נַפְשֹׁ֔ו ,שְׁכֶ֧ם ,"('p3', 'm', 'sg')","('NA', 'm', 'sg')","2
וַיַּ֨רְא אֹתָ֜הּ שְׁכֶ֧ם בֶּן־חֲמֹ֛ור הַֽחִוִּ֖י נְשִׂ֣יא הָאָ֑רֶץ וַיִּקַּ֥ח אֹתָ֛הּ וַיִּשְׁכַּ֥ב אֹתָ֖הּ וַיְעַנֶּֽהָ׃ 
3
וַתִּדְבַּ֣ק נַפְשֹׁ֔ו בְּדִינָ֖ה בַּֽת־יַעֲקֹ֑ב וַיֶּֽאֱהַב֙ אֶת־הַֽנַּעֲרָ֔ וַיְדַבֵּ֖ר עַל־לֵ֥ב הַֽנַּעֲרָֽ׃ ",WayX,WayX,518454,518450
Genesis 34:18-13,"וַיַּעֲנ֨וּ בְנֵֽי־יַעֲקֹ֜ב אֶת־שְׁכֶ֨ם וְאֶת־חֲמֹ֥ור אָבִ֛יו בְּמִרְמָ֖ה 
...
וַיִּֽיטְב֥וּ דִבְרֵיהֶ֖ם בְּעֵינֵ֣י חֲמֹ֑ור וּבְעֵינֵ֖י שְׁכֶ֥ם בֶּן־חֲמֹֽור׃ ",20,,,דִבְרֵיהֶ֖ם ,בְנֵֽי־,"('p3', 'm', 'pl')","('NA', 'm', 'pl')","13
וַיַּעֲנ֨וּ בְנֵֽי־יַעֲקֹ֜ב אֶת־שְׁכֶ֨ם וְאֶת־חֲמֹ֥ור אָבִ֛יו בְּמִרְמָ֖ה וַיְדַבֵּ֑רוּ אֲשֶׁ֣ר טִמֵּ֔א אֵ֖ת דִּינָ֥ה אֲחֹתָֽם׃ 
14
וַיֹּאמְר֣וּ אֲלֵיהֶ֗ם לֹ֤א נוּכַל֙ לַעֲשֹׂות֙ הַדָּבָ֣ר הַזֶּ֔ה לָתֵת֙ אֶת־אֲחֹתֵ֔נוּ לְאִ֖ישׁ אֲשֶׁר־לֹ֣ו עָרְלָ֑ה כִּֽי־חֶרְפָּ֥ה הִ֖וא לָֽנוּ׃ 
15
אַךְ־בְּזֹ֖את נֵאֹ֣ות לָכֶ֑ם אִ֚ם תִּהְי֣וּ כָמֹ֔נוּ לְהִמֹּ֥ל לָכֶ֖ם כָּל־זָכָֽר׃ 
16
וְנָתַ֤נּוּ אֶת־בְּנֹתֵ֨ינוּ֙ לָכֶ֔ם וְאֶת־בְּנֹתֵיכֶ֖ם נִֽקַּֽח־לָ֑נוּ וְיָשַׁ֣בְנוּ אִתְּכֶ֔ם וְהָיִ֖ינוּ לְעַ֥ם אֶחָֽד׃ 
17
וְאִם־לֹ֧א תִשְׁמְע֛וּ אֵלֵ֖ינוּ לְהִמֹּ֑ול וְלָקַ֥חְנוּ אֶת־בִּתֵּ֖נוּ וְהָלָֽכְנוּ׃ 
18
וַיִּֽיטְב֥וּ דִבְרֵיהֶ֖ם בְּעֵינֵ֣י חֲמֹ֑ור וּבְעֵינֵ֖י שְׁכֶ֥ם בֶּן־חֲמֹֽור׃ ",WayX,WayX,518516,518496
Genesis 37:4-2,"וַיָּבֵ֥א יֹוסֵ֛ף אֶת־דִּבָּתָ֥ם רָעָ֖ה אֶל־אֲבִיהֶֽם׃ 
...
וַיִּרְא֣וּ אֶחָ֗יו ",4,,,אֶחָ֗יו ,יֹוסֵ֛ף ,"('p3', 'm', 'sg')","('NA', 'm', 'sg')","2
אֵ֣לֶּה׀ תֹּלְדֹ֣ות יַעֲקֹ֗ב יֹוסֵ֞ף בֶּן־שְׁבַֽע־עֶשְׂרֵ֤ה שָׁנָה֙ הָיָ֨ה רֹעֶ֤ה אֶת־אֶחָיו֙ בַּצֹּ֔אן וְה֣וּא נַ֗עַר אֶת־בְּנֵ֥י בִלְהָ֛ה וְאֶת־בְּנֵ֥י זִלְפָּ֖ה נְשֵׁ֣י אָבִ֑יו וַיָּבֵ֥א יֹוסֵ֛ף אֶת־דִּבָּתָ֥ם רָעָ֖ה אֶל־אֲבִיהֶֽם׃ 
3
וְיִשְׂרָאֵ֗ל אָהַ֤ב אֶת־יֹוסֵף֙ מִכָּל־בָּנָ֔יו כִּֽי־בֶן־זְקֻנִ֥ים ה֖וּא לֹ֑ו וְעָ֥שָׂה לֹ֖ו כְּתֹ֥נֶת פַּסִּֽים׃ 
4
וַיִּרְא֣וּ אֶחָ֗יו כִּֽי־אֹתֹ֞ו אָהַ֤ב אֲבִיהֶם֙ מִכָּל־אֶחָ֔יו וַֽיִּשְׂנְא֖וּ אֹתֹ֑ו וְלֹ֥א יָכְל֖וּ דַּבְּרֹ֥ו לְשָׁלֹֽם׃ ",WayX,WayX,518797,518793
Genesis 37:11-10,"וַיִּגְעַר־בֹּ֣ו אָבִ֔יו 
...
וַיְקַנְאוּ־בֹ֖ו אֶחָ֑יו ",6,,,אֶחָ֑יו ,אָבִ֔יו ,"('p3', 'm', 'sg')","('NA', 'm', 'sg')","10
וַיְסַפֵּ֣ר אֶל־אָבִיו֮ וְאֶל־אֶחָיו֒ וַיִּגְעַר־בֹּ֣ו אָבִ֔יו וַיֹּ֣אמֶר לֹ֔ו מָ֛ה הַחֲלֹ֥ום הַזֶּ֖ה אֲשֶׁ֣ר חָלָ֑מְתָּ הֲבֹ֣וא נָבֹ֗וא אֲנִי֙ וְאִמְּךָ֣ וְאַחֶ֔יךָ לְהִשְׁתַּחֲוֹ֥ת לְךָ֖ אָֽרְצָה׃ 
11
וַיְקַנְאוּ־בֹ֖ו אֶחָ֑יו וְאָבִ֖יו שָׁמַ֥ר אֶת־הַדָּבָֽר׃ ",WayX,WayX,518831,518825
Genesis 37:27-26,"וַיֹּ֥אמֶר יְהוּדָ֖ה אֶל־אֶחָ֑יו 
...
וַֽיִּשְׁמְע֖וּ אֶחָֽיו׃ ",8,,,אֶחָֽיו׃ ,יְהוּדָ֖ה ,"('p3', 'm', 'sg')","('NA', 'unknown', 'sg')","26
וַיֹּ֥אמֶר יְהוּדָ֖ה אֶל־אֶחָ֑יו מַה־בֶּ֗צַע כִּ֤י נַהֲרֹג֙ אֶת־אָחִ֔ינוּ וְכִסִּ֖ינוּ אֶת־דָּמֹֽו׃ 
27
לְכ֞וּ וְנִמְכְּרֶ֣נּוּ לַיִּשְׁמְעֵאלִ֗ים וְיָדֵ֨נוּ֙ אַל־תְּהִי־בֹ֔ו כִּֽי־אָחִ֥ינוּ בְשָׂרֵ֖נוּ ה֑וּא וַֽיִּשְׁמְע֖וּ אֶחָֽיו׃ ",WayX,WayX,518913,518905
Genesis 37:35-34,"וַיִּקְרַ֤ע יַעֲקֹב֙ שִׂמְלֹתָ֔יו 
...
וַיֵּ֥בְךְּ אֹתֹ֖ו אָבִֽיו׃ ",10,,,אָבִֽיו׃ ,יַעֲקֹב֙ ,"('p3', 'm', 'sg')","('NA', 'm', 'sg')","34
וַיִּקְרַ֤ע יַעֲקֹב֙ שִׂמְלֹתָ֔יו וַיָּ֥שֶׂם שַׂ֖ק בְּמָתְנָ֑יו וַיִּתְאַבֵּ֥ל עַל־בְּנֹ֖ו יָמִ֥ים רַבִּֽים׃ 
35
וַיָּקֻמוּ֩ כָל־בָּנָ֨יו וְכָל־בְּנֹתָ֜יו לְנַחֲמֹ֗ו וַיְמָאֵן֙ לְהִתְנַחֵ֔ם וַיֹּ֕אמֶר כִּֽי־אֵרֵ֧ד אֶל־בְּנִ֛י אָבֵ֖ל שְׁאֹ֑לָה וַיֵּ֥בְךְּ אֹתֹ֖ו אָבִֽיו׃ ",WayX,WayX,518954,518944
Genesis 38:30-29,"וְהִנֵּה֙ יָצָ֣א אָחִ֔יו 
...
וְאַחַר֙ יָצָ֣א אָחִ֔יו ",4,,,אָחִ֔יו ,אָחִ֔יו ,"('p3', 'm', 'sg')","('NA', 'm', 'sg')","29
וַיְהִ֣י׀ כְּמֵשִׁ֣יב יָדֹ֗ו וְהִנֵּה֙ יָצָ֣א אָחִ֔יו וַתֹּ֕אמֶר מַה־פָּרַ֖צְתָּ עָלֶ֣יךָ פָּ֑רֶץ וַיִּקְרָ֥א שְׁמֹ֖ו פָּֽרֶץ׃ 
30
וְאַחַר֙ יָצָ֣א אָחִ֔יו אֲשֶׁ֥ר עַל־יָדֹ֖ו הַשָּׁנִ֑י וַיִּקְרָ֥א שְׁמֹ֖ו זָֽרַח׃ ס ",WxQX,WxQX,519103,519099
Genesis 45:3,"וַיֹּ֨אמֶר יֹוסֵ֤ף אֶל־אֶחָיו֙ 
...
וְלֹֽא־יָכְל֤וּ אֶחָיו֙ ",3,,,אֶחָיו֙ ,יֹוסֵ֤ף ,"('p3', 'm', 'sg')","('NA', 'm', 'sg')","3
וַיֹּ֨אמֶר יֹוסֵ֤ף אֶל־אֶחָיו֙ אֲנִ֣י יֹוסֵ֔ף הַעֹ֥וד אָבִ֖י חָ֑י וְלֹֽא־יָכְל֤וּ אֶחָיו֙ לַעֲנֹ֣ות אֹתֹ֔ו כִּ֥י נִבְהֲל֖וּ מִפָּנָֽיו׃ ",WxQX,WayX,520028,520025
Genesis 48:19-18,"וַיֹּ֧אמֶר יֹוסֵ֛ף אֶל־אָבִ֖יו 
...
וַיְמָאֵ֣ן אָבִ֗יו ",5,,,אָבִ֗יו ,יֹוסֵ֛ף ,"('p3', 'm', 'sg')","('NA', 'm', 'sg')","18
וַיֹּ֧אמֶר יֹוסֵ֛ף אֶל־אָבִ֖יו לֹא־כֵ֣ן אָבִ֑י כִּי־זֶ֣ה הַבְּכֹ֔ר שִׂ֥ים יְמִינְךָ֖ עַל־רֹאשֹֽׁו׃ 
19
וַיְמָאֵ֣ן אָבִ֗יו וַיֹּ֨אמֶר֙ יָדַ֤עְתִּֽי בְנִי֙ יָדַ֔עְתִּי גַּם־ה֥וּא יִהְיֶה־לְּעָ֖ם וְגַם־ה֣וּא יִגְדָּ֑ל וְאוּלָ֗ם אָחִ֤יו הַקָּטֹן֙ יִגְדַּ֣ל מִמֶּ֔נּוּ וְזַרְעֹ֖ו יִהְיֶ֥ה מְלֹֽא־הַגֹּויִֽם׃ ",WayX,WayX,520461,520456
Exodus 2:5,"וַתֵּ֤רֶד בַּת־פַּרְעֹה֙ 
...
וְנַעֲרֹתֶ֥יהָ הֹלְכֹ֖ת עַל־יַ֣ד הַיְאֹ֑ר ",3,,,נַעֲרֹתֶ֥יהָ ,בַּת־,"('p3', 'f', 'sg')","('NA', 'f', 'sg')","5
וַתֵּ֤רֶד בַּת־פַּרְעֹה֙ לִרְחֹ֣ץ עַל־הַיְאֹ֔ר וְנַעֲרֹתֶ֥יהָ הֹלְכֹ֖ת עַל־יַ֣ד הַיְאֹ֑ר וַתֵּ֤רֶא אֶת־הַתֵּבָה֙ בְּתֹ֣וךְ הַסּ֔וּף וַתִּשְׁלַ֥ח אֶת־אֲמָתָ֖הּ וַתִּקָּחֶֽהָ׃ ",Ptcp,WayX,520807,520804
Exodus 21:6-5,"וְאִם־אָמֹ֤ר יֹאמַר֙ הָעֶ֔בֶד 
...
וְהִגִּישֹׁ֤ו אֲדֹנָיו֙ אֶל־הָ֣אֱלֹהִ֔ים ",3,,,אֲדֹנָיו֙ ,עֶ֔בֶד ,"('p3', 'm', 'sg')","('NA', 'm', 'sg')","5
וְאִם־אָמֹ֤ר יֹאמַר֙ הָעֶ֔בֶד אָהַ֨בְתִּי֙ אֶת־אֲדֹנִ֔י אֶת־אִשְׁתִּ֖י וְאֶת־בָּנָ֑י לֹ֥א אֵצֵ֖א חָפְשִֽׁי׃ 
6
וְהִגִּישֹׁ֤ו אֲדֹנָיו֙ אֶל־הָ֣אֱלֹהִ֔ים וְהִגִּישֹׁו֙ אֶל־הַדֶּ֔לֶת אֹ֖ו אֶל־הַמְּזוּזָ֑ה וְרָצַ֨ע אֲדֹנָ֤יו אֶת־אָזְנֹו֙ בַּמַּרְצֵ֔עַ וַעֲבָדֹ֖ו לְעֹלָֽם׃ ס ",WQtX,WxYX,523023,523020
Leviticus 1:10-3,"אִם־עֹלָ֤ה קָרְבָּנֹו֙ מִן־הַבָּקָ֔ר 
...
וְאִם־מִן־הַצֹּ֨אן קָרְבָּנֹ֧ו מִן־הַכְּשָׂבִ֛ים אֹ֥ו מִן־הָעִזִּ֖ים לְעֹלָ֑ה ",22,,,קָרְבָּנֹ֧ו ,קָרְבָּנֹו֙ ,"('p3', 'm', 'sg')","('NA', 'm', 'sg')","3
אִם־עֹלָ֤ה קָרְבָּנֹו֙ מִן־הַבָּקָ֔ר זָכָ֥ר תָּמִ֖ים יַקְרִיבֶ֑נּוּ אֶל־פֶּ֝תַח אֹ֤הֶל מֹועֵד֙ יַקְרִ֣יב אֹתֹ֔ו לִרְצֹנֹ֖ו לִפְנֵ֥י יְהוָֽה׃ 
4
וְסָמַ֣ךְ יָדֹ֔ו עַ֖ל רֹ֣אשׁ הָעֹלָ֑ה וְנִרְצָ֥ה לֹ֖ו לְכַפֵּ֥ר עָלָֽיו׃ 
5
וְשָׁחַ֛ט אֶת־בֶּ֥ן הַבָּקָ֖ר לִפְנֵ֣י יְהוָ֑ה וְ֠הִקְרִיבוּ בְּנֵ֨י אַהֲרֹ֤ן הַֽכֹּֽהֲנִים֙ אֶת־הַדָּ֔ם וְזָרְק֨וּ אֶת־הַדָּ֤ם עַל־הַמִּזְבֵּ֨חַ֙ סָבִ֔יב אֲשֶׁר־פֶּ֖תַח אֹ֥הֶל מֹועֵֽד׃ 
6
וְהִפְשִׁ֖יט אֶת־הָעֹלָ֑ה וְנִתַּ֥ח אֹתָ֖הּ לִנְתָחֶֽיהָ׃ 
7
וְ֠נָתְנוּ בְּנֵ֨י אַהֲרֹ֧ן הַכֹּהֵ֛ן אֵ֖שׁ עַל־הַמִּזְבֵּ֑חַ וְעָרְכ֥וּ עֵצִ֖ים עַל־הָאֵֽשׁ׃ 
8
וְעָרְכ֗וּ בְּנֵ֤י אַהֲרֹן֙ הַכֹּ֣הֲנִ֔ים אֵ֚ת הַנְּתָחִ֔ים אֶת־הָרֹ֖אשׁ וְאֶת־הַפָּ֑דֶר עַל־הָעֵצִים֙ אֲשֶׁ֣ר עַל־הָאֵ֔שׁ אֲשֶׁ֖ר עַל־הַמִּזְבֵּֽחַ׃ 
9
וְקִרְבֹּ֥ו וּכְרָעָ֖יו יִרְחַ֣ץ בַּמָּ֑יִם וְהִקְטִ֨יר הַכֹּהֵ֤ן אֶת־הַכֹּל֙ הַמִּזְבֵּ֔חָה עֹלָ֛ה אִשֵּׁ֥ה רֵֽיחַ־נִיחֹ֖וחַ לַֽיהוָֽה׃ ס 
10
וְאִם־מִן־הַצֹּ֨אן קָרְבָּנֹ֧ו מִן־הַכְּשָׂבִ֛ים אֹ֥ו מִן־הָעִזִּ֖ים לְעֹלָ֑ה זָכָ֥ר תָּמִ֖ים יַקְרִיבֶֽנּוּ׃ ",NmCl,NmCl,525200,525178
Leviticus 1:14-10,"וְאִם־מִן־הַצֹּ֨אן קָרְבָּנֹ֧ו מִן־הַכְּשָׂבִ֛ים אֹ֥ו מִן־הָעִזִּ֖ים לְעֹלָ֑ה 
...
וְאִ֧ם מִן־הָעֹ֛וף עֹלָ֥ה קָרְבָּנֹ֖ו לַֽיהוָ֑ה ",14,,,קָרְבָּנֹ֖ו ,קָרְבָּנֹ֧ו ,"('p3', 'm', 'sg')","('NA', 'm', 'sg')","10
וְאִם־מִן־הַצֹּ֨אן קָרְבָּנֹ֧ו מִן־הַכְּשָׂבִ֛ים אֹ֥ו מִן־הָעִזִּ֖ים לְעֹלָ֑ה זָכָ֥ר תָּמִ֖ים יַקְרִיבֶֽנּוּ׃ 
11
וְשָׁחַ֨ט אֹתֹ֜ו עַ֣ל יֶ֧רֶךְ הַמִּזְבֵּ֛חַ צָפֹ֖נָה לִפְנֵ֣י יְהוָ֑ה וְזָרְק֡וּ בְּנֵי֩ אַהֲרֹ֨ן הַכֹּהֲנִ֧ים אֶת־דָּמֹ֛ו עַל־הַמִּזְבֵּ֖חַ סָבִֽיב׃ 
12
וְנִתַּ֤ח אֹתֹו֙ לִנְתָחָ֔יו וְאֶת־רֹאשֹׁ֖ו וְאֶת־פִּדְרֹ֑ו וְעָרַ֤ךְ הַכֹּהֵן֙ אֹתָ֔ם עַל־הָֽעֵצִים֙ אֲשֶׁ֣ר עַל־הָאֵ֔שׁ אֲשֶׁ֖ר עַל־הַמִּזְבֵּֽחַ׃ 
13
וְהַקֶּ֥רֶב וְהַכְּרָעַ֖יִם יִרְחַ֣ץ בַּמָּ֑יִם וְהִקְרִ֨יב הַכֹּהֵ֤ן אֶת־הַכֹּל֙ וְהִקְטִ֣יר הַמִּזְבֵּ֔חָה עֹלָ֣ה ה֗וּא אִשֵּׁ֛ה רֵ֥יחַ נִיחֹ֖חַ לַיהוָֽה׃ פ 
14
וְאִ֧ם מִן־הָעֹ֛וף עֹלָ֥ה קָרְבָּנֹ֖ו לַֽיהוָ֑ה וְהִקְרִ֣יב מִן־הַתֹּרִ֗ים אֹ֛ו מִן־בְּנֵ֥י הַיֹּונָ֖ה אֶת־קָרְבָּנֹֽו׃ ",NmCl,NmCl,525214,525200
Leviticus 3:6-1,"אִ֤ם מִן־הַבָּקָר֙ ה֣וּא מַקְרִ֔יב 
...
וְאִם־מִן־הַצֹּ֧אן קָרְבָּנֹ֛ו לְזֶ֥בַח שְׁלָמִ֖ים לַיהוָ֑ה זָכָר֙ אֹ֣ו נְקֵבָ֔ה ",19,,,קָרְבָּנֹ֛ו ,ה֣וּא ,"('p3', 'm', 'sg')","('p3', 'm', 'sg')","1
וְאִם־זֶ֥בַח שְׁלָמִ֖ים קָרְבָּנֹ֑ו אִ֤ם מִן־הַבָּקָר֙ ה֣וּא מַקְרִ֔יב אִם־זָכָר֙ אִם־נְקֵבָ֔ה תָּמִ֥ים יַקְרִיבֶ֖נּוּ לִפְנֵ֥י יְהוָֽה׃ 
2
וְסָמַ֤ךְ יָדֹו֙ עַל־רֹ֣אשׁ קָרְבָּנֹ֔ו וּשְׁחָטֹ֕ו פֶּ֖תַח אֹ֣הֶל מֹועֵ֑ד וְזָרְק֡וּ בְּנֵי֩ אַהֲרֹ֨ן הַכֹּהֲנִ֧ים אֶת־הַדָּ֛ם עַל־הַמִּזְבֵּ֖חַ סָבִֽיב׃ 
3
וְהִקְרִיב֙ מִזֶּ֣בַח הַשְּׁלָמִ֔ים אִשֶּׁ֖ה לַיהוָ֑ה אֶת־הַחֵ֨לֶב֙ הַֽמְכַסֶּ֣ה אֶת־הַקֶּ֔רֶב וְאֵת֙ כָּל־הַחֵ֔לֶב אֲשֶׁ֖ר עַל־הַקֶּֽרֶב׃ 
4
וְאֵת֙ שְׁתֵּ֣י הַכְּלָיֹ֔ת וְאֶת־הַחֵ֨לֶב֙ אֲשֶׁ֣ר עֲלֵהֶ֔ן אֲשֶׁ֖ר עַל־הַכְּסָלִ֑ים וְאֶת־הַיֹּתֶ֨רֶת֙ עַל־הַכָּבֵ֔ד עַל־הַכְּלָיֹ֖ות יְסִירֶֽנָּה׃ 
5
וְהִקְטִ֨ירוּ אֹתֹ֤ו בְנֵֽי־אַהֲרֹן֙ הַמִּזְבֵּ֔חָה עַל־הָ֣עֹלָ֔ה אֲשֶׁ֥ר עַל־הָעֵצִ֖ים אֲשֶׁ֣ר עַל־הָאֵ֑שׁ אִשֵּׁ֛ה רֵ֥יחַ נִיחֹ֖חַ לַֽיהוָֽה׃ פ 
6
וְאִם־מִן־הַצֹּ֧אן קָרְבָּנֹ֛ו לְזֶ֥בַח שְׁלָמִ֖ים לַיהוָ֑ה זָכָר֙ אֹ֣ו נְקֵבָ֔ה תָּמִ֖ים יַקְרִיבֶֽנּוּ׃ ",NmCl,Ptcp,525304,525285
Leviticus 3:12-6,"וְאִם־מִן־הַצֹּ֧אן קָרְבָּנֹ֛ו לְזֶ֥בַח שְׁלָמִ֖ים לַיהוָ֑ה זָכָר֙ אֹ֣ו נְקֵבָ֔ה 
...
וְאִ֥ם עֵ֖ז קָרְבָּנֹ֑ו ",19,,,קָרְבָּנֹ֑ו ,קָרְבָּנֹ֛ו ,"('p3', 'm', 'sg')","('NA', 'm', 'sg')","6
וְאִם־מִן־הַצֹּ֧אן קָרְבָּנֹ֛ו לְזֶ֥בַח שְׁלָמִ֖ים לַיהוָ֑ה זָכָר֙ אֹ֣ו נְקֵבָ֔ה תָּמִ֖ים יַקְרִיבֶֽנּוּ׃ 
7
אִם־כֶּ֥שֶׂב הֽוּא־מַקְרִ֖יב אֶת־קָרְבָּנֹ֑ו וְהִקְרִ֥יב אֹתֹ֖ו לִפְנֵ֥י יְהוָֽה׃ 
8
וְסָמַ֤ךְ אֶת־יָדֹו֙ עַל־רֹ֣אשׁ קָרְבָּנֹ֔ו וְשָׁחַ֣ט אֹתֹ֔ו לִפְנֵ֖י אֹ֣הֶל מֹועֵ֑ד וְ֠זָרְקוּ בְּנֵ֨י אַהֲרֹ֧ן אֶת־דָּמֹ֛ו עַל־הַמִּזְבֵּ֖חַ סָבִֽיב׃ 
9
וְהִקְרִ֨יב מִזֶּ֣בַח הַשְּׁלָמִים֮ אִשֶּׁ֣ה לַיהוָה֒ חֶלְבֹּו֙ הָאַלְיָ֣ה תְמִימָ֔ה לְעֻמַּ֥ת הֶעָצֶ֖ה יְסִירֶ֑נָּה וְאֶת־הַחֵ֨לֶב֙ הַֽמְכַסֶּ֣ה אֶת־הַקֶּ֔רֶב וְאֵת֙ כָּל־הַחֵ֔לֶב אֲשֶׁ֖ר עַל־הַקֶּֽרֶב׃ 
10
וְאֵת֙ שְׁתֵּ֣י הַכְּלָיֹ֔ת וְאֶת־הַחֵ֨לֶב֙ אֲשֶׁ֣ר עֲלֵהֶ֔ן אֲשֶׁ֖ר עַל־הַכְּסָלִ֑ים וְאֶת־הַיֹּתֶ֨רֶת֙ עַל־הַכָּבֵ֔ד עַל־הַכְּלָיֹ֖ת יְסִירֶֽנָּה׃ 
11
וְהִקְטִירֹ֥ו הַכֹּהֵ֖ן הַמִּזְבֵּ֑חָה לֶ֥חֶם אִשֶּׁ֖ה לַיהוָֽה׃ פ 
12
וְאִ֥ם עֵ֖ז קָרְבָּנֹ֑ו וְהִקְרִיבֹ֖ו לִפְנֵ֥י יְהוָֽה׃ ",NmCl,NmCl,525323,525304
Leviticus 5:11-7,"וְאִם־לֹ֨א תַגִּ֣יע יָדֹו֮ דֵּ֣י שֶׂה֒ 
...
וְאִם־לֹא֩ תַשִּׂ֨יג יָדֹ֜ו לִשְׁתֵּ֣י תֹרִ֗ים אֹו֮ לִשְׁנֵ֣י בְנֵי־יֹונָה֒ ",21,,,יָדֹ֜ו ,יָדֹו֮ ,"('p3', 'm', 'sg')","('NA', 'unknown', 'sg')","7
וְאִם־לֹ֨א תַגִּ֣יע יָדֹו֮ דֵּ֣י שֶׂה֒ וְהֵבִ֨יא אֶת־אֲשָׁמֹ֜ו אֲשֶׁ֣ר חָטָ֗א שְׁתֵּ֥י תֹרִ֛ים אֹֽו־שְׁנֵ֥י בְנֵֽי־יֹונָ֖ה לַֽיהוָ֑ה אֶחָ֥ד לְחַטָּ֖את וְאֶחָ֥ד לְעֹלָֽה׃ 
8
וְהֵבִ֤יא אֹתָם֙ אֶל־הַכֹּהֵ֔ן וְהִקְרִ֛יב אֶת־אֲשֶׁ֥ר לַחַטָּ֖את רִאשֹׁונָ֑ה וּמָלַ֧ק אֶת־רֹאשֹׁ֛ו מִמּ֥וּל עָרְפֹּ֖ו וְלֹ֥א יַבְדִּֽיל׃ 
9
וְהִזָּ֞ה מִדַּ֤ם הַחַטָּאת֙ עַל־קִ֣יר הַמִּזְבֵּ֔חַ וְהַנִּשְׁאָ֣ר בַּדָּ֔ם יִמָּצֵ֖ה אֶל־יְסֹ֣וד הַמִּזְבֵּ֑חַ חַטָּ֖את הֽוּא׃ 
10
וְאֶת־הַשֵּׁנִ֛י יַעֲשֶׂ֥ה עֹלָ֖ה כַּמִּשְׁפָּ֑ט וְכִפֶּ֨ר עָלָ֧יו הַכֹּהֵ֛ן מֵחַטָּאתֹ֥ו אֲשֶׁר־חָטָ֖א וְנִסְלַ֥ח לֹֽו׃ ס 
11
וְאִם־לֹא֩ תַשִּׂ֨יג יָדֹ֜ו לִשְׁתֵּ֣י תֹרִ֗ים אֹו֮ לִשְׁנֵ֣י בְנֵי־יֹונָה֒ וְהֵבִ֨יא אֶת־קָרְבָּנֹ֜ו אֲשֶׁ֣ר חָטָ֗א עֲשִׂירִ֧ת הָאֵפָ֛ה סֹ֖לֶת לְחַטָּ֑את לֹא־יָשִׂ֨ים עָלֶ֜יהָ שֶׁ֗מֶן וְלֹא־יִתֵּ֤ן עָלֶ֨יהָ֙ לְבֹנָ֔ה כִּ֥י חַטָּ֖את הִֽיא׃ ",WxYX,WxYX,525518,525497
Leviticus 13:41-40,"כִּ֥י יִמָּרֵ֖ט רֹאשֹׁ֑ו 
...
וְאִם֙ מִפְּאַ֣ת פָּנָ֔יו יִמָּרֵ֖ט רֹאשֹׁ֑ו ",3,,,רֹאשֹׁ֑ו ,רֹאשֹׁ֑ו ,"('p3', 'm', 'sg')","('NA', 'm', 'sg')","40
וְאִ֕ישׁ כִּ֥י יִמָּרֵ֖ט רֹאשֹׁ֑ו קֵרֵ֥חַ ה֖וּא טָהֹ֥ור הֽוּא׃ 
41
וְאִם֙ מִפְּאַ֣ת פָּנָ֔יו יִמָּרֵ֖ט רֹאשֹׁ֑ו גִּבֵּ֥חַ ה֖וּא טָהֹ֥ור הֽוּא׃ ",WxYX,xYqX,526514,526511
Leviticus 25:28-26,"וְהִשִּׂ֣יגָה יָדֹ֔ו 
...
וְאִ֨ם לֹֽא־מָֽצְאָ֜ה יָדֹ֗ו דֵּי֮ ",6,,,יָדֹ֗ו ,יָדֹ֔ו ,"('p3', 'm', 'sg')","('NA', 'unknown', 'sg')","26
וְאִ֕ישׁ כִּ֛י לֹ֥א יִֽהְיֶה־לֹּ֖ו גֹּאֵ֑ל וְהִשִּׂ֣יגָה יָדֹ֔ו וּמָצָ֖א כְּדֵ֥י גְאֻלָּתֹֽו׃ 
27
וְחִשַּׁב֙ אֶת־שְׁנֵ֣י מִמְכָּרֹ֔ו וְהֵשִׁיב֙ אֶת־הָ֣עֹדֵ֔ף לָאִ֖ישׁ אֲשֶׁ֣ר מָֽכַר־לֹ֑ו וְשָׁ֖ב לַאֲחֻזָּתֹֽו׃ 
28
וְאִ֨ם לֹֽא־מָֽצְאָ֜ה יָדֹ֗ו דֵּי֮ הָשִׁ֣יב לֹו֒ וְהָיָ֣ה מִמְכָּרֹ֗ו בְּיַד֙ הַקֹּנֶ֣ה אֹתֹ֔ו עַ֖ד שְׁנַ֣ת הַיֹּובֵ֑ל וְיָצָא֙ בַּיֹּבֵ֔ל וְשָׁ֖ב לַאֲחֻזָּתֹֽו׃ ",WxQX,WQtX,528007,528001
Numbers 26:50-48,"בְּנֵ֤י נַפְתָּלִי֙ לְמִשְׁפְּחֹתָ֔ם 
...
וּפְקֻ֣דֵיהֶ֔ם חֲמִשָּׁ֧ה וְאַרְבָּעִ֛ים אֶ֖לֶף וְאַרְבַּ֥ע מֵאֹֽות׃ ",6,,,פְקֻ֣דֵיהֶ֔ם ,בְּנֵ֤י ,"('p3', 'm', 'pl')","('NA', 'm', 'pl')","48
בְּנֵ֤י נַפְתָּלִי֙ לְמִשְׁפְּחֹתָ֔ם לְיַ֨חְצְאֵ֔ל מִשְׁפַּ֖חַת הַיַּחְצְאֵלִ֑י לְגוּנִ֕י מִשְׁפַּ֖חַת הַגּוּנִֽי׃ 
49
לְיֵ֕צֶר מִשְׁפַּ֖חַת הַיִּצְרִ֑י לְשִׁלֵּ֕ם מִשְׁפַּ֖חַת הַשִּׁלֵּמִֽי׃ 
50
אֵ֛לֶּה מִשְׁפְּחֹ֥ת נַפְתָּלִ֖י לְמִשְׁפְּחֹתָ֑ם וּפְקֻ֣דֵיהֶ֔ם חֲמִשָּׁ֧ה וְאַרְבָּעִ֛ים אֶ֖לֶף וְאַרְבַּ֥ע מֵאֹֽות׃ ",NmCl,NmCl,531526,531520
Numbers 26:62-58,"אֵ֣לֶּה׀ מִשְׁפְּחֹ֣ת לֵוִ֗י מִשְׁפַּ֨חַת הַלִּבְנִ֜י מִשְׁפַּ֤חַת הַֽחֶבְרֹנִי֙ מִשְׁפַּ֤חַת הַמַּחְלִי֙ מִשְׁפַּ֣חַת הַמּוּשִׁ֔י מִשְׁפַּ֖חַת הַקָּרְחִ֑י 
...
וַיִּהְי֣וּ פְקֻדֵיהֶ֗ם שְׁלֹשָׁ֤ה וְעֶשְׂרִים֙ אֶ֔לֶף כָּל־זָכָ֖ר מִבֶּן־חֹ֣דֶשׁ וָמָ֑עְלָה ",8,,,פְקֻדֵיהֶ֗ם ,אֵ֣לֶּה׀ ,"('p3', 'm', 'pl')","('NA', 'unknown', 'pl')","58
אֵ֣לֶּה׀ מִשְׁפְּחֹ֣ת לֵוִ֗י מִשְׁפַּ֨חַת הַלִּבְנִ֜י מִשְׁפַּ֤חַת הַֽחֶבְרֹנִי֙ מִשְׁפַּ֤חַת הַמַּחְלִי֙ מִשְׁפַּ֣חַת הַמּוּשִׁ֔י מִשְׁפַּ֖חַת הַקָּרְחִ֑י וּקְהָ֖ת הֹולִ֥ד אֶת־עַמְרָֽם׃ 
59
וְשֵׁ֣ם׀ אֵ֣שֶׁת עַמְרָ֗ם יֹוכֶ֨בֶד֙ בַּת־לֵוִ֔י אֲשֶׁ֨ר יָלְדָ֥ה אֹתָ֛הּ לְלֵוִ֖י בְּמִצְרָ֑יִם וַתֵּ֣לֶד לְעַמְרָ֗ם אֶֽת־אַהֲרֹן֙ וְאֶת־מֹשֶׁ֔ה וְאֵ֖ת מִרְיָ֥ם אֲחֹתָֽם׃ 
60
וַיִּוָּלֵ֣ד לְאַהֲרֹ֔ן אֶת־נָדָ֖ב וְאֶת־אֲבִיה֑וּא אֶת־אֶלְעָזָ֖ר וְאֶת־אִיתָמָֽר׃ 
61
וַיָּ֥מָת נָדָ֖ב וַאֲבִיה֑וּא בְּהַקְרִיבָ֥ם אֵשׁ־זָרָ֖ה לִפְנֵ֥י יְהוָֽה׃ 
62
וַיִּהְי֣וּ פְקֻדֵיהֶ֗ם שְׁלֹשָׁ֤ה וְעֶשְׂרִים֙ אֶ֔לֶף כָּל־זָכָ֖ר מִבֶּן־חֹ֣דֶשׁ וָמָ֑עְלָה כִּ֣י׀ לֹ֣א הָתְפָּקְד֗וּ בְּתֹוךְ֙ בְּנֵ֣י יִשְׂרָאֵ֔ל כִּ֠י לֹא־נִתַּ֤ן לָהֶם֙ נַחֲלָ֔ה בְּתֹ֖וךְ בְּנֵ֥י יִשְׂרָאֵֽל׃ ",WayX,NmCl,531549,531541
Deuteronomy 21:23-22,"וְכִֽי־יִהְיֶ֣ה בְאִ֗ישׁ חֵ֛טְא מִשְׁפַּט־מָ֖וֶת 
...
לֹא־תָלִ֨ין נִבְלָתֹ֜ו עַל־הָעֵ֗ץ ",3,,,נִבְלָתֹ֜ו ,חֵ֛טְא ,"('p3', 'm', 'sg')","('NA', 'm', 'sg')","22
וְכִֽי־יִהְיֶ֣ה בְאִ֗ישׁ חֵ֛טְא מִשְׁפַּט־מָ֖וֶת וְהוּמָ֑ת וְתָלִ֥יתָ אֹתֹ֖ו עַל־עֵֽץ׃ 
23
לֹא־תָלִ֨ין נִבְלָתֹ֜ו עַל־הָעֵ֗ץ כִּֽי־קָבֹ֤ור תִּקְבְּרֶ֨נּוּ֙ בַּיֹּ֣ום הַה֔וּא כִּֽי־קִלְלַ֥ת אֱלֹהִ֖ים תָּל֑וּי וְלֹ֤א תְטַמֵּא֙ אֶת־אַדְמָ֣תְךָ֔ אֲשֶׁר֙ יְהוָ֣ה אֱלֹהֶ֔יךָ נֹתֵ֥ן לְךָ֖ נַחֲלָֽה׃ ס ",xYqX,WxYX,534923,534920
Deuteronomy 25:6,"הַבְּכֹור֙ 
...
וְלֹֽא־יִמָּחֶ֥ה שְׁמֹ֖ו מִיִּשְׂרָאֵֽל׃ ",3,,,שְׁמֹ֖ו ,בְּכֹור֙ ,"('p3', 'm', 'sg')","('NA', 'm', 'sg')","6
וְהָיָ֗ה הַבְּכֹור֙ אֲשֶׁ֣ר תֵּלֵ֔ד יָק֕וּם עַל־שֵׁ֥ם אָחִ֖יו הַמֵּ֑ת וְלֹֽא־יִמָּחֶ֥ה שְׁמֹ֖ו מִיִּשְׂרָאֵֽל׃ ",WxYX,Defc,535267,535264
Deuteronomy 32:32-28,"כִּי־גֹ֛וי אֹבַ֥ד עֵצֹ֖ות הֵ֑מָּה 
...
כִּֽי־מִגֶּ֤פֶן סְדֹם֙ גַּפְנָ֔ם ",12,,,גַּפְנָ֔ם ,הֵ֑מָּה ,"('p3', 'm', 'pl')","('p3', 'm', 'pl')","28
כִּי־גֹ֛וי אֹבַ֥ד עֵצֹ֖ות הֵ֑מָּה וְאֵ֥ין בָּהֶ֖ם תְּבוּנָֽה׃ 
29
ל֥וּ חָכְמ֖וּ יַשְׂכִּ֣ילוּ זֹ֑את יָבִ֖ינוּ לְאַחֲרִיתָֽם׃ 
30
אֵיכָ֞ה יִרְדֹּ֤ף אֶחָד֙ אֶ֔לֶף וּשְׁנַ֖יִם יָנִ֣יסוּ רְבָבָ֑ה אִם־לֹא֙ כִּי־צוּרָ֣ם מְכָרָ֔ם וַֽיהוָ֖ה הִסְגִּירָֽם׃ 
31
כִּ֛י לֹ֥א כְצוּרֵ֖נוּ צוּרָ֑ם וְאֹיְבֵ֖ינוּ פְּלִילִֽים׃ 
32
כִּֽי־מִגֶּ֤פֶן סְדֹם֙ גַּפְנָ֔ם וּמִשַּׁדְמֹ֖ת עֲמֹרָ֑ה עֲנָבֵ֨מֹו֙ עִנְּבֵי־רֹ֔ושׁ אַשְׁכְּלֹ֥ת מְרֹרֹ֖ת לָֽמֹו׃ ",NmCl,NmCl,536266,536254
Joshua 17:18,"כִּ֣י הַ֤ר יִֽהְיֶה־לָּךְ֙ 
...
וְהָיָ֥ה לְךָ֖ תֹּֽצְאֹתָ֑יו ",3,,,תֹּֽצְאֹתָ֑יו ,הַ֤ר ,"('p3', 'm', 'sg')","('NA', 'm', 'sg')","18
כִּ֣י הַ֤ר יִֽהְיֶה־לָּךְ֙ כִּֽי־יַ֣עַר ה֔וּא וּבֵ֣רֵאתֹ֔ו וְהָיָ֥ה לְךָ֖ תֹּֽצְאֹתָ֑יו כִּֽי־תֹורִ֣ישׁ אֶת־הַֽכְּנַעֲנִ֗י כִּ֣י רֶ֤כֶב בַּרְזֶל֙ לֹ֔ו כִּ֥י חָזָ֖ק הֽוּא׃ פ ",WQtX,XYqt,538222,538219
Judges 7:14-13,"אִ֔ישׁ מְסַפֵּ֥ר לְרֵעֵ֖הוּ חֲלֹ֑ום 
...
וַיַּ֨עַן רֵעֵ֤הוּ ",9,,,רֵעֵ֤הוּ ,אִ֔ישׁ ,"('p3', 'm', 'sg')","('NA', 'm', 'sg')","13
וַיָּבֹ֣א גִדְעֹ֔ון וְהִ֨נֵּה־אִ֔ישׁ מְסַפֵּ֥ר לְרֵעֵ֖הוּ חֲלֹ֑ום וַיֹּ֜אמֶר הִנֵּ֧ה חֲלֹ֣ום חָלַ֗מְתִּי וְהִנֵּ֨ה צְלִ֜יל לֶ֤חֶם שְׂעֹרִים֙ מִתְהַפֵּךְ֙ בְּמַחֲנֵ֣ה מִדְיָ֔ן וַיָּבֹ֣א עַד־הָ֠אֹהֶל וַיַּכֵּ֧הוּ וַיִּפֹּ֛ל וַיַּהַפְכֵ֥הוּ לְמַ֖עְלָה וְנָפַ֥ל הָאֹֽהֶל׃ 
14
וַיַּ֨עַן רֵעֵ֤הוּ וַיֹּ֨אמֶר֙ אֵ֣ין זֹ֔את בִּלְתִּ֗י אִם־חֶ֛רֶב גִּדְעֹ֥ון בֶּן־יֹואָ֖שׁ אִ֣ישׁ יִשְׂרָאֵ֑ל נָתַ֤ן הָֽאֱלֹהִים֙ בְּיָדֹ֔ו אֶת־מִדְיָ֖ן וְאֶת־כָּל־הַֽמַּחֲנֶֽה׃ פ ",WayX,Ptcp,539781,539772
Judges 13:23-22,"וַיֹּ֧אמֶר מָנֹ֛וחַ אֶל־אִשְׁתֹּ֖ו 
...
וַתֹּ֧אמֶר לֹ֣ו אִשְׁתֹּ֗ו ",3,,,אִשְׁתֹּ֗ו ,מָנֹ֛וחַ ,"('p3', 'm', 'sg')","('NA', 'm', 'sg')","22
וַיֹּ֧אמֶר מָנֹ֛וחַ אֶל־אִשְׁתֹּ֖ו מֹ֣ות נָמ֑וּת כִּ֥י אֱלֹהִ֖ים רָאִֽינוּ׃ 
23
וַתֹּ֧אמֶר לֹ֣ו אִשְׁתֹּ֗ו לוּ֩ חָפֵ֨ץ יְהוָ֤ה לַהֲמִיתֵ֨נוּ֙ לֹֽא־לָקַ֤ח מִיָּדֵ֨נוּ֙ עֹלָ֣ה וּמִנְחָ֔ה וְלֹ֥א הֶרְאָ֖נוּ אֶת־כָּל־אֵ֑לֶּה וְכָעֵ֕ת לֹ֥א הִשְׁמִיעָ֖נוּ כָּזֹֽאת׃ ",WayX,WayX,540672,540669
Judges 14:19-10,"וַיַּ֨עַשׂ שָׁ֤ם שִׁמְשֹׁון֙ מִשְׁתֶּ֔ה 
...
וַיִּ֣חַר אַפֹּ֔ו ",58,,,אַפֹּ֔ו ,שִׁמְשֹׁון֙ ,"('p3', 'm', 'sg')","('NA', 'm', 'sg')","10
וַיֵּ֥רֶד אָבִ֖יהוּ אֶל־הָאִשָּׁ֑ה וַיַּ֨עַשׂ שָׁ֤ם שִׁמְשֹׁון֙ מִשְׁתֶּ֔ה כִּ֛י כֵּ֥ן יַעֲשׂ֖וּ הַבַּחוּרִֽים׃ 
11
וַיְהִ֖י כִּרְאֹותָ֣ם אֹותֹ֑ו וַיִּקְחוּ֙ שְׁלֹשִׁ֣ים מֵֽרֵעִ֔ים וַיִּהְי֖וּ אִתֹּֽו׃ 
12
וַיֹּ֤אמֶר לָהֶם֙ שִׁמְשֹׁ֔ון אָחֽוּדָה־נָּ֥א לָכֶ֖ם חִידָ֑ה אִם־הַגֵּ֣ד תַּגִּידוּ֩ אֹותָ֨הּ לִ֜י שִׁבְעַ֨ת יְמֵ֤י הַמִּשְׁתֶּה֙ וּמְצָאתֶ֔ם וְנָתַתִּ֤י לָכֶם֙ שְׁלֹשִׁ֣ים סְדִינִ֔ים וּשְׁלֹשִׁ֖ים חֲלִפֹ֥ת בְּגָדִֽים׃ 
13
וְאִם־לֹ֣א תוּכְלוּ֮ לְהַגִּ֣יד לִי֒ וּנְתַתֶּ֨ם אַתֶּ֥ם לִי֙ שְׁלֹשִׁ֣ים סְדִינִ֔ים וּשְׁלֹשִׁ֖ים חֲלִיפֹ֣ות בְּגָדִ֑ים וַיֹּ֣אמְרוּ לֹ֔ו ח֥וּדָה חִידָתְךָ֖ וְנִשְׁמָעֶֽנָּה׃ 
14
וַיֹּ֣אמֶר לָהֶ֗ם מֵהָֽאֹכֵל֙ יָצָ֣א מַאֲכָ֔ל וּמֵעַ֖ז יָצָ֣א מָתֹ֑וק וְלֹ֥א יָכְל֛וּ לְהַגִּ֥יד הַחִידָ֖ה שְׁלֹ֥שֶׁת יָמִֽים׃ 
15
וַיְהִ֣י׀ בַּיֹּ֣ום הַשְּׁבִיעִ֗י וַיֹּאמְר֤וּ לְאֵֽשֶׁת־שִׁמְשֹׁון֙ פַּתִּ֣י אֶת־אִישֵׁ֗ךְ וְיַגֶּד־לָ֨נוּ֙ אֶת־הַ֣חִידָ֔ה פֶּן־נִשְׂרֹ֥ף אֹותָ֛ךְ וְאֶת־בֵּ֥ית אָבִ֖יךְ בָּאֵ֑שׁ הַלְיָרְשֵׁ֕נוּ קְרָאתֶ֥ם לָ֖נוּ הֲלֹֽא׃ 
16
וַתֵּבְךְּ֩ אֵ֨שֶׁת שִׁמְשֹׁ֜ון עָלָ֗יו וַתֹּ֨אמֶר֙ רַק־שְׂנֵאתַ֨נִי֙ וְלֹ֣א אֲהַבְתָּ֔נִי הַֽחִידָ֥ה חַ֨דְתָּ֙ לִבְנֵ֣י עַמִּ֔י וְלִ֖י לֹ֣א הִגַּ֑דְתָּה וַיֹּ֣אמֶר לָ֗הּ הִנֵּ֨ה לְאָבִ֧י וּלְאִמִּ֛י לֹ֥א הִגַּ֖דְתִּי וְלָ֥ךְ אַגִּֽיד׃ 
17
וַתֵּ֤בְךְּ עָלָיו֙ שִׁבְעַ֣ת הַיָּמִ֔ים אֲשֶׁר־הָיָ֥ה לָהֶ֖ם הַמִּשְׁתֶּ֑ה וַיְהִ֣י׀ בַּיֹּ֣ום הַשְּׁבִיעִ֗י וַיַּגֶּד־לָהּ֙ כִּ֣י הֱצִיקַ֔תְהוּ וַתַּגֵּ֥ד הַחִידָ֖ה לִבְנֵ֥י עַמָּֽהּ׃ 
18
וַיֹּ֣אמְרוּ לֹו֩ אַנְשֵׁ֨י הָעִ֜יר בַּיֹּ֣ום הַשְּׁבִיעִ֗י בְּטֶ֨רֶם֙ יָבֹ֣א הַחַ֔רְסָה מַה־מָּתֹ֣וק מִדְּבַ֔שׁ וּמֶ֥ה עַ֖ז מֵאֲרִ֑י וַיֹּ֣אמֶר לָהֶ֔ם לוּלֵא֙ חֲרַשְׁתֶּ֣ם בְּעֶגְלָתִ֔י לֹ֥א מְצָאתֶ֖ם חִידָתִֽי׃ 
19
וַתִּצְלַ֨ח עָלָ֜יו ר֣וּחַ יְהוָ֗ה וַיֵּ֨רֶד אַשְׁקְלֹ֜ון וַיַּ֥ךְ מֵהֶ֣ם׀ שְׁלֹשִׁ֣ים אִ֗ישׁ וַיִּקַּח֙ אֶת־חֲלִ֣יצֹותָ֔ם וַיִּתֵּן֙ הַחֲלִיפֹ֔ות לְמַגִּידֵ֖י הַחִידָ֑ה וַיִּ֣חַר אַפֹּ֔ו וַיַּ֖עַל בֵּ֥ית אָבִֽיהוּ׃ פ ",WayX,WayX,540787,540729
Judges 19:4-3,"וַיִּרְאֵ֨הוּ֙ אֲבִ֣י הַֽנַּעֲרָ֔ה 
...
וַיֶּחֱזַק־בֹּ֤ו חֹֽתְנֹו֙ אֲבִ֣י הַֽנַּעֲרָ֔ה ",3,,,חֹֽתְנֹו֙ ,אֲבִ֣י ,"('p3', 'm', 'sg')","('NA', 'm', 'sg')","3
וַיָּ֨קָם אִישָׁ֜הּ וַיֵּ֣לֶךְ אַחֲרֶ֗יהָ לְדַבֵּ֤ר עַל־לִבָּהּ֙ לַהֲשִׁיבָ֔הּ וְנַעֲרֹ֥ו עִמֹּ֖ו וְצֶ֣מֶד חֲמֹרִ֑ים וַתְּבִיאֵ֨הוּ֙ בֵּ֣ית אָבִ֔יהָ וַיִּרְאֵ֨הוּ֙ אֲבִ֣י הַֽנַּעֲרָ֔ה וַיִּשְׂמַ֖ח לִקְרָאתֹֽו׃ 
4
וַיֶּחֱזַק־בֹּ֤ו חֹֽתְנֹו֙ אֲבִ֣י הַֽנַּעֲרָ֔ה וַיֵּ֥שֶׁב אִתֹּ֖ו שְׁלֹ֣שֶׁת יָמִ֑ים וַיֹּאכְלוּ֙ וַיִּשְׁתּ֔וּ וַיָּלִ֖ינוּ שָֽׁם׃ ",WayX,WayX,541328,541325
Judges 19:12-11,"וַיֹּ֨אמֶר הַנַּ֜עַר אֶל־אֲדֹנָ֗יו 
...
וַיֹּ֤אמֶר אֵלָיו֙ אֲדֹנָ֔יו ",4,,,אֲדֹנָ֔יו ,נַּ֜עַר ,"('p3', 'm', 'sg')","('NA', 'm', 'sg')","11
הֵ֣ם עִם־יְב֔וּס וְהַיֹּ֖ום רַ֣ד מְאֹ֑ד וַיֹּ֨אמֶר הַנַּ֜עַר אֶל־אֲדֹנָ֗יו לְכָה־נָּ֛א וְנָס֛וּרָה אֶל־עִֽיר־הַיְבוּסִ֥י הַזֹּ֖את וְנָלִ֥ין בָּֽהּ׃ 
12
וַיֹּ֤אמֶר אֵלָיו֙ אֲדֹנָ֔יו לֹ֤א נָסוּר֙ אֶל־עִ֣יר נָכְרִ֔י אֲשֶׁ֛ר לֹֽא־מִבְּנֵ֥י יִשְׂרָאֵ֖ל הֵ֑נָּה וְעָבַ֖רְנוּ עַד־גִּבְעָֽה׃ ",WayX,WayX,541385,541381
Judges 19:27-26,"וַתָּבֹ֥א הָאִשָּׁ֖ה 
...
וַיָּ֨קָם אֲדֹנֶ֜יהָ בַּבֹּ֗קֶר ",5,,,אֲדֹנֶ֜יהָ ,אִשָּׁ֖ה ,"('p3', 'f', 'sg')","('NA', 'f', 'sg')","26
וַתָּבֹ֥א הָאִשָּׁ֖ה לִפְנֹ֣ות הַבֹּ֑קֶר וַתִּפֹּ֞ל פֶּ֧תַח בֵּית־הָאִ֛ישׁ אֲשֶׁר־אֲדֹונֶ֥יהָ שָּׁ֖ם עַד־הָאֹֽור׃ 
27
וַיָּ֨קָם אֲדֹנֶ֜יהָ בַּבֹּ֗קֶר וַיִּפְתַּח֙ דַּלְתֹ֣ות הַבַּ֔יִת וַיֵּצֵ֖א לָלֶ֣כֶת לְדַרְכֹּ֑ו וְהִנֵּ֧ה הָאִשָּׁ֣ה פִֽילַגְשֹׁ֗ו נֹפֶ֨לֶת֙ פֶּ֣תַח הַבַּ֔יִת וְיָדֶ֖יהָ עַל־הַסַּֽף׃ ",WayX,WayX,541465,541460
1_Samuel 7:17-15,"וַיִּשְׁפֹּ֤ט שְׁמוּאֵל֙ אֶת־יִשְׂרָאֵ֔ל כֹּ֖ל יְמֵ֥י חַיָּֽיו׃ 
...
וּתְשֻׁבָתֹ֤ו הָרָמָ֨תָה֙ ",4,,,תְשֻׁבָתֹ֤ו ,שְׁמוּאֵל֙ ,"('p3', 'm', 'sg')","('NA', 'm', 'sg')","15
וַיִּשְׁפֹּ֤ט שְׁמוּאֵל֙ אֶת־יִשְׂרָאֵ֔ל כֹּ֖ל יְמֵ֥י חַיָּֽיו׃ 
16
וְהָלַ֗ךְ מִדֵּ֤י שָׁנָה֙ בְּשָׁנָ֔ה וְסָבַב֙ בֵּֽית־אֵ֔ל וְהַגִּלְגָּ֖ל וְהַמִּצְפָּ֑ה וְשָׁפַט֙ אֶת־יִשְׂרָאֵ֔ל אֵ֥ת כָּל־הַמְּקֹומֹ֖ות הָאֵֽלֶּה׃ 
17
וּתְשֻׁבָתֹ֤ו הָרָמָ֨תָה֙ כִּֽי־שָׁ֣ם בֵּיתֹ֔ו וְשָׁ֖ם שָׁפָ֣ט אֶת־יִשְׂרָאֵ֑ל וַיִּֽבֶן־שָׁ֥ם מִזְבֵּ֖חַ לַֽיהוָֽה׃ פ ",NmCl,WayX,542560,542556
1_Samuel 17:4,"וַיֵּצֵ֤א אִֽישׁ־הַבֵּנַ֨יִם֙ מִמַּחֲנֹ֣ות פְּלִשְׁתִּ֔ים 
...
גָּבְהֹ֕ו שֵׁ֥שׁ אַמֹּ֖ות וָזָֽרֶת׃ ",3,,,גָּבְהֹ֕ו ,אִֽישׁ־,"('p3', 'm', 'sg')","('NA', 'm', 'sg')","4
וַיֵּצֵ֤א אִֽישׁ־הַבֵּנַ֨יִם֙ מִמַּחֲנֹ֣ות פְּלִשְׁתִּ֔ים גָּלְיָ֥ת שְׁמֹ֖ו מִגַּ֑ת גָּבְהֹ֕ו שֵׁ֥שׁ אַמֹּ֖ות וָזָֽרֶת׃ ",NmCl,WayX,543812,543809
1_Samuel 17:13,"וְשֵׁ֣ם׀ שְׁלֹ֣שֶׁת בָּנָ֗יו 
...
וּמִשְׁנֵ֨הוּ֙ אֲבִ֣ינָדָ֔ב ",3,,,מִשְׁנֵ֨הוּ֙ ,שֵׁ֣ם׀ ,"('p3', 'm', 'sg')","('NA', 'm', 'sg')","13
וַיֵּ֨לְכ֜וּ שְׁלֹ֤שֶׁת בְּנֵֽי־יִשַׁי֙ הַגְּדֹלִ֔ים הָלְכ֥וּ אַחֲרֵי־שָׁא֖וּל לַמִּלְחָמָ֑ה וְשֵׁ֣ם׀ שְׁלֹ֣שֶׁת בָּנָ֗יו אֲשֶׁ֤ר הָלְכוּ֙ בַּמִּלְחָמָ֔ה אֱלִיאָ֣ב הַבְּכֹ֗ור וּמִשְׁנֵ֨הוּ֙ אֲבִ֣ינָדָ֔ב וְהַשְּׁלִשִׁ֖י שַׁמָּֽה׃ ",NmCl,Defc,543855,543852
1_Samuel 18:26-25,"וַיֹּ֨אמֶר שָׁא֜וּל 
...
וַיַּגִּ֨דוּ עֲבָדָ֤יו לְדָוִד֙ אֶת־הַדְּבָרִ֣ים הָאֵ֔לֶּה ",7,,,עֲבָדָ֤יו ,שָׁא֜וּל ,"('p3', 'm', 'sg')","('NA', 'm', 'sg')","25
וַיֹּ֨אמֶר שָׁא֜וּל כֹּֽה־תֹאמְר֣וּ לְדָוִ֗ד אֵֽין־חֵ֤פֶץ לַמֶּ֨לֶךְ֙ בְּמֹ֔הַר כִּ֗י בְּמֵאָה֙ עָרְלֹ֣ות פְּלִשְׁתִּ֔ים לְהִנָּקֵ֖ם בְּאֹיְבֵ֣י הַמֶּ֑לֶךְ וְשָׁא֣וּל חָשַׁ֔ב לְהַפִּ֥יל אֶת־דָּוִ֖ד בְּיַד־פְּלִשְׁתִּֽים׃ 
26
וַיַּגִּ֨דוּ עֲבָדָ֤יו לְדָוִד֙ אֶת־הַדְּבָרִ֣ים הָאֵ֔לֶּה וַיִּשַׁ֤ר הַדָּבָר֙ בְּעֵינֵ֣י דָוִ֔ד לְהִתְחַתֵּ֖ן בַּמֶּ֑לֶךְ וְלֹ֥א מָלְא֖וּ הַיָּמִֽים׃ ",WayX,WayX,544198,544191
1_Samuel 26:7,"וְהִנֵּ֣ה שָׁא֗וּל שֹׁכֵ֤ב 
...
וַחֲנִיתֹ֥ו מְעוּכָֽה־בָאָ֖רֶץ מְרַאֲשֹׁתָ֑יו ",3,,,חֲנִיתֹ֥ו ,שָׁא֗וּל ,"('p3', 'm', 'sg')","('NA', 'm', 'sg')","7
וַיָּבֹא֩ דָוִ֨ד וַאֲבִישַׁ֥י׀ אֶל־הָעָם֮ לַיְלָה֒ וְהִנֵּ֣ה שָׁא֗וּל שֹׁכֵ֤ב יָשֵׁן֙ בַּמַּעְגָּ֔ל וַחֲנִיתֹ֥ו מְעוּכָֽה־בָאָ֖רֶץ מְרַאֲשֹׁתָ֑יו וְאַבְנֵ֣ר וְהָעָ֔ם שֹׁכְבִ֖ים סְבִיבֹתָֽיו׃",Ptcp,Ptcp,545309,545306
1_Samuel 27:11,"וְאִ֨ישׁ וְאִשָּׁ֜ה לֹֽא־יְחַיֶּ֣ה דָוִ֗ד 
...
וְכֹ֣ה מִשְׁפָּטֹ֔ו כָּל־הַ֨יָּמִ֔ים ",6,,,מִשְׁפָּטֹ֔ו ,דָוִ֗ד ,"('p3', 'm', 'sg')","('NA', 'm', 'sg')","11
וְאִ֨ישׁ וְאִשָּׁ֜ה לֹֽא־יְחַיֶּ֣ה דָוִ֗ד לְהָבִ֥יא גַת֙ לֵאמֹ֔ר פֶּן־יַגִּ֥דוּ עָלֵ֖ינוּ לֵאמֹ֑ר כֹּֽה־עָשָׂ֤ה דָוִד֙ וְכֹ֣ה מִשְׁפָּטֹ֔ו כָּל־הַ֨יָּמִ֔ים אֲשֶׁ֥ר יָשַׁ֖ב בִּשְׂדֵ֥ה פְלִשְׁתִּֽים׃ ",NmCl,WxYX,545467,545461
1_Samuel 28:7,"וַיֹּ֨אמֶר שָׁא֜וּל לַעֲבָדָ֗יו 
...
וַיֹּאמְר֤וּ עֲבָדָיו֙ אֵלָ֔יו ",4,,,עֲבָדָיו֙ ,שָׁא֜וּל ,"('p3', 'm', 'sg')","('NA', 'm', 'sg')","7
וַיֹּ֨אמֶר שָׁא֜וּל לַעֲבָדָ֗יו בַּקְּשׁוּ־לִי֙ אֵ֣שֶׁת בַּעֲלַת־אֹ֔וב וְאֵלְכָ֥ה אֵלֶ֖יהָ וְאֶדְרְשָׁה־בָּ֑הּ וַיֹּאמְר֤וּ עֲבָדָיו֙ אֵלָ֔יו הִנֵּ֛ה אֵ֥שֶׁת בַּֽעֲלַת־אֹ֖וב בְּעֵ֥ין דֹּֽור׃ ",WayX,WayX,545502,545498
2_Samuel 12:21-20,"וַיָּקָם֩ דָּוִ֨ד מֵהָאָ֜רֶץ 
...
וַיֹּאמְר֤וּ עֲבָדָיו֙ אֵלָ֔יו ",10,,,עֲבָדָיו֙ ,דָּוִ֨ד ,"('p3', 'm', 'sg')","('NA', 'm', 'sg')","20
וַיָּקָם֩ דָּוִ֨ד מֵהָאָ֜רֶץ וַיִּרְחַ֣ץ וַיָּ֗סֶךְ וַיְחַלֵּף֙ שִׂמְלֹתָ֔יו וַיָּבֹ֥א בֵית־יְהוָ֖ה וַיִּשְׁתָּ֑חוּ וַיָּבֹא֙ אֶל־בֵּיתֹ֔ו וַיִּשְׁאַ֕ל וַיָּשִׂ֥ימוּ לֹ֛ו לֶ֖חֶם וַיֹּאכַֽל׃ 
21
וַיֹּאמְר֤וּ עֲבָדָיו֙ אֵלָ֔יו מָֽה־הַדָּבָ֥ר הַזֶּ֖ה אֲשֶׁ֣ר עָשִׂ֑יתָה בַּעֲב֞וּר הַיֶּ֤לֶד חַי֙ צַ֣מְתָּ וַתֵּ֔בְךְּ וְכַֽאֲשֶׁר֙ מֵ֣ת הַיֶּ֔לֶד קַ֖מְתָּ וַתֹּ֥אכַל לָֽחֶם׃ ",WayX,WayX,547157,547147
2_Samuel 22:51-47,"חַי־יְהוָ֖ה 
...
מִגְדֹּ֖ול יְשׁוּעֹ֣ות מַלְכֹּ֑ו ",13,,,מַלְכֹּ֑ו ,יְהוָ֖ה ,"('p3', 'm', 'sg')","('NA', 'm', 'sg')","47
חַי־יְהוָ֖ה וּבָר֣וּךְ צוּרִ֑י וְיָרֻ֕ם אֱלֹהֵ֖י צ֥וּר יִשְׁעִֽי׃ 
48
הָאֵ֕ל הַנֹּתֵ֥ן נְקָמֹ֖ת לִ֑י וּמֹורִ֥יד עַמִּ֖ים תַּחְתֵּֽנִי׃ 
49
וּמֹוצִיאִ֖י מֵאֹֽיְבָ֑י וּמִקָּמַי֙ תְּרֹ֣ומְמֵ֔נִי מֵאִ֥ישׁ חֲמָסִ֖ים תַּצִּילֵֽנִי׃ 
50
עַל־כֵּ֛ן אֹודְךָ֥ יְהוָ֖ה בַּגֹּויִ֑ם וּלְשִׁמְךָ֖ אֲזַמֵּֽר׃ 
51
מִגְדֹּ֖ול יְשׁוּעֹ֣ות מַלְכֹּ֑ו וְעֹֽשֶׂה־חֶ֧סֶד לִמְשִׁיחֹ֛ו לְדָוִ֥ד וּלְזַרְעֹ֖ו עַד־עֹולָֽם׃ פ ",NmCl,AjCl,548868,548855
1_Kings 1:2-1,"וְהַמֶּ֤לֶךְ דָּוִד֙ זָקֵ֔ן 
...
וַיֹּ֧אמְרוּ לֹ֣ו עֲבָדָ֗יו ",4,,,עֲבָדָ֗יו ,מֶּ֤לֶךְ ,"('p3', 'm', 'sg')","('NA', 'm', 'sg')","1
וְהַמֶּ֤לֶךְ דָּוִד֙ זָקֵ֔ן בָּ֖א בַּיָּמִ֑ים וַיְכַסֻּ֨הוּ֙ בַּבְּגָדִ֔ים וְלֹ֥א יִחַ֖ם לֹֽו׃ 
2
וַיֹּ֧אמְרוּ לֹ֣ו עֲבָדָ֗יו יְבַקְשׁ֞וּ לַאדֹנִ֤י הַמֶּ֨לֶךְ֙ נַעֲרָ֣ה בְתוּלָ֔ה וְעָֽמְדָה֙ לִפְנֵ֣י הַמֶּ֔לֶךְ וּתְהִי־לֹ֖ו סֹכֶ֑נֶת וְשָׁכְבָ֣ה בְחֵיקֶ֔ךָ וְחַ֖ם לַאדֹנִ֥י הַמֶּֽלֶךְ׃ ",WayX,WXQt,549134,549130
1_Kings 3:26,"וַתֹּ֣אמֶר הָאִשָּׁה֩ 
...
כִּֽי־נִכְמְר֣וּ רַחֲמֶיהָ֮ עַל־בְּנָהּ֒ ",3,,,רַחֲמֶיהָ֮ ,אִשָּׁה֩ ,"('p3', 'f', 'sg')","('NA', 'f', 'sg')","26
וַתֹּ֣אמֶר הָאִשָּׁה֩ אֲשֶׁר־בְּנָ֨הּ הַחַ֜י אֶל־הַמֶּ֗לֶךְ כִּֽי־נִכְמְר֣וּ רַחֲמֶיהָ֮ עַל־בְּנָהּ֒ וַתֹּ֣אמֶר׀ בִּ֣י אֲדֹנִ֗י תְּנוּ־לָהּ֙ אֶת־הַיָּל֣וּד הַחַ֔י וְהָמֵ֖ת אַל־תְּמִיתֻ֑הוּ וְזֹ֣את אֹמֶ֗רֶת גַּם־לִ֥י גַם־לָ֛ךְ לֹ֥א יִהְיֶ֖ה גְּזֹֽרוּ׃ ",xQtX,WayX,549731,549728
1_Kings 13:4,"וַיִּשְׁלַ֨ח יָרָבְעָ֧ם אֶת־יָדֹ֛ו מֵעַ֥ל הַמִּזְבֵּ֖חַ 
...
וַתִּיבַ֤שׁ יָדֹו֙ ",3,,,יָדֹו֙ ,יָרָבְעָ֧ם ,"('p3', 'm', 'sg')","('NA', 'm', 'sg')","4
וַיְהִי֩ כִשְׁמֹ֨עַ הַמֶּ֜לֶךְ אֶת־דְּבַ֣ר אִישׁ־הָאֱלֹהִ֗ים אֲשֶׁ֨ר קָרָ֤א עַל־הַמִּזְבֵּ֨חַ֙ בְּבֵֽית־אֵ֔ל וַיִּשְׁלַ֨ח יָרָבְעָ֧ם אֶת־יָדֹ֛ו מֵעַ֥ל הַמִּזְבֵּ֖חַ לֵאמֹ֣ר׀ תִּפְשֻׂ֑הוּ וַתִּיבַ֤שׁ יָדֹו֙ אֲשֶׁ֣ר שָׁלַ֣ח עָלָ֔יו וְלֹ֥א יָכֹ֖ל לַהֲשִׁיבָ֥הּ אֵלָֽיו׃ ",WayX,WayX,551089,551086
1_Kings 13:12,"וַיְדַבֵּ֤ר אֲלֵהֶם֙ אֲבִיהֶ֔ם 
...
וַיִּרְא֣וּ בָנָ֗יו אֶת־הַדֶּ֨רֶךְ֙ ",3,,,בָנָ֗יו ,אֲבִיהֶ֔ם ,"('p3', 'm', 'sg')","('NA', 'm', 'sg')","12
וַיְדַבֵּ֤ר אֲלֵהֶם֙ אֲבִיהֶ֔ם אֵֽי־זֶ֥ה הַדֶּ֖רֶךְ הָלָ֑ךְ וַיִּרְא֣וּ בָנָ֗יו אֶת־הַדֶּ֨רֶךְ֙ אֲשֶׁ֤ר הָלַךְ֙ אִ֣ישׁ הָאֱלֹהִ֔ים אֲשֶׁר־בָּ֖א מִיהוּדָֽה׃ ",WayX,WayX,551133,551130
2_Kings 6:15,"וַ֠יַּשְׁכֵּם מְשָׁרֵ֨ת אִ֥ישׁ הָֽאֱלֹהִים֮ 
...
וַיֹּ֨אמֶר נַעֲרֹ֥ו אֵלָ֛יו ",4,,,נַעֲרֹ֥ו ,מְשָׁרֵ֨ת ,"('p3', 'm', 'sg')","('unknown', 'm', 'sg')","15
וַ֠יַּשְׁכֵּם מְשָׁרֵ֨ת אִ֥ישׁ הָֽאֱלֹהִים֮ לָקוּם֒ וַיֵּצֵ֕א וְהִנֵּה־חַ֛יִל סֹובֵ֥ב אֶת־הָעִ֖יר וְס֣וּס וָרָ֑כֶב וַיֹּ֨אמֶר נַעֲרֹ֥ו אֵלָ֛יו אֲהָ֥הּ אֲדֹנִ֖י אֵיכָ֥ה נַֽעֲשֶֽׂה׃ ",WayX,WayX,553735,553731
2_Kings 23:30-29,"וַיֵּ֨לֶךְ הַמֶּ֤לֶךְ יֹאשִׁיָּ֨הוּ֙ 
...
וַיַּרְכִּבֻ֨הוּ עֲבָדָ֥יו מֵת֙ מִמְּגִדֹּ֔ו ",4,,,עֲבָדָ֥יו ,מֶּ֤לֶךְ ,"('p3', 'm', 'sg')","('NA', 'm', 'sg')","29
בְּיָמָ֡יו עָלָה֩ פַרְעֹ֨ה נְכֹ֧ה מֶֽלֶךְ־מִצְרַ֛יִם עַל־מֶ֥לֶךְ אַשּׁ֖וּר עַל־נְהַר־פְּרָ֑ת וַיֵּ֨לֶךְ הַמֶּ֤לֶךְ יֹאשִׁיָּ֨הוּ֙ לִקְרָאתֹ֔ו וַיְמִיתֵ֨הוּ֙ בִּמְגִדֹּ֔ו כִּרְאֹתֹ֖ו אֹתֹֽו׃ 
30
וַיַּרְכִּבֻ֨הוּ עֲבָדָ֥יו מֵת֙ מִמְּגִדֹּ֔ו וַיְבִאֻ֨הוּ֙ יְר֣וּשָׁלִַ֔ם וַֽיִּקְבְּרֻ֖הוּ בִּקְבֻֽרָתֹ֑ו וַיִּקַּ֣ח עַם־הָאָ֗רֶץ אֶת־יְהֹֽואָחָז֙ בֶּן־יֹ֣אשִׁיָּ֔הוּ וַיִּמְשְׁח֥וּ אֹתֹ֛ו וַיַּמְלִ֥יכוּ אֹתֹ֖ו תַּ֥חַת אָבִֽיו׃ פ ",WayX,WayX,556129,556125
Isaiah 5:25,"עַל־כֵּ֡ן חָרָה֩ אַף־יְהוָ֨ה בְּעַמֹּ֜ו 
...
בְּכָל־זֹאת֙ לֹא־שָׁ֣ב אַפֹּ֔ו ",5,,,אַפֹּ֔ו ,אַף־,"('p3', 'm', 'sg')","('NA', 'm', 'sg')","25
עַל־כֵּ֡ן חָרָה֩ אַף־יְהוָ֨ה בְּעַמֹּ֜ו וַיֵּ֣ט יָדֹ֧ו עָלָ֣יו וַיַּכֵּ֗הוּ וַֽיִּרְגְּזוּ֙ הֶֽהָרִ֔ים וַתְּהִ֧י נִבְלָתָ֛ם כַּסּוּחָ֖ה בְּקֶ֣רֶב חוּצֹ֑ות בְּכָל־זֹאת֙ לֹא־שָׁ֣ב אַפֹּ֔ו וְעֹ֖וד יָדֹ֥ו נְטוּיָֽה׃ ",xQtX,xQtX,556734,556729
Isaiah 9:11-10,"וַיְשַׂגֵּ֧ב יְהוָ֛ה אֶת־צָרֵ֥י רְצִ֖ין עָלָ֑יו 
...
בְּכָל־זֹאת֙ לֹא־שָׁ֣ב אַפֹּ֔ו ",5,,,אַפֹּ֔ו ,יְהוָ֛ה ,"('p3', 'm', 'sg')","('NA', 'm', 'sg')","10
וַיְשַׂגֵּ֧ב יְהוָ֛ה אֶת־צָרֵ֥י רְצִ֖ין עָלָ֑יו וְאֶת־אֹיְבָ֖יו יְסַכְסֵֽךְ׃ 
11
אֲרָ֣ם מִקֶּ֗דֶם וּפְלִשְׁתִּים֙ מֵֽאָחֹ֔ור וַיֹּאכְל֥וּ אֶת־יִשְׂרָאֵ֖ל בְּכָל־פֶּ֑ה בְּכָל־זֹאת֙ לֹא־שָׁ֣ב אַפֹּ֔ו וְעֹ֖וד יָדֹ֥ו נְטוּיָֽה׃ ",xQtX,WayX,557054,557049
Isaiah 9:16,"עַל־כֵּ֨ן עַל־בַּחוּרָ֜יו לֹֽא־יִשְׂמַ֣ח׀ אֲדֹנָ֗י 
...
בְּכָל־זֹאת֙ לֹא־שָׁ֣ב אַפֹּ֔ו ",4,,,אַפֹּ֔ו ,אֲדֹנָ֗י ,"('p3', 'm', 'sg')","('NA', 'm', 'sg')","16
עַל־כֵּ֨ן עַל־בַּחוּרָ֜יו לֹֽא־יִשְׂמַ֣ח׀ אֲדֹנָ֗י וְאֶת־יְתֹמָ֤יו וְאֶת־אַלְמְנֹתָיו֙ לֹ֣א יְרַחֵ֔ם כִּ֤י כֻלֹּו֙ חָנֵ֣ף וּמֵרַ֔ע וְכָל־פֶּ֖ה דֹּבֵ֣ר נְבָלָ֑ה בְּכָל־זֹאת֙ לֹא־שָׁ֣ב אַפֹּ֔ו וְעֹ֖וד יָדֹ֥ו נְטוּיָֽה׃ ",xQtX,xYqX,557071,557067
Isaiah 9:20,"מְנַשֶּׁ֣ה אֶת־אֶפְרַ֗יִם 
...
בְּכָל־זֹאת֙ לֹא־שָׁ֣ב אַפֹּ֔ו ",3,,,אַפֹּ֔ו ,מְנַשֶּׁ֣ה ,"('p3', 'm', 'sg')","('NA', 'unknown', 'sg')","20
מְנַשֶּׁ֣ה אֶת־אֶפְרַ֗יִם וְאֶפְרַ֨יִם֙ אֶת־מְנַשֶּׁ֔ה יַחְדָּ֥ו הֵ֖מָּה עַל־יְהוּדָ֑ה בְּכָל־זֹאת֙ לֹא־שָׁ֣ב אַפֹּ֔ו וְעֹ֖וד יָדֹ֥ו נְטוּיָֽה׃ ס ",xQtX,Ellp,557090,557087
Isaiah 30:33,"כִּֽי־עָר֤וּךְ מֵֽאֶתְמוּל֙ תָּפְתֶּ֔ה 
...
מְדֻרָתָ֗הּ אֵ֤שׁ וְעֵצִים֙ הַרְבֵּ֔ה ",4,,,מְדֻרָתָ֗הּ ,תָּפְתֶּ֔ה ,"('p3', 'f', 'sg')","('NA', 'unknown', 'sg')","33
כִּֽי־עָר֤וּךְ מֵֽאֶתְמוּל֙ תָּפְתֶּ֔ה גַּם־הִ֛יא לַמֶּ֥לֶךְ הוּכָ֖ן הֶעְמִ֣יק הִרְחִ֑ב מְדֻרָתָ֗הּ אֵ֤שׁ וְעֵצִים֙ הַרְבֵּ֔ה נִשְׁמַ֤ת יְהוָה֙ כְּנַ֣חַל גָּפְרִ֔ית בֹּעֲרָ֖ה בָּֽהּ׃ ס ",NmCl,Ptcp,558711,558707
Isaiah 56:11,"וְהֵ֣מָּה רֹעִ֔ים 
...
כֻּלָּם֙ לְדַרְכָּ֣ם פָּנ֔וּ ",3,,,כֻּלָּם֙ ,הֵ֣מָּה ,"('p3', 'm', 'pl')","('p3', 'm', 'pl')","11
וְהַכְּלָבִ֣ים עַזֵּי־נֶ֗פֶשׁ לֹ֤א יָֽדְעוּ֙ שָׂבְעָ֔ה וְהֵ֣מָּה רֹעִ֔ים לֹ֥א יָדְע֖וּ הָבִ֑ין כֻּלָּם֙ לְדַרְכָּ֣ם פָּנ֔וּ אִ֥ישׁ לְבִצְעֹ֖ו מִקָּצֵֽהוּ׃ ",XQtl,NmCl,561242,561239
Isaiah 59:7-6,"מַֽעֲשֵׂיהֶם֙ מַֽעֲשֵׂי־אָ֔וֶן 
...
מַחְשְׁבֹֽותֵיהֶם֙ מַחְשְׁבֹ֣ות אָ֔וֶן ",5,,,מַחְשְׁבֹֽותֵיהֶם֙ ,מַֽעֲשֵׂיהֶם֙ ,"('p3', 'm', 'pl')","('NA', 'm', 'pl')","6
קֽוּרֵיהֶם֙ לֹא־יִהְי֣וּ לְבֶ֔גֶד וְלֹ֥א יִתְכַּסּ֖וּ בְּמַֽעֲשֵׂיהֶ֑ם מַֽעֲשֵׂיהֶם֙ מַֽעֲשֵׂי־אָ֔וֶן וּפֹ֥עַל חָמָ֖ס בְּכַפֵּיהֶֽם׃ 
7
רַגְלֵיהֶם֙ לָרַ֣ע יָרֻ֔צוּ וִֽימַהֲר֔וּ לִשְׁפֹּ֖ךְ דָּ֣ם נָקִ֑י מַחְשְׁבֹֽותֵיהֶם֙ מַחְשְׁבֹ֣ות אָ֔וֶן שֹׁ֥ד וָשֶׁ֖בֶר בִּמְסִלֹּותָֽם׃ ",NmCl,NmCl,561460,561455
Isaiah 59:16-15,"וַיַּ֧רְא יְהוָ֛ה 
...
וַתֹּ֤ושַֽׁע לֹו֙ זְרֹעֹ֔ו ",7,,,זְרֹעֹ֔ו ,יְהוָ֛ה ,"('p3', 'm', 'sg')","('NA', 'm', 'sg')","15
וַתְּהִ֤י הָֽאֱמֶת֙ נֶעְדֶּ֔רֶת וְסָ֥ר מֵרָ֖ע מִשְׁתֹּולֵ֑ל וַיַּ֧רְא יְהוָ֛ה וַיֵּ֥רַע בְּעֵינָ֖יו כִּֽי־אֵ֥ין מִשְׁפָּֽט׃ 
16
וַיַּרְא֙ כִּֽי־אֵ֣ין אִ֔ישׁ וַיִּשְׁתֹּומֵ֖ם כִּ֣י אֵ֣ין מַפְגִּ֑יעַ וַתֹּ֤ושַֽׁע לֹו֙ זְרֹעֹ֔ו וְצִדְקָתֹ֖ו הִ֥יא סְמָכָֽתְהוּ׃ ",WayX,WayX,561511,561504
Jeremiah 5:6-5,"אַ֣ךְ הֵ֤מָּה יַחְדָּו֙ שָׁ֣בְרוּ עֹ֔ל 
...
כִּ֤י רַבּוּ֙ פִּשְׁעֵיהֶ֔ם ",8,,,פִּשְׁעֵיהֶ֔ם ,הֵ֤מָּה ,"('p3', 'm', 'pl')","('p3', 'm', 'pl')","5
אֵֽלֲכָה־לִּ֤י אֶל־הַגְּדֹלִים֙ וַאֲדַבְּרָ֣ה אֹותָ֔ם כִּ֣י הֵ֗מָּה יָדְעוּ֙ דֶּ֣רֶךְ יְהוָ֔ה מִשְׁפַּ֖ט אֱלֹהֵיהֶ֑ם אַ֣ךְ הֵ֤מָּה יַחְדָּו֙ שָׁ֣בְרוּ עֹ֔ל נִתְּק֖וּ מֹוסֵרֹֽות׃ 
6
עַל־כֵּן֩ הִכָּ֨ם אַרְיֵ֜ה מִיַּ֗עַר זְאֵ֤ב עֲרָבֹות֙ יְשָׁדְדֵ֔ם נָמֵ֤ר שֹׁקֵד֙ עַל־עָ֣רֵיהֶ֔ם כָּל־הַיֹּוצֵ֥א מֵהֵ֖נָּה יִטָּרֵ֑ף כִּ֤י רַבּוּ֙ פִּשְׁעֵיהֶ֔ם עָצְמ֖וּ מְשֻׁבֹותֵיהֶֽם׃ ",xQtX,XQtl,562710,562702
Jeremiah 46:21-20,"עֶגְלָ֥ה יְפֵֽה־פִיָּ֖ה מִצְרָ֑יִם 
...
גַּם־שְׂכִרֶ֤יהָ בְקִרְבָּהּ֙ כְּעֶגְלֵ֣י מַרְבֵּ֔ק ",3,,,שְׂכִרֶ֤יהָ ,מִצְרָ֑יִם ,"('p3', 'f', 'sg')","('NA', 'unknown', 'sg')","20
עֶגְלָ֥ה יְפֵֽה־פִיָּ֖ה מִצְרָ֑יִם קֶ֥רֶץ מִצָּפֹ֖ון בָּ֥א בָֽא׃ 
21
גַּם־שְׂכִרֶ֤יהָ בְקִרְבָּהּ֙ כְּעֶגְלֵ֣י מַרְבֵּ֔ק כִּֽי־גַם־הֵ֧מָּה הִפְנ֛וּ נָ֥סוּ יַחְדָּ֖יו לֹ֣א עָמָ֑דוּ כִּ֣י יֹ֥ום אֵידָ֛ם בָּ֥א עֲלֵיהֶ֖ם עֵ֥ת פְּקֻדָּתָֽם׃ ",NmCl,NmCl,567413,567410
Jeremiah 46:22-20,"עֶגְלָ֥ה יְפֵֽה־פִיָּ֖ה מִצְרָ֑יִם 
...
קֹולָ֖הּ כַּנָּחָ֣שׁ יֵלֵ֑ךְ ",8,,,קֹולָ֖הּ ,מִצְרָ֑יִם ,"('p3', 'f', 'sg')","('NA', 'unknown', 'sg')","20
עֶגְלָ֥ה יְפֵֽה־פִיָּ֖ה מִצְרָ֑יִם קֶ֥רֶץ מִצָּפֹ֖ון בָּ֥א בָֽא׃ 
21
גַּם־שְׂכִרֶ֤יהָ בְקִרְבָּהּ֙ כְּעֶגְלֵ֣י מַרְבֵּ֔ק כִּֽי־גַם־הֵ֧מָּה הִפְנ֛וּ נָ֥סוּ יַחְדָּ֖יו לֹ֣א עָמָ֑דוּ כִּ֣י יֹ֥ום אֵידָ֛ם בָּ֥א עֲלֵיהֶ֖ם עֵ֥ת פְּקֻדָּתָֽם׃ 
22
קֹולָ֖הּ כַּנָּחָ֣שׁ יֵלֵ֑ךְ כִּֽי־בְחַ֣יִל יֵלֵ֔כוּ וּבְקַרְדֻּמֹּות֙ בָּ֣אוּ לָ֔הּ כְּחֹטְבֵ֖י עֵצִֽים׃ ",XYqt,NmCl,567418,567410
Jeremiah 48:11,"שַׁאֲנַ֨ן מֹואָ֜ב מִנְּעוּרָ֗יו 
...
עַל־כֵּ֗ן עָמַ֤ד טַעְמֹו֙ בֹּ֔ו ",4,,,טַעְמֹו֙ ,מֹואָ֜ב ,"('p3', 'm', 'sg')","('NA', 'unknown', 'sg')","11
שַׁאֲנַ֨ן מֹואָ֜ב מִנְּעוּרָ֗יו וְשֹׁקֵ֥ט הוּא֙ אֶל־שְׁמָרָ֔יו וְלֹֽא־הוּרַ֤ק מִכְּלִי֙ אֶל־כֶּ֔לִי וּבַגֹּולָ֖ה לֹ֣א הָלָ֑ךְ עַל־כֵּ֗ן עָמַ֤ד טַעְמֹו֙ בֹּ֔ו וְרֵיחֹ֖ו לֹ֥א נָמָֽר׃ ס ",xQtX,ZQtX,567527,567523
Jeremiah 51:30,"חָדְלוּ֩ גִבֹּורֵ֨י בָבֶ֜ל 
...
נָשְׁתָ֥ה גְבוּרָתָ֖ם ",3,,,גְבוּרָתָ֖ם ,גִבֹּורֵ֨י ,"('p3', 'm', 'pl')","('NA', 'm', 'pl')","30
חָדְלוּ֩ גִבֹּורֵ֨י בָבֶ֜ל לְהִלָּחֵ֗ם יָֽשְׁבוּ֙ בַּמְּצָדֹ֔ות נָשְׁתָ֥ה גְבוּרָתָ֖ם הָי֣וּ לְנָשִׁ֑ים הִצִּ֥יתוּ מִשְׁכְּנֹתֶ֖יהָ נִשְׁבְּר֥וּ בְרִיחֶֽיהָ׃ ",ZQtX,ZQtX,568206,568203
Jeremiah 51:43-41,"אֵ֣יךְ הָיְתָ֧ה לְשַׁמָּ֛ה בָּבֶ֖ל בַּגֹּויִֽם׃ 
...
הָי֤וּ עָרֶ֨יהָ֙ לְשַׁמָּ֔ה אֶ֖רֶץ צִיָּ֣ה וַעֲרָבָ֑ה אֶ֗רֶץ ",3,,,עָרֶ֨יהָ֙ ,בָּבֶ֖ל ,"('p3', 'f', 'sg')","('NA', 'unknown', 'sg')","41
אֵ֚יךְ נִלְכְּדָ֣ה שֵׁשַׁ֔ךְ וַתִּתָּפֵ֖שׂ תְּהִלַּ֣ת כָּל־הָאָ֑רֶץ אֵ֣יךְ הָיְתָ֧ה לְשַׁמָּ֛ה בָּבֶ֖ל בַּגֹּויִֽם׃ 
42
עָלָ֥ה עַל־בָּבֶ֖ל הַיָּ֑ם בַּהֲמֹ֥ון גַּלָּ֖יו נִכְסָֽתָה׃ 
43
הָי֤וּ עָרֶ֨יהָ֙ לְשַׁמָּ֔ה אֶ֖רֶץ צִיָּ֣ה וַעֲרָבָ֑ה אֶ֗רֶץ לֹֽא־יֵשֵׁ֤ב בָּהֵן֙ כָּל־אִ֔ישׁ וְלֹֽא־יַעֲבֹ֥ר בָּהֵ֖ן בֶּן־אָדָֽם׃ ",ZQtX,xQtX,568259,568256
Ezekiel 1:18,"וְגַ֨בֵּיהֶ֔ן 
...
וְגַבֹּתָ֗ם מְלֵאֹ֥ת עֵינַ֛יִם סָבִ֖יב לְאַרְבַּעְתָּֽן׃ ",3,,,גַבֹּתָ֗ם ,גַ֨בֵּיהֶ֔ן ,"('p3', 'm', 'pl')","('NA', 'm', 'pl')","18
וְגַ֨בֵּיהֶ֔ן וְגֹ֥בַהּ לָהֶ֖ם וְיִרְאָ֣ה לָהֶ֑ם וְגַבֹּתָ֗ם מְלֵאֹ֥ת עֵינַ֛יִם סָבִ֖יב לְאַרְבַּעְתָּֽן׃ ",Ptcp,NmCl,568543,568540
Ezekiel 23:11-5,"וַתִּ֥זֶן אָהֳלָ֖ה תַּחְתָּ֑י 
...
וַתֵּ֨רֶא֙ אֲחֹותָ֣הּ אָהֳלִיבָ֔ה ",23,,,אֲחֹותָ֣הּ ,אָהֳלָ֖ה ,"('p3', 'f', 'sg')","('NA', 'f', 'sg')","5
וַתִּ֥זֶן אָהֳלָ֖ה תַּחְתָּ֑י וַתַּעְגַּב֙ עַֽל־מְאַהֲבֶ֔יהָ אֶל־אַשּׁ֖וּר קְרֹובִֽים׃ 
6
לְבֻשֵׁ֤י תְכֵ֨לֶת֙ פַּחֹ֣ות וּסְגָנִ֔ים בַּח֥וּרֵי חֶ֖מֶד כֻּלָּ֑ם פָּרָשִׁ֕ים רֹכְבֵ֖י סוּסִֽים׃ 
7
וַתִּתֵּ֤ן תַּזְנוּתֶ֨יהָ֙ עֲלֵיהֶ֔ם מִבְחַ֥ר בְּנֵֽי־אַשּׁ֖וּר כֻּלָּ֑ם וּבְכֹ֧ל אֲשֶׁר־עָֽגְבָ֛ה בְּכָל־גִּלּוּלֵיהֶ֖ם נִטְמָֽאָה׃ 
8
וְאֶת־תַּזְנוּתֶ֤יהָ מִמִּצְרַ֨יִם֙ לֹ֣א עָזָ֔בָה כִּ֤י אֹותָהּ֙ שָׁכְב֣וּ בִנְעוּרֶ֔יהָ וְהֵ֥מָּה עִשּׂ֖וּ דַּדֵּ֣י בְתוּלֶ֑יהָ וַיִּשְׁפְּכ֥וּ תַזְנוּתָ֖ם עָלֶֽיהָ׃ 
9
לָכֵ֥ן נְתַתִּ֖יהָ בְּיַד־מְאַֽהֲבֶ֑יהָ בְּיַד֙ בְּנֵ֣י אַשּׁ֔וּר אֲשֶׁ֥ר עָגְבָ֖ה עֲלֵיהֶֽם׃ 
10
הֵמָּה֮ גִּלּ֣וּ עֶרְוָתָהּ֒ בָּנֶ֤יהָ וּבְנֹותֶ֨יהָ֙ לָקָ֔חוּ וְאֹותָ֖הּ בַּחֶ֣רֶב הָרָ֑גוּ וַתְּהִי־שֵׁם֙ לַנָּשִׁ֔ים וּשְׁפוּטִ֖ים עָ֥שׂוּ בָֽהּ׃ ס 
11
וַתֵּ֨רֶא֙ אֲחֹותָ֣הּ אָהֳלִיבָ֔ה וַתַּשְׁחֵ֥ת עַגְבָתָ֖הּ מִמֶּ֑נָּה וְאֶת־תַּ֨זְנוּתֶ֔יהָ מִזְּנוּנֵ֖י אֲחֹותָֽהּ׃ ",WayX,WayX,571097,571074
Ezekiel 47:12,"לֹא־יִבֹּ֨ול עָלֵ֜הוּ 
...
וְהָיָ֤ה פִרְיֹו֙ לְמַֽאֲכָ֔ל ",5,,,פִרְיֹו֙ ,עָלֵ֜הוּ ,"('p3', 'm', 'sg')","('NA', 'm', 'sg')","12
וְעַל־הַנַּ֣חַל יַעֲלֶ֣ה עַל־שְׂפָתֹ֣ו מִזֶּ֣ה׀ וּמִזֶּ֣ה׀ כָּל־עֵֽץ־מַ֠אֲכָל לֹא־יִבֹּ֨ול עָלֵ֜הוּ וְלֹֽא־יִתֹּ֣ם פִּרְיֹ֗ו לָֽחֳדָשָׁיו֙ יְבַכֵּ֔ר כִּ֣י מֵימָ֔יו מִן־הַמִּקְדָּ֖שׁ הֵ֣מָּה יֹֽוצְאִ֑ים וְהָיָ֤ה פִרְיֹו֙ לְמַֽאֲכָ֔ל וְעָלֵ֖הוּ לִתְרוּפָֽה׃ ס ",WQtX,xYqX,573987,573982
Hosea 6:3-1,"כִּ֛י ה֥וּא טָרָ֖ף 
...
כְּשַׁ֖חַר נָכֹ֣ון מֹֽוצָאֹ֑ו ",10,,,מֹֽוצָאֹ֑ו ,ה֥וּא ,"('p3', 'm', 'sg')","('p3', 'm', 'sg')","1
לְכוּ֙ וְנָשׁ֣וּבָה אֶל־יְהוָ֔ה כִּ֛י ה֥וּא טָרָ֖ף וְיִרְפָּאֵ֑נוּ יַ֖ךְ וְיַחְבְּשֵֽׁנוּ׃ 
2
יְחַיֵּ֖נוּ מִיֹּמָ֑יִם בַּיֹּום֙ הַשְּׁלִישִׁ֔י יְקִמֵ֖נוּ וְנִחְיֶ֥ה לְפָנָֽיו׃ 
3
וְנֵדְעָ֣ה נִרְדְּפָ֗ה לָדַ֨עַת֙ אֶת־יְהוָ֔ה כְּשַׁ֖חַר נָכֹ֣ון מֹֽוצָאֹ֑ו וְיָבֹ֤וא כַגֶּ֨שֶׁם֙ לָ֔נוּ כְּמַלְקֹ֖ושׁ יֹ֥ורֶה אָֽרֶץ׃ ",Ptcp,XQtl,574472,574462
Hosea 7:4-2,"עַתָּה֙ סְבָב֣וּם מַֽעַלְלֵיהֶ֔ם 
...
כֻּלָּם֙ מְנָ֣אֲפִ֔ים ",4,,,כֻּלָּם֙ ,מַֽעַלְלֵיהֶ֔ם ,"('p3', 'm', 'pl')","('NA', 'm', 'pl')","2
וּבַל־יֹֽאמְרוּ֙ לִלְבָבָ֔ם כָּל־רָעָתָ֖ם זָכָ֑רְתִּי עַתָּה֙ סְבָב֣וּם מַֽעַלְלֵיהֶ֔ם נֶ֥גֶד פָּנַ֖י הָיֽוּ׃ 
3
בְּרָעָתָ֖ם יְשַׂמְּחוּ־מֶ֑לֶךְ וּבְכַחֲשֵׁיהֶ֖ם שָׂרִֽים׃ 
4
כֻּלָּם֙ מְנָ֣אֲפִ֔ים כְּמֹ֣ו תַנּ֔וּר בֹּעֵ֖רָה מֵֽאֹפֶ֑ה יִשְׁבֹּ֣ות מֵעִ֔יר מִלּ֥וּשׁ בָּצֵ֖ק עַד־חֻמְצָתֹֽו׃ ",Ptcp,xQtX,574512,574508
Joel 1:6,"כִּֽי־גֹוי֙ עָלָ֣ה עַל־אַרְצִ֔י 
...
שִׁנָּיו֙ שִׁנֵּ֣י אַרְיֵ֔ה ",3,,,שִׁנָּיו֙ ,גֹוי֙ ,"('p3', 'm', 'sg')","('NA', 'm', 'sg')","6
כִּֽי־גֹוי֙ עָלָ֣ה עַל־אַרְצִ֔י עָצ֖וּם וְאֵ֣ין מִסְפָּ֑ר שִׁנָּיו֙ שִׁנֵּ֣י אַרְיֵ֔ה וּֽמְתַלְּעֹ֥ות לָבִ֖יא לֹֽו׃ ",NmCl,XQtl,575008,575005
Joel 2:4-3,"כְּגַן־עֵ֨דֶן הָאָ֜רֶץ לְפָנָ֗יו 
...
כְּמַרְאֵ֥ה סוּסִ֖ים מַרְאֵ֑הוּ ",3,,,מַרְאֵ֑הוּ ,אָ֜רֶץ ,"('p3', 'm', 'sg')","('NA', 'unknown', 'sg')","3
לְפָנָיו֙ אָ֣כְלָה אֵ֔שׁ וְאַחֲרָ֖יו תְּלַהֵ֣ט לֶֽהָבָ֑ה כְּגַן־עֵ֨דֶן הָאָ֜רֶץ לְפָנָ֗יו וְאַֽחֲרָיו֙ מִדְבַּ֣ר שְׁמָמָ֔ה וְגַם־פְּלֵיטָ֖ה לֹא־הָ֥יְתָה לֹּֽו׃ 
4
כְּמַרְאֵ֥ה סוּסִ֖ים מַרְאֵ֑הוּ וּכְפָרָשִׁ֖ים כֵּ֥ן יְרוּצֽוּן׃ ",NmCl,NmCl,575081,575078
Habakkuk 1:9-7,"אָיֹ֥ם וְנֹורָ֖א ה֑וּא 
...
כֻּלֹּה֙ לְחָמָ֣ס יָבֹ֔וא ",9,,,כֻּלֹּה֙ ,ה֑וּא ,"('p3', 'm', 'sg')","('p3', 'm', 'sg')","7
אָיֹ֥ם וְנֹורָ֖א ה֑וּא מִמֶּ֕נּוּ מִשְׁפָּטֹ֥ו וּשְׂאֵתֹ֖ו יֵצֵֽא׃ 
8
וְקַלּ֨וּ מִנְּמֵרִ֜ים סוּסָ֗יו וְחַדּוּ֙ מִזְּאֵ֣בֵי עֶ֔רֶב וּפָ֖שׁוּ פָּֽרָשָׁ֑יו וּפָֽרָשָׁיו֙ מֵרָחֹ֣וק יָבֹ֔אוּ יָעֻ֕פוּ כְּנֶ֖שֶׁר חָ֥שׁ לֶאֱכֹֽול׃ 
9
כֻּלֹּה֙ לְחָמָ֣ס יָבֹ֔וא מְגַמַּ֥ת פְּנֵיהֶ֖ם קָדִ֑ימָה וַיֶּאֱסֹ֥ף כַּחֹ֖ול שֶֽׁבִי׃ ",XYqt,AjCl,576983,576974
Habakkuk 3:3,"אֱלֹ֨והַ֙ מִתֵּימָ֣ן יָבֹ֔וא 
...
כִּסָּ֤ה שָׁמַ֨יִם֙ הֹודֹ֔ו ",3,,,הֹודֹ֔ו ,אֱלֹ֨והַ֙ ,"('p3', 'm', 'sg')","('NA', 'm', 'sg')","3
אֱלֹ֨והַ֙ מִתֵּימָ֣ן יָבֹ֔וא וְקָדֹ֥ושׁ מֵֽהַר־פָּארָ֖ן סֶ֑לָה כִּסָּ֤ה שָׁמַ֨יִם֙ הֹודֹ֔ו וּתְהִלָּתֹ֖ו מָלְאָ֥ה הָאָֽרֶץ׃ ",ZQtX,XYqt,577137,577134
Zechariah 9:17-15,"יְהוָ֣ה צְבָאֹות֮ יָגֵ֣ן עֲלֵיהֶם֒ 
...
כִּ֥י מַה־טּוּבֹ֖ו ",9,,,טּוּבֹ֖ו ,יְהוָ֣ה ,"('p3', 'm', 'sg')","('NA', 'm', 'sg')","15
יְהוָ֣ה צְבָאֹות֮ יָגֵ֣ן עֲלֵיהֶם֒ וְאָכְל֗וּ וְכָֽבְשׁוּ֙ אַבְנֵי־קֶ֔לַע וְשָׁת֥וּ הָמ֖וּ כְּמֹו־יָ֑יִן וּמָֽלְאוּ֙ כַּמִּזְרָ֔ק כְּזָוִיֹּ֖ות מִזְבֵּֽחַ׃ 
16
וְֽהֹושִׁיעָ֞ם יְהוָ֧ה אֱלֹהֵיהֶ֛ם בַּיֹּ֥ום הַה֖וּא כְּצֹ֣אן עַמֹּ֑ו כִּ֚י אַבְנֵי־נֵ֔זֶר מִֽתְנֹוסְסֹ֖ות עַל־אַדְמָתֹֽו׃ 
17
כִּ֥י מַה־טּוּבֹ֖ו וּמַה־יָפְיֹ֑ו דָּגָן֙ בַּֽחוּרִ֔ים וְתִירֹ֖ושׁ יְנֹובֵ֥ב בְּתֻלֹֽות׃ ",NmCl,XYqt,578266,578257
Zechariah 11:5,"וּמֹכְרֵיהֶ֣ן יֹאמַ֔ר 
...
וְרֹ֣עֵיהֶ֔ם לֹ֥א יַחְמֹ֖ול עֲלֵיהֶֽן׃ ",3,,,רֹ֣עֵיהֶ֔ם ,מֹכְרֵיהֶ֣ן ,"('p3', 'm', 'pl')","('unknown', 'm', 'pl')","5
אֲשֶׁ֨ר קֹנֵיהֶ֤ן יַֽהֲרְגֻן֙ וְלֹ֣א יֶאְשָׁ֔מוּ וּמֹכְרֵיהֶ֣ן יֹאמַ֔ר בָּר֥וּךְ יְהוָ֖ה וַאעְשִׁ֑ר וְרֹ֣עֵיהֶ֔ם לֹ֥א יַחְמֹ֖ול עֲלֵיהֶֽן׃ ",WXYq,WXYq,578350,578347
Psalms 10:5-4,"רָשָׁ֗ע כְּגֹ֣בַהּ אַ֭פֹּו בַּל־יִדְרֹ֑שׁ 
...
יָ֘חִ֤ילוּ דְרָכָ֨יו ׀ בְּכָל־עֵ֗ת ",3,,,דְרָכָ֨יו ׀ ,רָשָׁ֗ע ,"('p3', 'm', 'sg')","('NA', 'm', 'sg')","4
רָשָׁ֗ע כְּגֹ֣בַהּ אַ֭פֹּו בַּל־יִדְרֹ֑שׁ אֵ֥ין אֱ֝לֹהִ֗ים כָּל־מְזִמֹּותָֽיו׃ 
5
יָ֘חִ֤ילוּ דְרָכָ֨יו ׀ בְּכָל־עֵ֗ת מָרֹ֣ום מִ֭שְׁפָּטֶיךָ מִנֶּגְדֹּ֑ו כָּל־צֹ֝ורְרָ֗יו יָפִ֥יחַ בָּהֶֽם׃ ",ZYqX,XYqt,579269,579266
Psalms 11:4,"יְהוָ֤ה׀ בְּֽהֵ֘יכַ֤ל קָדְשֹׁ֗ו 
...
עֵינָ֥יו יֶחֱז֑וּ ",3,,,עֵינָ֥יו ,יְהוָ֤ה׀ ,"('p3', 'm', 'sg')","('NA', 'm', 'sg')","4
יְהוָ֤ה׀ בְּֽהֵ֘יכַ֤ל קָדְשֹׁ֗ו יְהוָה֮ בַּשָּׁמַ֪יִם כִּ֫סְאֹ֥ו עֵינָ֥יו יֶחֱז֑וּ עַפְעַפָּ֥יו יִ֝בְחֲנ֗וּ בְּנֵ֣י אָדָֽם׃ ",XYqt,NmCl,579335,579332
Psalms 19:7-6,"וְה֗וּא כְּ֭חָתָן 
...
מִקְצֵ֤ה הַשָּׁמַ֨יִם׀ מֹֽוצָאֹ֗ו ",4,,,מֹֽוצָאֹ֗ו ,ה֗וּא ,"('p3', 'm', 'sg')","('p3', 'm', 'sg')","6
וְה֗וּא כְּ֭חָתָן יֹצֵ֣א מֵחֻפָּתֹ֑ו יָשִׂ֥ישׂ כְּ֝גִבֹּ֗ור לָר֥וּץ אֹֽרַח׃ 
7
מִקְצֵ֤ה הַשָּׁמַ֨יִם׀ מֹֽוצָאֹ֗ו וּתְקוּפָתֹ֥ו עַל־קְצֹותָ֑ם וְאֵ֥ין נִ֝סְתָּ֗ר מֵֽחַמָּתֹו׃ ",NmCl,NmCl,579694,579690
Psalms 25:13-12,"מִי־זֶ֣ה הָ֭אִישׁ 
...
נַ֭פְשֹׁו בְּטֹ֣וב תָּלִ֑ין ",4,,,נַ֭פְשֹׁו ,אִישׁ ,"('p3', 'm', 'sg')","('NA', 'm', 'sg')","12
מִי־זֶ֣ה הָ֭אִישׁ יְרֵ֣א יְהוָ֑ה יֹ֝ורֶ֗נּוּ בְּדֶ֣רֶךְ יִבְחָֽר׃ 
13
נַ֭פְשֹׁו בְּטֹ֣וב תָּלִ֑ין וְ֝זַרְעֹ֗ו יִ֣ירַשׁ אָֽרֶץ׃ ",XYqt,NmCl,579986,579982
Psalms 37:15-14,"חֶ֤רֶב׀ פָּֽתְח֣וּ רְשָׁעִים֮ 
...
חַ֭רְבָּם תָּבֹ֣וא בְלִבָּ֑ם ",4,,,חַ֭רְבָּם ,רְשָׁעִים֮ ,"('p3', 'm', 'pl')","('NA', 'm', 'pl')","14
חֶ֤רֶב׀ פָּֽתְח֣וּ רְשָׁעִים֮ וְדָרְכ֪וּ קַ֫שְׁתָּ֥ם לְ֭הַפִּיל עָנִ֣י וְאֶבְיֹ֑ון לִ֝טְבֹ֗וחַ יִשְׁרֵי־דָֽרֶךְ׃ 
15
חַ֭רְבָּם תָּבֹ֣וא בְלִבָּ֑ם וְ֝קַשְּׁתֹותָ֗ם תִּשָּׁבַֽרְנָה׃ ",XYqt,xQtX,580634,580630
Psalms 77:9-8,"הַֽ֭לְעֹולָמִים יִזְנַ֥ח׀ אֲדֹנָ֑י 
...
הֶאָפֵ֣ס לָנֶ֣צַח חַסְדֹּ֑ו ",3,,,חַסְדֹּ֑ו ,אֲדֹנָ֑י ,"('p3', 'm', 'sg')","('NA', 'm', 'sg')","8
הַֽ֭לְעֹולָמִים יִזְנַ֥ח׀ אֲדֹנָ֑י וְלֹֽא־יֹסִ֖יף לִרְצֹ֣ות עֹֽוד׃ 
9
הֶאָפֵ֣ס לָנֶ֣צַח חַסְדֹּ֑ו גָּ֥מַר אֹ֝֗מֶר לְדֹ֣ר וָדֹֽר׃ ",xQtX,xYqX,582747,582744
Psalms 89:31-27,"ה֣וּא יִ֭קְרָאֵנִי 
...
אִם־יַֽעַזְב֣וּ בָ֭נָיו תֹּורָתִ֑י ",9,,,בָ֭נָיו ,ה֣וּא ,"('p3', 'm', 'sg')","('p3', 'm', 'sg')","27
ה֣וּא יִ֭קְרָאֵנִי אָ֣בִי אָ֑תָּה אֵ֝לִ֗י וְצ֣וּר יְשׁוּעָתִֽי׃ 
28
אַף־אָ֭נִי בְּכֹ֣ור אֶתְּנֵ֑הוּ עֶ֝לְיֹ֗ון לְמַלְכֵי־אָֽרֶץ׃ 
29
לְ֭עֹולָ֗ם אֶשְׁמָר־לֹ֣ו חַסְדִּ֑י וּ֝בְרִיתִ֗י נֶאֱמֶ֥נֶת לֹֽו׃ 
30
וְשַׂמְתִּ֣י לָעַ֣ד זַרְעֹ֑ו וְ֝כִסְאֹ֗ו כִּימֵ֥י שָׁמָֽיִם׃ 
31
אִם־יַֽעַזְב֣וּ בָ֭נָיו תֹּורָתִ֑י וּ֝בְמִשְׁפָּטַ֗י לֹ֣א יֵלֵכֽוּן׃ ",xYqX,XYqt,583500,583491
Psalms 104:27-24,"מָֽה־רַבּ֬וּ מַעֲשֶׂ֨יךָ׀ 
...
כֻּ֭לָּם אֵלֶ֣יךָ יְשַׂבֵּר֑וּן ",13,,,כֻּ֭לָּם ,מַעֲשֶׂ֨יךָ׀ ,"('p3', 'm', 'pl')","('NA', 'm', 'pl')","24
מָֽה־רַבּ֬וּ מַעֲשֶׂ֨יךָ׀ יְֽהוָ֗ה כֻּ֭לָּם בְּחָכְמָ֣ה עָשִׂ֑יתָ מָלְאָ֥ה הָ֝אָ֗רֶץ קִנְיָנֶֽךָ׃ 
25
זֶ֤ה׀ הַיָּ֥ם גָּדֹול֮ וּרְחַ֪ב יָ֫דָ֥יִם שָֽׁם־רֶ֭מֶשׂ וְאֵ֣ין מִסְפָּ֑ר חַיֹּ֥ות קְ֝טַנֹּ֗ות עִם־גְּדֹלֹֽות׃ 
26
שָׁ֭ם אֳנִיֹּ֣ות יְהַלֵּכ֑וּן לִ֝וְיָתָ֗ן זֶֽה־יָצַ֥רְתָּ לְשַֽׂחֶק־בֹּֽו׃ 
27
כֻּ֭לָּם אֵלֶ֣יךָ יְשַׂבֵּר֑וּן לָתֵ֖ת אָכְלָ֣ם בְּעִתֹּֽו׃ ",XYqt,xQtX,584212,584199
Psalms 112:9-6,"לְזֵ֥כֶר עֹ֝ולָ֗ם יִהְיֶ֥ה צַדִּֽיק׃ 
...
צִ֭דְקָתֹו עֹמֶ֣דֶת לָעַ֑ד ",9,,,צִ֭דְקָתֹו ,צַדִּֽיק׃ ,"('p3', 'm', 'sg')","('NA', 'm', 'sg')","6
כִּֽי־לְעֹולָ֥ם לֹא־יִמֹּ֑וט לְזֵ֥כֶר עֹ֝ולָ֗ם יִהְיֶ֥ה צַדִּֽיק׃ 
7
מִשְּׁמוּעָ֣ה רָ֭עָה לֹ֣א יִירָ֑א נָכֹ֥ון לִ֝בֹּ֗ו בָּטֻ֥חַ בַּיהוָֽה׃ 
8
סָמ֣וּךְ לִ֭בֹּו לֹ֣א יִירָ֑א עַ֖ד אֲשֶׁר־יִרְאֶ֣ה בְצָרָֽיו׃ 
9
פִּזַּ֤ר׀ נָ֘תַ֤ן לָאֶבְיֹונִ֗ים צִ֭דְקָתֹו עֹמֶ֣דֶת לָעַ֑ד קַ֝רְנֹ֗ו תָּר֥וּם בְּכָבֹֽוד׃ ",Ptcp,xYqX,584754,584745
Psalms 115:4-2,"לָ֭מָּה יֹאמְר֣וּ הַגֹּויִ֑ם 
...
עֲֽ֭צַבֵּיהֶם כֶּ֣סֶף וְזָהָ֑ב ",6,,,עֲֽ֭צַבֵּיהֶם ,גֹּויִ֑ם ,"('p3', 'm', 'pl')","('NA', 'm', 'pl')","2
לָ֭מָּה יֹאמְר֣וּ הַגֹּויִ֑ם אַיֵּה־נָ֝֗א אֱלֹהֵיהֶֽם׃ 
3
וֵֽאלֹהֵ֥ינוּ בַשָּׁמָ֑יִם כֹּ֭ל אֲשֶׁר־חָפֵ֣ץ עָשָֽׂה׃ 
4
עֲֽ֭צַבֵּיהֶם כֶּ֣סֶף וְזָהָ֑ב מַ֝עֲשֵׂ֗ה יְדֵ֣י אָדָֽם׃ ",NmCl,xYqX,584813,584807
Psalms 115:8-4,"עֲֽ֭צַבֵּיהֶם כֶּ֣סֶף וְזָהָ֑ב 
...
כְּ֭מֹוהֶם יִהְי֣וּ עֹשֵׂיהֶ֑ם ",15,,,עֹשֵׂיהֶ֑ם ,עֲֽ֭צַבֵּיהֶם ,"('p3', 'm', 'pl')","('NA', 'm', 'pl')","4
עֲֽ֭צַבֵּיהֶם כֶּ֣סֶף וְזָהָ֑ב מַ֝עֲשֵׂ֗ה יְדֵ֣י אָדָֽם׃ 
5
פֶּֽה־לָ֭הֶם וְלֹ֣א יְדַבֵּ֑רוּ עֵינַ֥יִם לָ֝הֶ֗ם וְלֹ֣א יִרְאֽוּ׃ 
6
אָזְנַ֣יִם לָ֭הֶם וְלֹ֣א יִשְׁמָ֑עוּ אַ֥ף לָ֝הֶ֗ם וְלֹ֣א יְרִיחֽוּן׃ 
7
יְדֵיהֶ֤ם׀ וְלֹ֬א יְמִישׁ֗וּן רַ֭גְלֵיהֶם וְלֹ֣א יְהַלֵּ֑כוּ לֹֽא־יֶ֝הְגּ֗וּ בִּגְרֹונָֽם׃ 
8
כְּ֭מֹוהֶם יִהְי֣וּ עֹשֵׂיהֶ֑ם כֹּ֭ל אֲשֶׁר־בֹּטֵ֣חַ בָּהֶֽם׃ ",xYqX,NmCl,584828,584813
Psalms 135:18-15,"עֲצַבֵּ֣י הַ֭גֹּויִם כֶּ֣סֶף וְזָהָ֑ב 
...
כְּ֭מֹוהֶם יִהְי֣וּ עֹשֵׂיהֶ֑ם ",9,,,עֹשֵׂיהֶ֑ם ,עֲצַבֵּ֣י ,"('p3', 'm', 'pl')","('NA', 'm', 'pl')","15
עֲצַבֵּ֣י הַ֭גֹּויִם כֶּ֣סֶף וְזָהָ֑ב מַ֝עֲשֵׂ֗ה יְדֵ֣י אָדָֽם׃ 
16
פֶּֽה־לָ֭הֶם וְלֹ֣א יְדַבֵּ֑רוּ עֵינַ֥יִם לָ֝הֶ֗ם וְלֹ֣א יִרְאֽוּ׃ 
17
אָזְנַ֣יִם לָ֭הֶם וְלֹ֣א יַאֲזִ֑ינוּ אַ֝֗ף אֵין־יֶשׁ־ר֥וּחַ בְּפִיהֶֽם׃ 
18
כְּ֭מֹוהֶם יִהְי֣וּ עֹשֵׂיהֶ֑ם כֹּ֭ל אֲשֶׁר־בֹּטֵ֣חַ בָּהֶֽם׃ ",xYqX,NmCl,585732,585723
Job 18:16-14,"יִנָּתֵ֣ק מֵ֭אָהֳלֹו מִבְטַחֹ֑ו 
...
מִ֭תַּחַת שָֽׁרָשָׁ֣יו יִבָ֑שׁוּ ",5,,,שָֽׁרָשָׁ֣יו ,מִבְטַחֹ֑ו ,"('p3', 'm', 'sg')","('NA', 'm', 'sg')","14
יִנָּתֵ֣ק מֵ֭אָהֳלֹו מִבְטַחֹ֑ו וְ֝תַצְעִדֵ֗הוּ לְמֶ֣לֶךְ בַּלָּהֹֽות׃ 
15
תִּשְׁכֹּ֣ון בְּ֭אָהֳלֹו מִבְּלִי־לֹ֑ו יְזֹרֶ֖ה עַל־נָוֵ֣הוּ גָפְרִֽית׃ 
16
מִ֭תַּחַת שָֽׁרָשָׁ֣יו יִבָ֑שׁוּ וּ֝מִמַּ֗עַל יִמַּ֥ל קְצִירֹֽו׃ ",XYqt,ZYqX,587627,587622
Job 21:8-7,"מַדּ֣וּעַ רְשָׁעִ֣ים יִחְי֑וּ 
...
זַרְעָ֤ם ",3,,,זַרְעָ֤ם ,רְשָׁעִ֣ים ,"('p3', 'm', 'pl')","('NA', 'm', 'pl')","7
מַדּ֣וּעַ רְשָׁעִ֣ים יִחְי֑וּ עָ֝תְק֗וּ גַּם־גָּ֥בְרוּ חָֽיִל׃ 
8
זַרְעָ֤ם נָכֹ֣ון לִפְנֵיהֶ֣ם עִמָּ֑ם וְ֝צֶאֱצָאֵיהֶ֗ם לְעֵינֵיהֶֽם׃ ",Defc,XYqt,587812,587809
Job 27:14-13,"זֶ֤ה׀ חֵֽלֶק־אָדָ֖ם רָשָׁ֥ע׀ עִם־אֵ֑ל 
...
אִם־יִרְבּ֣וּ בָנָ֣יו ",3,,,בָנָ֣יו ,זֶ֤ה׀ ,"('p3', 'm', 'sg')","('NA', 'm', 'sg')","13
זֶ֤ה׀ חֵֽלֶק־אָדָ֖ם רָשָׁ֥ע׀ עִם־אֵ֑ל וְֽנַחֲלַ֥ת עָ֝רִיצִ֗ים מִשַּׁדַּ֥י יִקָּֽחוּ׃ 
14
אִם־יִרְבּ֣וּ בָנָ֣יו לְמֹו־חָ֑רֶב וְ֝צֶאֱצָאָ֗יו לֹ֣א יִשְׂבְּעוּ־לָֽחֶם׃ ",xYqX,NmCl,588161,588158
Job 33:22-21,"יִ֣כֶל בְּשָׂרֹ֣ו מֵרֹ֑אִי 
...
וַתִּקְרַ֣ב לַשַּׁ֣חַת נַפְשֹׁ֑ו ",3,,,נַפְשֹׁ֑ו ,בְּשָׂרֹ֣ו ,"('p3', 'm', 'sg')","('NA', 'm', 'sg')","21
יִ֣כֶל בְּשָׂרֹ֣ו מֵרֹ֑אִי וְשֻׁפּ֥וּ עַ֝צְמֹותָ֗יו לֹ֣א רֻאּֽוּ׃ 
22
וַתִּקְרַ֣ב לַשַּׁ֣חַת נַפְשֹׁ֑ו וְ֝חַיָּתֹ֗ו לַֽמְמִתִֽים׃ ",WayX,ZYqX,588625,588622
Job 33:25-23,"אִם־יֵ֤שׁ עָלָ֨יו׀ מַלְאָ֗ךְ מֵלִ֗יץ אֶחָ֥ד מִנִּי־אָ֑לֶף 
...
רֻֽטֲפַ֣שׁ בְּשָׂרֹ֣ו מִנֹּ֑עַר ",7,,,בְּשָׂרֹ֣ו ,מַלְאָ֗ךְ ,"('p3', 'm', 'sg')","('NA', 'm', 'sg')","23
אִם־יֵ֤שׁ עָלָ֨יו׀ מַלְאָ֗ךְ מֵלִ֗יץ אֶחָ֥ד מִנִּי־אָ֑לֶף לְהַגִּ֖יד לְאָדָ֣ם יָשְׁרֹֽו׃ 
24
וַיְחֻנֶּ֗נּוּ וַיֹּ֗אמֶר פְּ֭דָעֵהוּ מֵרֶ֥דֶת שָׁ֗חַת מָצָ֥אתִי כֹֽפֶר׃ 
25
רֻֽטֲפַ֣שׁ בְּשָׂרֹ֣ו מִנֹּ֑עַר יָ֝שׁ֗וּב לִימֵ֥י עֲלוּמָֽיו׃ ",ZQtX,NmCl,588634,588627
Proverbs 18:20-16,"מַתָּ֣ן אָ֭דָם יַרְחִ֣יב לֹ֑ו 
...
מִפְּרִ֣י פִי־אִ֭ישׁ תִּשְׂבַּ֣ע בִּטְנֹ֑ו ",9,,,בִּטְנֹ֑ו ,מַתָּ֣ן ,"('p3', 'm', 'sg')","('NA', 'm', 'sg')","16
מַתָּ֣ן אָ֭דָם יַרְחִ֣יב לֹ֑ו וְלִפְנֵ֖י גְדֹלִ֣ים יַנְחֶֽנּוּ׃ 
17
צַדִּ֣יק הָרִאשֹׁ֣ון בְּרִיבֹ֑ו וּבָֽא־רֵ֝עֵ֗הוּ וַחֲקָרֹֽו׃ 
18
מִ֭דְיָנִים יַשְׁבִּ֣ית הַגֹּורָ֑ל וּבֵ֖ין עֲצוּמִ֣ים יַפְרִֽיד׃ 
19
אָ֗ח נִפְשָׁ֥ע מִקִּרְיַת־עֹ֑ז וּ֝מִדְיָנִ֗ים כִּבְרִ֥יחַ אַרְמֹֽון׃ 
20
מִפְּרִ֣י פִי־אִ֭ישׁ תִּשְׂבַּ֣ע בִּטְנֹ֑ו תְּבוּאַ֖ת שְׂפָתָ֣יו יִשְׂבָּֽע׃ ",xYqX,XYqt,590704,590695
Ruth 2:3-2,"וַתֹּאמֶר֩ ר֨וּת הַמֹּואֲבִיָּ֜ה אֶֽל־נָעֳמִ֗י 
...
וַיִּ֣קֶר מִקְרֶ֔הָ ",10,,,מִקְרֶ֔הָ ,ר֨וּת ,"('p3', 'f', 'sg')","('NA', 'f', 'sg')","2
וַתֹּאמֶר֩ ר֨וּת הַמֹּואֲבִיָּ֜ה אֶֽל־נָעֳמִ֗י אֵֽלְכָה־נָּ֤א הַשָּׂדֶה֙ וַאֲלַקֳטָ֣ה בַשִּׁבֳּלִ֔ים אַחַ֕ר אֲשֶׁ֥ר אֶמְצָא־חֵ֖ן בְּעֵינָ֑יו וַתֹּ֥אמֶר לָ֖הּ לְכִ֥י בִתִּֽי׃ 
3
וַתֵּ֤לֶךְ וַתָּבֹוא֙ וַתְּלַקֵּ֣ט בַּשָּׂדֶ֔ה אַחֲרֵ֖י הַקֹּצְרִ֑ים וַיִּ֣קֶר מִקְרֶ֔הָ חֶלְקַ֤ת הַשָּׂדֶה֙ לְבֹ֔עַז אֲשֶׁ֖ר מִמִּשְׁפַּ֥חַת אֱלִימֶֽלֶךְ׃ ",WayX,WayX,591957,591947
Ruth 2:19-18,"וַתֵּ֥רֶא חֲמֹותָ֖הּ 
...
וַתֹּאמֶר֩ לָ֨הּ חֲמֹותָ֜הּ ",5,,,חֲמֹותָ֜הּ ,חֲמֹותָ֖הּ ,"('p3', 'f', 'sg')","('NA', 'f', 'sg')","18
וַתִּשָּׂא֙ וַתָּבֹ֣וא הָעִ֔יר וַתֵּ֥רֶא חֲמֹותָ֖הּ אֵ֣ת אֲשֶׁר־לִקֵּ֑טָה וַתֹּוצֵא֙ וַתִּתֶּן־לָ֔הּ אֵ֥ת אֲשֶׁר־הֹותִ֖רָה מִשָּׂבְעָֽהּ׃ 
19
וַתֹּאמֶר֩ לָ֨הּ חֲמֹותָ֜הּ אֵיפֹ֨ה לִקַּ֤טְתְּ הַיֹּום֙ וְאָ֣נָה עָשִׂ֔ית יְהִ֥י מַכִּירֵ֖ךְ בָּר֑וּךְ וַתַּגֵּ֣ד לַחֲמֹותָ֗הּ אֵ֤ת אֲשֶׁר־עָשְׂתָה֙ עִמֹּ֔ו וַתֹּ֗אמֶר שֵׁ֤ם הָאִישׁ֙ אֲשֶׁ֨ר עָשִׂ֧יתִי עִמֹּ֛ו הַיֹּ֖ום בֹּֽעַז׃ ",WayX,WayX,592049,592044
Ecclesiastes 6:3,"אִם־יֹולִ֣יד אִ֣ישׁ מֵאָ֡ה 
...
וְנַפְשֹׁו֙ לֹא־תִשְׂבַּ֣ע מִן־הַטֹּובָ֔ה ",4,,,נַפְשֹׁו֙ ,אִ֣ישׁ ,"('p3', 'm', 'sg')","('NA', 'm', 'sg')","3
אִם־יֹולִ֣יד אִ֣ישׁ מֵאָ֡ה וְשָׁנִים֩ רַבֹּ֨ות יִֽחְיֶ֜ה וְרַ֣ב׀ שֶׁיִּהְי֣וּ יְמֵֽי־שָׁנָ֗יו וְנַפְשֹׁו֙ לֹא־תִשְׂבַּ֣ע מִן־הַטֹּובָ֔ה וְגַם־קְבוּרָ֖ה לֹא־הָ֣יְתָה לֹּ֑ו אָמַ֕רְתִּי טֹ֥וב מִמֶּ֖נּוּ הַנָּֽפֶל׃ ",WXYq,xYqX,593291,593287
Lamentations 1:9-8,"חֵ֤טְא חָֽטְאָה֙ יְר֣וּשָׁלִַ֔ם 
...
טֻמְאָתָ֣הּ בְּשׁוּלֶ֗יהָ ",6,,,טֻמְאָתָ֣הּ ,יְר֣וּשָׁלִַ֔ם ,"('p3', 'f', 'sg')","('NA', 'unknown', 'sg')","8
חֵ֤טְא חָֽטְאָה֙ יְר֣וּשָׁלִַ֔ם עַל־כֵּ֖ן לְנִידָ֣ה הָיָ֑תָה כָּֽל־מְכַבְּדֶ֤יהָ הִזִּיל֨וּהָ֙ כִּי־רָא֣וּ עֶרְוָתָ֔הּ גַּם־הִ֥יא נֶאֶנְחָ֖ה וַתָּ֥שָׁב אָחֹֽור׃ ס 
9
טֻמְאָתָ֣הּ בְּשׁוּלֶ֗יהָ לֹ֤א זָֽכְרָה֙ אַחֲרִיתָ֔הּ וַתֵּ֣רֶד פְּלָאִ֔ים אֵ֥ין מְנַחֵ֖ם לָ֑הּ רְאֵ֤ה יְהוָה֙ אֶת־עָנְיִ֔י כִּ֥י הִגְדִּ֖יל אֹויֵֽב׃ ס ",NmCl,xQtX,593833,593827
Lamentations 4:8-7,"זַכּ֤וּ נְזִירֶ֨יהָ֙ מִשֶּׁ֔לֶג 
...
חָשַׁ֤ךְ מִשְּׁחֹור֙ תָּֽאֳרָ֔ם ",4,,,תָּֽאֳרָ֔ם ,נְזִירֶ֨יהָ֙ ,"('p3', 'm', 'pl')","('NA', 'm', 'pl')","7
זַכּ֤וּ נְזִירֶ֨יהָ֙ מִשֶּׁ֔לֶג צַח֖וּ מֵחָלָ֑ב אָ֤דְמוּ עֶ֨צֶם֙ מִפְּנִינִ֔ים סַפִּ֖יר גִּזְרָתָֽם׃ ס 
8
חָשַׁ֤ךְ מִשְּׁחֹור֙ תָּֽאֳרָ֔ם לֹ֥א נִכְּר֖וּ בַּחוּצֹ֑ות צָפַ֤ד עֹורָם֙ עַל־עַצְמָ֔ם יָבֵ֖שׁ הָיָ֥ה כָעֵֽץ׃ ס ",ZQtX,ZQtX,594203,594199
Daniel 3:33-31,"שְׁלָמְכֹ֥ון יִשְׂגֵּֽא׃ 
...
אָתֹ֨והִי֙ כְּמָ֣ה רַבְרְבִ֔ין ",5,,,אָתֹ֨והִי֙ ,שְׁלָמְכֹ֥ון ,"('p3', 'm', 'sg')","('NA', 'm', 'sg')","31
נְבוּכַדְנֶצַּ֣ר מַלְכָּ֗א לְֽכָל־עַֽמְמַיָּ֞א אֻמַיָּ֧א וְלִשָּׁנַיָּ֛א דִּֽי־דָיְרִ֥ין בְּכָל־אַרְעָ֖א שְׁלָמְכֹ֥ון יִשְׂגֵּֽא׃ 
32
אָֽתַיָּא֙ וְתִמְהַיָּ֔א דִּ֚י עֲבַ֣ד עִמִּ֔י אֱלָהָ֖א עִלָּאָ֑ה שְׁפַ֥ר קָֽדָמַ֖י לְהַחֲוָיָֽה׃ 
33
אָתֹ֨והִי֙ כְּמָ֣ה רַבְרְבִ֔ין וְתִמְהֹ֖והִי כְּמָ֣ה תַקִּיפִ֑ין מַלְכוּתֵהּ֙ מַלְכ֣וּת עָלַ֔ם וְשָׁלְטָנֵ֖הּ עִם־דָּ֥ר וְדָֽר׃ ",AjCl,XYqt,595611,595606
Daniel 4:16,"אֱדַ֨יִן דָּֽנִיֵּ֜אל 
...
וְרַעְיֹנֹ֖הִי יְבַהֲלֻנֵּ֑הּ ",3,,,רַעְיֹנֹ֖הִי ,דָּֽנִיֵּ֜אל ,"('p3', 'm', 'sg')","('NA', 'm', 'sg')","16
אֱדַ֨יִן דָּֽנִיֵּ֜אל דִּֽי־שְׁמֵ֣הּ בֵּלְטְשַׁאצַּ֗ר אֶשְׁתֹּומַם֙ כְּשָׁעָ֣ה חֲדָ֔ה וְרַעְיֹנֹ֖הִי יְבַהֲלֻנֵּ֑הּ עָנֵ֨ה מַלְכָּ֜א וְאָמַ֗ר בֵּלְטְשַׁאצַּר֙ חֶלְמָ֤א וּפִשְׁרֵא֙ אַֽל־יְבַהֲלָ֔ךְ עָנֵ֤ה בֵלְטְשַׁאצַּר֙ וְאָמַ֔ר מָרִ֕י חֶלְמָ֥א לְשָֽׂנְאָ֖ךְ וּפִשְׁרֵ֥הּ לְעָרָֽךְ׃",WXYq,Defc,595686,595683
Daniel 11:10-7,"וְעָמַ֛ד מִנֵּ֥צֶר שָׁרָשֶׁ֖יהָ כַּנֹּ֑ו 
...
וּבָנָ֣יו יִתְגָּר֗וּ ",9,,,בָנָ֣יו ,נֵּ֥צֶר ,"('p3', 'm', 'sg')","('NA', 'm', 'sg')","7
וְעָמַ֛ד מִנֵּ֥צֶר שָׁרָשֶׁ֖יהָ כַּנֹּ֑ו וְיָבֹ֣א אֶל־הַחַ֗יִל וְיָבֹא֙ בְּמָעֹוז֙ מֶ֣לֶךְ הַצָּפֹ֔ון וְעָשָׂ֥ה בָהֶ֖ם וְהֶחֱזִֽיק׃ 
8
וְגַ֣ם אֱֽלֹהֵיהֶ֡ם עִם־נְסִֽכֵיהֶם֩ עִם־כְּלֵ֨י חֶמְדָּתָ֜ם כֶּ֧סֶף וְזָהָ֛ב בַּשְּׁבִ֖י יָבִ֣א מִצְרָ֑יִם וְהוּא֙ שָׁנִ֣ים יַעֲמֹ֔ד מִמֶּ֖לֶךְ הַצָּפֹֽון׃ 
9
וּבָ֗א בְּמַלְכוּת֙ מֶ֣לֶךְ הַנֶּ֔גֶב וְשָׁ֖ב אֶל־אַדְמָתֹֽו׃ 
10
וּבָנָ֣יו יִתְגָּר֗וּ וְאָסְפוּ֙ הֲמֹון֙ חֲיָלִ֣ים רַבִּ֔ים וּבָ֥א בֹ֖וא וְשָׁטַ֣ף וְעָבָ֑ר וְיָשֹׁ֥ב וְיִתְגָּרֶ֖ה עַד־מָעֻזֹּֽו׃",WXYq,WQtX,596699,596690
Nehemiah 5:15,"וְהַפַּחֹות֩ הָרִאשֹׁנִ֨ים 
...
גַּ֥ם נַעֲרֵיהֶ֖ם שָׁלְט֣וּ עַל־הָעָ֑ם ",5,,,נַעֲרֵיהֶ֖ם ,פַּחֹות֩ ,"('p3', 'm', 'pl')","('NA', 'm', 'pl')","15
וְהַפַּחֹות֩ הָרִאשֹׁנִ֨ים אֲשֶׁר־לְפָנַ֜י הִכְבִּ֣ידוּ עַל־הָעָ֗ם וַיִּקְח֨וּ מֵהֶ֜ם בְּלֶ֤חֶם וָיַ֨יִן֙ אַחַר֙ כֶּֽסֶף־שְׁקָלִ֣ים אַרְבָּעִ֔ים גַּ֥ם נַעֲרֵיהֶ֖ם שָׁלְט֣וּ עַל־הָעָ֑ם וַאֲנִי֙ לֹא־עָשִׂ֣יתִי כֵ֔ן מִפְּנֵ֖י יִרְאַ֥ת אֱלֹהִֽים׃ ",XQtl,Defc,598219,598214
1_Chronicles 5:17-11,"וּבְנֵי־גָ֣ד לְנֶגְדָּ֗ם יָֽשְׁב֛וּ בְּאֶ֥רֶץ הַבָּשָׁ֖ן עַד־סַלְכָֽה׃ 
...
כֻּלָּם֙ הִתְיַחְשׂ֔וּ בִּימֵ֖י יֹותָ֣ם מֶֽלֶךְ־יְהוּדָ֑ה וּבִימֵ֖י יָרָבְעָ֥ם מֶֽלֶךְ־יִשְׂרָאֵֽל׃ פ ",6,,,כֻּלָּם֙ ,בְנֵי־,"('p3', 'm', 'pl')","('NA', 'm', 'pl')","11
וּבְנֵי־גָ֣ד לְנֶגְדָּ֗ם יָֽשְׁב֛וּ בְּאֶ֥רֶץ הַבָּשָׁ֖ן עַד־סַלְכָֽה׃ 
12
יֹואֵ֣ל הָרֹ֔אשׁ וְשָׁפָ֖ם הַמִּשְׁנֶ֑ה וְיַעְנַ֥י וְשָׁפָ֖ט בַּבָּשָֽׁן׃ 
13
וַאֲחֵיהֶ֞ם לְבֵ֣ית אֲבֹותֵיהֶ֗ם מִֽיכָאֵ֡ל וּמְשֻׁלָּ֡ם וְ֠שֶׁבַע וְיֹורַ֧י וְיַעְכָּ֛ן וְזִ֥יעַ וָעֵ֖בֶר שִׁבְעָֽה׃ ס 
14
אֵ֣לֶּה׀ בְּנֵ֣י אֲבִיחַ֗יִל בֶּן־חוּרִ֡י בֶּן־יָ֠רֹוחַ בֶּן־גִּלְעָ֧ד בֶּן־מִיכָאֵ֛ל בֶּן־יְשִׁישַׁ֥י בֶּן־יַחְדֹּ֖ו בֶּן־בּֽוּז׃ 
15
אֲחִי֙ בֶּן־עַבְדִּיאֵ֣ל בֶּן־גּוּנִ֔י רֹ֖אשׁ לְבֵ֥ית אֲבֹותָֽם׃ 
16
וַיֵּֽשְׁב֛וּ בַּגִּלְעָ֥ד בַּבָּשָׁ֖ן וּבִבְנֹתֶ֑יהָ וּבְכָֽל־מִגְרְשֵׁ֥י שָׁרֹ֖ון עַל־תֹוצְאֹותָֽם׃ 
17
כֻּלָּם֙ הִתְיַחְשׂ֔וּ בִּימֵ֖י יֹותָ֣ם מֶֽלֶךְ־יְהוּדָ֑ה וּבִימֵ֖י יָרָבְעָ֥ם מֶֽלֶךְ־יִשְׂרָאֵֽל׃ פ ",XQtl,WXQt,599532,599526
1_Chronicles 6:24-18,"מִבְּנֵי֙ הַקְּהָתִ֔י הֵימָן֙ הַמְשֹׁורֵ֔ר בֶּן־יֹואֵ֖ל בֶּן־שְׁמוּאֵֽל׃ 
...
וְאָחִ֣יו אָסָ֔ף ",6,,,אָחִ֣יו ,הֵימָן֙ ,"('p3', 'm', 'sg')","('NA', 'm', 'sg')","18
וְאֵ֥לֶּה הָעֹמְדִ֖ים וּבְנֵיהֶ֑ם מִבְּנֵי֙ הַקְּהָתִ֔י הֵימָן֙ הַמְשֹׁורֵ֔ר בֶּן־יֹואֵ֖ל בֶּן־שְׁמוּאֵֽל׃ 
19
בֶּן־אֶלְקָנָה֙ בֶּן־יְרֹחָ֔ם בֶּן־אֱלִיאֵ֖ל בֶּן־תֹּֽוחַ׃ 
20
בֶּן־צוּף֙ בֶּן־אֶלְקָנָ֔ה בֶּן־מַ֖חַת בֶּן־עֲמָשָֽׂי׃ 
21
בֶּן־אֶלְקָנָה֙ בֶּן־יֹואֵ֔ל בֶּן־עֲזַרְיָ֖ה בֶּן־צְפַנְיָֽה׃ 
22
בֶּן־תַּ֨חַת֙ בֶּן־אַסִּ֔יר בֶּן־אֶבְיָסָ֖ף בֶּן־קֹֽרַח׃ 
23
בֶּן־יִצְהָ֣ר בֶּן־קְהָ֔ת בֶּן־לֵוִ֖י בֶּן־יִשְׂרָאֵֽל׃ 
24
וְאָחִ֣יו אָסָ֔ף הָעֹמֵ֖ד עַל־יְמִינֹ֑ו אָסָ֥ף בֶּן־בֶּרֶכְיָ֖הוּ בֶּן־שִׁמְעָֽא׃ ",NmCl,NmCl,599624,599618
1_Chronicles 6:33-18,"וְאֵ֥לֶּה 
...
וַאֲחֵיהֶ֖ם הַלְוִיִּ֑ם נְתוּנִ֕ים לְכָ֨ל־עֲבֹודַ֔ת מִשְׁכַּ֖ן בֵּ֥ית הָאֱלֹהִֽים׃ ",21,,,אֲחֵיהֶ֖ם ,אֵ֥לֶּה ,"('p3', 'm', 'pl')","('NA', 'unknown', 'pl')","18
וְאֵ֥לֶּה הָעֹמְדִ֖ים וּבְנֵיהֶ֑ם מִבְּנֵי֙ הַקְּהָתִ֔י הֵימָן֙ הַמְשֹׁורֵ֔ר בֶּן־יֹואֵ֖ל בֶּן־שְׁמוּאֵֽל׃ 
19
בֶּן־אֶלְקָנָה֙ בֶּן־יְרֹחָ֔ם בֶּן־אֱלִיאֵ֖ל בֶּן־תֹּֽוחַ׃ 
20
בֶּן־צוּף֙ בֶּן־אֶלְקָנָ֔ה בֶּן־מַ֖חַת בֶּן־עֲמָשָֽׂי׃ 
21
בֶּן־אֶלְקָנָה֙ בֶּן־יֹואֵ֔ל בֶּן־עֲזַרְיָ֖ה בֶּן־צְפַנְיָֽה׃ 
22
בֶּן־תַּ֨חַת֙ בֶּן־אַסִּ֔יר בֶּן־אֶבְיָסָ֖ף בֶּן־קֹֽרַח׃ 
23
בֶּן־יִצְהָ֣ר בֶּן־קְהָ֔ת בֶּן־לֵוִ֖י בֶּן־יִשְׂרָאֵֽל׃ 
24
וְאָחִ֣יו אָסָ֔ף הָעֹמֵ֖ד עַל־יְמִינֹ֑ו אָסָ֥ף בֶּן־בֶּרֶכְיָ֖הוּ בֶּן־שִׁמְעָֽא׃ 
25
בֶּן־מִיכָאֵ֥ל בֶּן־בַּעֲשֵׂיָ֖ה בֶּן־מַלְכִּיָּֽה׃ 
26
בֶּן־אֶתְנִ֥י בֶן־זֶ֖רַח בֶּן־עֲדָיָֽה׃ 
27
בֶּן־אֵיתָ֥ן בֶּן־זִמָּ֖ה בֶּן־שִׁמְעִֽי׃ 
28
בֶּן־יַ֥חַת בֶּן־גֵּרְשֹׁ֖ם בֶּן־לֵוִֽי׃ ס 
29
וּבְנֵ֧י מְרָרִ֛י אֲחֵיהֶ֖ם עַֽל־הַשְּׂמֹ֑אול אֵיתָן֙ בֶּן־קִישִׁ֔י בֶּן־עַבְדִּ֖י בֶּן־מַלּֽוּךְ׃ 
30
בֶּן־חֲשַׁבְיָ֥ה בֶן־אֲמַצְיָ֖ה בֶּן־חִלְקִיָּֽה׃ 
31
בֶּן־אַמְצִ֥י בֶן־בָּנִ֖י בֶּן־שָֽׁמֶר׃ 
32
בֶּן־מַחְלִי֙ בֶּן־מוּשִׁ֔י בֶּן־מְרָרִ֖י בֶּן־לֵוִֽי׃ ס 
33
וַאֲחֵיהֶ֖ם הַלְוִיִּ֑ם נְתוּנִ֕ים לְכָ֨ל־עֲבֹודַ֔ת מִשְׁכַּ֖ן בֵּ֥ית הָאֱלֹהִֽים׃ ",Ptcp,NmCl,599636,599615
1_Chronicles 9:22-17,"וְהַשֹּׁעֲרִים֙ שַׁלּ֣וּם וְעַקּ֔וּב וְטַלְמֹ֖ן וַאֲחִימָ֑ן 
...
כֻּלָּ֤ם ",11,,,כֻּלָּ֤ם ,שֹּׁעֲרִים֙ ,"('p3', 'm', 'pl')","('NA', 'm', 'pl')","17
וְהַשֹּׁעֲרִים֙ שַׁלּ֣וּם וְעַקּ֔וּב וְטַלְמֹ֖ן וַאֲחִימָ֑ן וַאֲחִיהֶ֥ם שַׁלּ֖וּם הָרֹֽאשׁ׃ 
18
וְֽעַד־הֵ֔נָּה בְּשַׁ֥עַר הַמֶּ֖לֶךְ מִזְרָ֑חָה הֵ֚מָּה הַשֹּׁ֣עֲרִ֔ים לְמַחֲנֹ֖ות בְּנֵ֥י לֵוִֽי׃ 
19
וְשַׁלּ֣וּם בֶּן־קֹ֠ורֵא בֶּן־אֶבְיָסָ֨ף בֶּן־קֹ֜רַח וְֽאֶחָ֧יו לְבֵית־אָבִ֣יו הַקָּרְחִ֗ים עַ֚ל מְלֶ֣אכֶת הָעֲבֹודָ֔ה שֹׁמְרֵ֥י הַסִּפִּ֖ים לָאֹ֑הֶל וַאֲבֹֽתֵיהֶם֙ עַל־מַחֲנֵ֣ה יְהוָ֔ה שֹׁמְרֵ֖י הַמָּבֹֽוא׃ 
20
וּפִֽינְחָ֣ס בֶּן־אֶלְעָזָ֗ר נָגִ֨יד הָיָ֧ה עֲלֵיהֶ֛ם לְפָנִ֖ים יְהוָ֥ה׀ עִמֹּֽו׃ 
21
זְכַרְיָה֙ בֶּ֣ן מְשֶֽׁלֶמְיָ֔ה שֹׁעֵ֥ר פֶּ֖תַח לְאֹ֥הֶל מֹועֵֽד׃ 
22
כֻּלָּ֤ם הַבְּרוּרִים֙ לְשֹׁעֲרִ֣ים בַּסִּפִּ֔ים מָאתַ֖יִם וּשְׁנֵ֣ים עָשָׂ֑ר הֵ֤מָּה בְחַצְרֵיהֶם֙ הִתְיַחְשָׂ֔ם הֵ֣מָּה יִסַּ֥ד דָּוִ֛יד וּשְׁמוּאֵ֥ל הָרֹאֶ֖ה בֶּאֱמוּנָתָֽם׃ ",Defc,NmCl,599872,599861
2_Chronicles 6:28,"רָעָ֞ב 
...
כִּ֧י יָֽצַר־לֹ֛ו אֹויְבָ֖יו בְּאֶ֣רֶץ שְׁעָרָ֑יו ",6,,,אֹויְבָ֖יו ,רָעָ֞ב ,"('p3', 'm', 'sg')","('NA', 'm', 'sg')","28
רָעָ֞ב כִּֽי־יִהְיֶ֣ה בָאָ֗רֶץ דֶּ֣בֶר כִּֽי־יִֽ֠הְיֶה שִׁדָּפֹ֨ון וְיֵרָקֹ֜ון אַרְבֶּ֤ה וְחָסִיל֙ כִּ֣י יִהְיֶ֔ה כִּ֧י יָֽצַר־לֹ֛ו אֹויְבָ֖יו בְּאֶ֣רֶץ שְׁעָרָ֑יו כָּל־נֶ֖גַע וְכָֽל־מַחֲלָֽה׃ ",xYqX,NmCl,602172,602166
2_Chronicles 17:6-5,"וַיָּ֨כֶן יְהוָ֤ה אֶת־הַמַּמְלָכָה֙ בְּיָדֹ֔ו 
...
וַיִּגְבַּ֥הּ לִבֹּ֖ו בְּדַרְכֵ֣י יְהוָ֑ה ",3,,,לִבֹּ֖ו ,יְהוָ֤ה ,"('p3', 'm', 'sg')","('NA', 'm', 'sg')","5
וַיָּ֨כֶן יְהוָ֤ה אֶת־הַמַּמְלָכָה֙ בְּיָדֹ֔ו וַיִּתְּנ֧וּ כָל־יְהוּדָ֛ה מִנְחָ֖ה לִיהֹושָׁפָ֑ט וַֽיְהִי־לֹ֥ו עֹֽשֶׁר־וְכָבֹ֖וד לָרֹֽב׃ 
6
וַיִּגְבַּ֥הּ לִבֹּ֖ו בְּדַרְכֵ֣י יְהוָ֑ה וְעֹ֗וד הֵסִ֛יר אֶת־הַבָּמֹ֥ות וְאֶת־הָאֲשֵׁרִ֖ים מִיהוּדָֽה׃ פ ",WayX,WayX,603040,603037
2_Chronicles 21:19-18,"וְאַחֲרֵ֖י כָּל־זֹ֑את נְגָפֹ֨ו יְהוָ֧ה׀ בְּמֵעָ֛יו לָחֳלִ֖י לְאֵ֥ין מַרְפֵּֽא׃ 
...
וְלֹא־עָ֨שׂוּ לֹ֥ו עַמֹּ֛ו שְׂרֵפָ֖ה כִּשְׂרֵפַ֥ת אֲבֹתָֽיו׃ ",6,,,עַמֹּ֛ו ,יְהוָ֧ה׀ ,"('p3', 'm', 'sg')","('NA', 'm', 'sg')","18
וְאַחֲרֵ֖י כָּל־זֹ֑את נְגָפֹ֨ו יְהוָ֧ה׀ בְּמֵעָ֛יו לָחֳלִ֖י לְאֵ֥ין מַרְפֵּֽא׃ 
19
וַיְהִ֣י לְיָמִ֣ים׀ מִיָּמִ֡ים וּכְעֵת֩ צֵ֨את הַקֵּ֜ץ לְיָמִ֣ים שְׁנַ֗יִם יָצְא֤וּ מֵעָיו֙ עִם־חָלְיֹ֔ו וַיָּ֖מָת בְּתַחֲלֻאִ֣ים רָעִ֑ים וְלֹא־עָ֨שׂוּ לֹ֥ו עַמֹּ֛ו שְׂרֵפָ֖ה כִּשְׂרֵפַ֥ת אֲבֹתָֽיו׃ ",WxQX,WxQX,603551,603545
2_Chronicles 26:15-11,"וַיְהִ֣י לְעֻזִּיָּ֡הוּ חַיִל֩ 
...
וַיֵּצֵ֤א שְׁמֹו֙ עַד־לְמֵ֣רָחֹ֔וק ",12,,,שְׁמֹו֙ ,חַיִל֩ ,"('p3', 'm', 'sg')","('NA', 'm', 'sg')","11
וַיְהִ֣י לְעֻזִּיָּ֡הוּ חַיִל֩ עֹשֵׂ֨ה מִלְחָמָ֜ה יֹוצְאֵ֧י צָבָ֣א לִגְד֗וּד בְּמִסְפַּר֙ פְּקֻדָּתָ֔ם בְּיַד֙ יְעִיאֵ֣ל הַסֹּופֵ֔ר וּמַעֲשֵׂיָ֖הוּ הַשֹּׁוטֵ֑ר עַ֚ל יַד־חֲנַנְיָ֔הוּ מִשָּׂרֵ֖י הַמֶּֽלֶךְ׃ 
12
כֹּ֠ל מִסְפַּ֞ר רָאשֵׁ֤י הָאָבֹות֙ לְגִבֹּ֣ורֵי חָ֔יִל אַלְפַּ֖יִם וְשֵׁ֥שׁ מֵאֹֽות׃ 
13
וְעַל־יָדָם֩ חֵ֨יל צָבָ֜א שְׁלֹ֧שׁ מֵאֹ֣ות אֶ֗לֶף וְשִׁבְעַ֤ת אֲלָפִים֙ וַחֲמֵ֣שׁ מֵאֹ֔ות עֹושֵׂ֥י מִלְחָמָ֖ה בְּכֹ֣חַ חָ֑יִל לַעְזֹ֥ר לַמֶּ֖לֶךְ עַל־הָאֹויֵֽב׃ 
14
וַיָּכֶן֩ לָהֶ֨ם עֻזִּיָּ֜הוּ לְכָל־הַצָּבָ֗א מָגִנִּ֤ים וּרְמָחִים֙ וְכֹ֣ובָעִ֔ים וְשִׁרְיֹנֹ֖ות וּקְשָׁתֹ֑ות וּלְאַבְנֵ֖י קְלָעִֽים׃ 
15
וַיַּ֣עַשׂ׀ בִּירוּשָׁלִַ֨ם חִשְּׁבֹנֹ֜ות מַחֲשֶׁ֣בֶת חֹושֵׁ֗ב לִהְיֹ֤ות עַל־הַמִּגְדָּלִים֙ וְעַל־הַפִּנֹּ֔ות לִירֹוא֙ בַּֽחִצִּ֔ים וּבָאֲבָנִ֖ים גְּדֹלֹ֑ות וַיֵּצֵ֤א שְׁמֹו֙ עַד־לְמֵ֣רָחֹ֔וק כִּֽי־הִפְלִ֥יא לְהֵעָזֵ֖ר עַ֥ד כִּֽי־חָזָֽק׃ ",WayX,WayX,604030,604018
2_Chronicles 29:34,"רַ֤ק הַכֹּֽהֲנִים֙ הָי֣וּ לִמְעָ֔ט 
...
וַֽיְּחַזְּק֞וּם אֲחֵיהֶ֣ם הַלְוִיִּ֗ם ",3,,,אֲחֵיהֶ֣ם ,כֹּֽהֲנִים֙ ,"('p3', 'm', 'pl')","('NA', 'm', 'pl')","34
רַ֤ק הַכֹּֽהֲנִים֙ הָי֣וּ לִמְעָ֔ט וְלֹ֣א יָֽכְל֔וּ לְהַפְשִׁ֖יט אֶת־כָּל־הָעֹלֹ֑ות וַֽיְּחַזְּק֞וּם אֲחֵיהֶ֣ם הַלְוִיִּ֗ם עַד־כְּלֹ֤ות הַמְּלָאכָה֙ וְעַ֣ד יִתְקַדְּשׁ֣וּ הַכֹּֽהֲנִ֔ים כִּ֤י הַלְוִיִּם֙ יִשְׁרֵ֣י לֵבָ֔ב לְהִתְקַדֵּ֖שׁ מֵֽהַכֹּהֲנִֽים׃ ",WayX,XQtl,604352,604349
2_Chronicles 32:16-9,"אַ֣חַר זֶ֗ה שָׁ֠לַח סַנְחֵרִ֨יב מֶֽלֶךְ־אַשּׁ֤וּר עֲבָדָיו֙ יְר֣וּשָׁלַ֔יְמָה 
...
וְעֹוד֙ דִּבְּר֣וּ עֲבָדָ֔יו עַל־יְהוָ֖ה הָאֱלֹהִ֑ים וְעַ֖ל יְחִזְקִיָּ֥הוּ עַבְדֹּֽו׃ ",36,,,עֲבָדָ֔יו ,סַנְחֵרִ֨יב ,"('p3', 'm', 'sg')","('NA', 'm', 'sg')","9
אַ֣חַר זֶ֗ה שָׁ֠לַח סַנְחֵרִ֨יב מֶֽלֶךְ־אַשּׁ֤וּר עֲבָדָיו֙ יְר֣וּשָׁלַ֔יְמָה וְהוּא֙ עַל־לָכִ֔ישׁ וְכָל־מֶמְשַׁלְתֹּ֖ו עִמֹּ֑ו עַל־יְחִזְקִיָּ֨הוּ֙ מֶ֣לֶךְ יְהוּדָ֔ה וְעַל־כָּל־יְהוּדָ֛ה אֲשֶׁ֥ר בִּירוּשָׁלִַ֖ם לֵאמֹֽר׃ 
10
כֹּ֣ה אָמַ֔ר סַנְחֵרִ֖יב מֶ֣לֶךְ אַשּׁ֑וּר עַל־מָה֙ אַתֶּ֣ם בֹּטְחִ֔ים וְיֹשְׁבִ֥ים בְּמָצֹ֖ור בִּירוּשָׁלִָֽם׃ 
11
הֲלֹ֤א יְחִזְקִיָּ֨הוּ֙ מַסִּ֣ית אֶתְכֶ֔ם לָתֵ֣ת אֶתְכֶ֔ם לָמ֛וּת בְּרָעָ֥ב וּבְצָמָ֖א לֵאמֹ֑ר יְהוָ֣ה אֱלֹהֵ֔ינוּ יַצִּילֵ֕נוּ מִכַּ֖ף מֶ֥לֶךְ אַשּֽׁוּר׃ 
12
הֲלֹא־הוּא֙ יְחִזְקִיָּ֔הוּ הֵסִ֥יר אֶת־בָּמֹתָ֖יו וְאֶת־מִזְבְּחֹתָ֑יו וַיֹּ֨אמֶר לִֽיהוּדָ֤ה וְלִֽירוּשָׁלִַ֨ם֙ לֵאמֹ֔ר לִפְנֵ֨י מִזְבֵּ֧חַ אֶחָ֛ד תִּֽשְׁתַּחֲו֖וּ וְעָלָ֥יו תַּקְטִֽירוּ׃ 
13
הֲלֹ֣א תֵדְע֗וּ מֶ֤ה עָשִׂ֨יתִי֙ אֲנִ֣י וַאֲבֹותַ֔י לְכֹ֖ל עַמֵּ֣י הָאֲרָצֹ֑ות הֲיָכֹ֣ול יָֽכְל֗וּ אֱלֹהֵי֙ גֹּויֵ֣ הָאֲרָצֹ֔ות לְהַצִּ֥יל אֶת־אַרְצָ֖ם מִיָּדִֽי׃ 
14
מִ֠י בְּֽכָל־אֱלֹהֵ֞י הַגֹּויִ֤ם הָאֵ֨לֶּה֙ אֲשֶׁ֣ר הֶחֱרִ֣ימוּ אֲבֹותַ֔י אֲשֶׁ֣ר יָכֹ֔ול לְהַצִּ֥יל אֶת־עַמֹּ֖ו מִיָּדִ֑י כִּ֤י יוּכַל֙ אֱלֹ֣הֵיכֶ֔ם לְהַצִּ֥יל אֶתְכֶ֖ם מִיָּדִֽי׃ 
15
וְעַתָּ֡ה אַל־יַשִּׁיא֩ אֶתְכֶ֨ם חִזְקִיָּ֜הוּ וְאַל־יַסִּ֨ית אֶתְכֶ֣ם כָּזֹאת֮ וְאַל־תַּאֲמִ֣ינוּ לֹו֒ כִּי־לֹ֣א יוּכַ֗ל כָּל־אֱלֹ֨והַ֙ כָּל־גֹּ֣וי וּמַמְלָכָ֔ה לְהַצִּ֥יל עַמֹּ֛ו מִיָּדִ֖י וּמִיַּ֣ד אֲבֹותָ֑י אַ֚ף כִּ֣י אֱֽלֹהֵיכֶ֔ם לֹא־יַצִּ֥ילוּ אֶתְכֶ֖ם מִיָּדִֽי׃ 
16
וְעֹוד֙ דִּבְּר֣וּ עֲבָדָ֔יו עַל־יְהוָ֖ה הָאֱלֹהִ֑ים וְעַ֖ל יְחִזְקִיָּ֥הוּ עַבְדֹּֽו׃ ",WxQX,xQtX,604624,604588
2_Chronicles 33:24-20,"וַיִּמְלֹ֛ךְ אָמֹ֥ון בְּנֹ֖ו תַּחְתָּֽיו׃ פ 
...
וַיִּקְשְׁר֤וּ עָלָיו֙ עֲבָדָ֔יו ",14,,,עֲבָדָ֔יו ,אָמֹ֥ון ,"('p3', 'm', 'sg')","('NA', 'm', 'sg')","20
וַיִּשְׁכַּ֤ב מְנַשֶּׁה֙ עִם־אֲבֹתָ֔יו וַֽיִּקְבְּרֻ֖הוּ בֵּיתֹ֑ו וַיִּמְלֹ֛ךְ אָמֹ֥ון בְּנֹ֖ו תַּחְתָּֽיו׃ פ 
21
בֶּן־עֶשְׂרִ֧ים וּשְׁתַּ֛יִם שָׁנָ֖ה אָמֹ֣ון בְּמָלְכֹ֑ו וּשְׁתַּ֣יִם שָׁנִ֔ים מָלַ֖ךְ בִּֽירוּשָׁלִָֽם׃ 
22
וַיַּ֤עַשׂ הָרַע֙ בְּעֵינֵ֣י יְהוָ֔ה כַּאֲשֶׁ֥ר עָשָׂ֖ה מְנַשֶּׁ֣ה אָבִ֑יו וּֽלְכָל־הַפְּסִילִ֗ים אֲשֶׁ֤ר עָשָׂה֙ מְנַשֶּׁ֣ה אָבִ֔יו זִבַּ֥ח אָמֹ֖ון וַיַּֽעַבְדֵֽם׃ 
23
וְלֹ֤א נִכְנַע֙ מִלִּפְנֵ֣י יְהוָ֔ה כְּהִכָּנַ֖ע מְנַשֶּׁ֣ה אָבִ֑יו כִּ֛י ה֥וּא אָמֹ֖ון הִרְבָּ֥ה אַשְׁמָֽה׃ 
24
וַיִּקְשְׁר֤וּ עָלָיו֙ עֲבָדָ֔יו וַיְמִיתֻ֖הוּ בְּבֵיתֹֽו׃ ",WayX,WayX,604788,604774
2_Chronicles 35:8-7,"וַיָּ֣רֶם יֹאשִׁיָּ֣הוּ לִבְנֵ֪י הָעָ֟ם צֹ֞אן כְּבָשִׂ֣ים וּבְנֵֽי־עִזִּים֮ 
...
וְשָׂרָ֞יו לִנְדָבָ֥ה לָעָ֛ם לַכֹּהֲנִ֥ים וְלַלְוִיִּ֖ם הֵרִ֑ימוּ ",6,,,שָׂרָ֞יו ,יֹאשִׁיָּ֣הוּ ,"('p3', 'm', 'sg')","('NA', 'm', 'sg')","7
וַיָּ֣רֶם יֹאשִׁיָּ֣הוּ לִבְנֵ֪י הָעָ֟ם צֹ֞אן כְּבָשִׂ֣ים וּבְנֵֽי־עִזִּים֮ הַכֹּ֣ל לַפְּסָחִים֒ לְכָל־הַנִּמְצָ֗א לְמִסְפַּר֙ שְׁלֹשִׁ֣ים אֶ֔לֶף וּבָקָ֖ר שְׁלֹ֣שֶׁת אֲלָפִ֑ים אֵ֖לֶּה מֵרְכ֥וּשׁ הַמֶּֽלֶךְ׃ ס 
8
וְשָׂרָ֞יו לִנְדָבָ֥ה לָעָ֛ם לַכֹּהֲנִ֥ים וְלַלְוִיִּ֖ם הֵרִ֑ימוּ חִלְקִיָּ֨ה וּזְכַרְיָ֜הוּ וִֽיחִיאֵ֗ל נְגִידֵי֙ בֵּ֣ית הָאֱלֹהִ֔ים לַכֹּהֲנִ֞ים נָתְנ֣וּ לַפְּסָחִ֗ים אַלְפַּ֨יִם֙ וְשֵׁ֣שׁ מֵאֹ֔ות וּבָקָ֖ר שְׁלֹ֥שׁ מֵאֹֽות׃ ",WXQt,WayX,604973,604967
2_Chronicles 35:24-23,"וַיֹּ֨אמֶר הַמֶּ֤לֶךְ לַעֲבָדָיו֙ 
...
וַיַּֽעֲבִירֻ֨הוּ עֲבָדָ֜יו מִן־הַמֶּרְכָּבָ֗ה ",3,,,עֲבָדָ֜יו ,מֶּ֤לֶךְ ,"('p3', 'm', 'sg')","('NA', 'm', 'sg')","23
וַיֹּרוּ֙ הַיֹּרִ֔ים לַמֶּ֖לֶךְ יֹאשִׁיָּ֑הוּ וַיֹּ֨אמֶר הַמֶּ֤לֶךְ לַעֲבָדָיו֙ הַעֲבִיר֔וּנִי כִּ֥י הָחֳלֵ֖יתִי מְאֹֽד׃ 
24
וַיַּֽעֲבִירֻ֨הוּ עֲבָדָ֜יו מִן־הַמֶּרְכָּבָ֗ה וַֽיַּרְכִּיבֻהוּ֮ עַ֣ל רֶ֣כֶב הַמִּשְׁנֶה֮ אֲשֶׁר־לֹו֒ וַיֹּולִיכֻ֨הוּ֙ יְר֣וּשָׁלִַ֔ם וַיָּ֕מָת וַיִּקָּבֵ֖ר בְּקִבְרֹ֣ות אֲבֹתָ֑יו וְכָל־יְהוּדָה֙ וִיר֣וּשָׁלִַ֔ם מִֽתְאַבְּלִ֖ים עַל־יֹאשִׁיָּֽהוּ׃ פ ",WayX,WayX,605042,605039
